-- MySQL dump 10.13  Distrib 8.0.33, for macos13.3 (arm64)
--
-- Host: localhost    Database: miranda
-- ------------------------------------------------------
-- Server version	8.0.33

/*!40101 SET @OLD_CHARACTER_SET_CLIENT=@@CHARACTER_SET_CLIENT */;
/*!40101 SET @OLD_CHARACTER_SET_RESULTS=@@CHARACTER_SET_RESULTS */;
/*!40101 SET @OLD_COLLATION_CONNECTION=@@COLLATION_CONNECTION */;
/*!50503 SET NAMES utf8mb4 */;
/*!40103 SET @OLD_TIME_ZONE=@@TIME_ZONE */;
/*!40103 SET TIME_ZONE='+00:00' */;
/*!40014 SET @OLD_UNIQUE_CHECKS=@@UNIQUE_CHECKS, UNIQUE_CHECKS=0 */;
/*!40014 SET @OLD_FOREIGN_KEY_CHECKS=@@FOREIGN_KEY_CHECKS, FOREIGN_KEY_CHECKS=0 */;
/*!40101 SET @OLD_SQL_MODE=@@SQL_MODE, SQL_MODE='NO_AUTO_VALUE_ON_ZERO' */;
/*!40111 SET @OLD_SQL_NOTES=@@SQL_NOTES, SQL_NOTES=0 */;

--
-- Table structure for table `activations`
--

DROP TABLE IF EXISTS `activations`;
/*!40101 SET @saved_cs_client     = @@character_set_client */;
/*!50503 SET character_set_client = utf8mb4 */;
CREATE TABLE `activations` (
  `id` bigint unsigned NOT NULL AUTO_INCREMENT,
  `user_id` bigint unsigned NOT NULL,
  `code` varchar(120) COLLATE utf8mb4_unicode_ci NOT NULL,
  `completed` tinyint(1) NOT NULL DEFAULT '0',
  `completed_at` timestamp NULL DEFAULT NULL,
  `created_at` timestamp NULL DEFAULT NULL,
  `updated_at` timestamp NULL DEFAULT NULL,
  PRIMARY KEY (`id`),
  KEY `activations_user_id_index` (`user_id`)
) ENGINE=InnoDB AUTO_INCREMENT=3 DEFAULT CHARSET=utf8mb4 COLLATE=utf8mb4_unicode_ci;
/*!40101 SET character_set_client = @saved_cs_client */;

--
-- Dumping data for table `activations`
--

LOCK TABLES `activations` WRITE;
/*!40000 ALTER TABLE `activations` DISABLE KEYS */;
INSERT INTO `activations` VALUES (1,1,'R7yMwLpQydrqFHMRaTqbDFrA3Kuc88X3',1,'2023-06-02 01:09:14','2023-06-02 01:09:14','2023-06-02 01:09:14'),(2,2,'PWeqnbLmyrmRFtTpq8hiFXD5wSwStjTc',1,'2023-06-02 01:09:14','2023-06-02 01:09:14','2023-06-02 01:09:14');
/*!40000 ALTER TABLE `activations` ENABLE KEYS */;
UNLOCK TABLES;

--
-- Table structure for table `admin_notifications`
--

DROP TABLE IF EXISTS `admin_notifications`;
/*!40101 SET @saved_cs_client     = @@character_set_client */;
/*!50503 SET character_set_client = utf8mb4 */;
CREATE TABLE `admin_notifications` (
  `id` bigint unsigned NOT NULL AUTO_INCREMENT,
  `title` varchar(191) COLLATE utf8mb4_unicode_ci NOT NULL,
  `action_label` varchar(191) COLLATE utf8mb4_unicode_ci DEFAULT NULL,
  `action_url` varchar(191) COLLATE utf8mb4_unicode_ci DEFAULT NULL,
  `description` varchar(400) COLLATE utf8mb4_unicode_ci NOT NULL,
  `read_at` timestamp NULL DEFAULT NULL,
  `created_at` timestamp NULL DEFAULT NULL,
  `updated_at` timestamp NULL DEFAULT NULL,
  `permission` varchar(191) COLLATE utf8mb4_unicode_ci DEFAULT NULL,
  PRIMARY KEY (`id`)
) ENGINE=InnoDB DEFAULT CHARSET=utf8mb4 COLLATE=utf8mb4_unicode_ci;
/*!40101 SET character_set_client = @saved_cs_client */;

--
-- Dumping data for table `admin_notifications`
--

LOCK TABLES `admin_notifications` WRITE;
/*!40000 ALTER TABLE `admin_notifications` DISABLE KEYS */;
/*!40000 ALTER TABLE `admin_notifications` ENABLE KEYS */;
UNLOCK TABLES;

--
-- Table structure for table `audit_histories`
--

DROP TABLE IF EXISTS `audit_histories`;
/*!40101 SET @saved_cs_client     = @@character_set_client */;
/*!50503 SET character_set_client = utf8mb4 */;
CREATE TABLE `audit_histories` (
  `id` bigint unsigned NOT NULL AUTO_INCREMENT,
  `user_id` bigint unsigned NOT NULL,
  `module` varchar(60) COLLATE utf8mb4_unicode_ci NOT NULL,
  `request` text COLLATE utf8mb4_unicode_ci,
  `action` varchar(120) COLLATE utf8mb4_unicode_ci NOT NULL,
  `user_agent` text COLLATE utf8mb4_unicode_ci,
  `ip_address` varchar(39) COLLATE utf8mb4_unicode_ci DEFAULT NULL,
  `reference_user` bigint unsigned NOT NULL,
  `reference_id` bigint unsigned NOT NULL,
  `reference_name` varchar(255) COLLATE utf8mb4_unicode_ci NOT NULL,
  `type` varchar(20) COLLATE utf8mb4_unicode_ci NOT NULL,
  `created_at` timestamp NULL DEFAULT NULL,
  `updated_at` timestamp NULL DEFAULT NULL,
  PRIMARY KEY (`id`),
  KEY `audit_histories_user_id_index` (`user_id`),
  KEY `audit_histories_module_index` (`module`)
) ENGINE=InnoDB DEFAULT CHARSET=utf8mb4 COLLATE=utf8mb4_unicode_ci;
/*!40101 SET character_set_client = @saved_cs_client */;

--
-- Dumping data for table `audit_histories`
--

LOCK TABLES `audit_histories` WRITE;
/*!40000 ALTER TABLE `audit_histories` DISABLE KEYS */;
/*!40000 ALTER TABLE `audit_histories` ENABLE KEYS */;
UNLOCK TABLES;

--
-- Table structure for table `categories`
--

DROP TABLE IF EXISTS `categories`;
/*!40101 SET @saved_cs_client     = @@character_set_client */;
/*!50503 SET character_set_client = utf8mb4 */;
CREATE TABLE `categories` (
  `id` bigint unsigned NOT NULL AUTO_INCREMENT,
  `name` varchar(120) COLLATE utf8mb4_unicode_ci NOT NULL,
  `parent_id` bigint unsigned NOT NULL DEFAULT '0',
  `description` varchar(400) COLLATE utf8mb4_unicode_ci DEFAULT NULL,
  `status` varchar(60) COLLATE utf8mb4_unicode_ci NOT NULL DEFAULT 'published',
  `author_id` bigint unsigned NOT NULL,
  `author_type` varchar(255) CHARACTER SET utf8mb4 COLLATE utf8mb4_unicode_ci NOT NULL DEFAULT 'Botble\\ACL\\Models\\User',
  `icon` varchar(60) COLLATE utf8mb4_unicode_ci DEFAULT NULL,
  `order` tinyint NOT NULL DEFAULT '0',
  `is_featured` tinyint NOT NULL DEFAULT '0',
  `is_default` tinyint unsigned NOT NULL DEFAULT '0',
  `created_at` timestamp NULL DEFAULT NULL,
  `updated_at` timestamp NULL DEFAULT NULL,
  PRIMARY KEY (`id`),
  KEY `parent_id` (`parent_id`),
  KEY `status` (`status`),
  KEY `created_at` (`created_at`)
) ENGINE=InnoDB AUTO_INCREMENT=6 DEFAULT CHARSET=utf8mb4 COLLATE=utf8mb4_unicode_ci;
/*!40101 SET character_set_client = @saved_cs_client */;

--
-- Dumping data for table `categories`
--

LOCK TABLES `categories` WRITE;
/*!40000 ALTER TABLE `categories` DISABLE KEYS */;
INSERT INTO `categories` VALUES (1,'General',0,'Fugiat est qui est molestiae sunt. Rerum veritatis eos aliquam excepturi velit. Aliquid omnis reiciendis deserunt voluptate ut cum est.','published',1,'Botble\\ACL\\Models\\User',NULL,0,0,1,'2023-06-02 01:09:08','2023-06-02 01:09:08'),(2,'Hotel',0,'Molestias aut rerum amet aut. Est iusto sunt ut nemo laboriosam esse. Rem in beatae neque mollitia dolorem.','published',1,'Botble\\ACL\\Models\\User',NULL,0,1,0,'2023-06-02 01:09:08','2023-06-02 01:09:08'),(3,'Booking',0,'Rerum officiis sit quis quidem magni esse mollitia architecto. Distinctio modi accusamus eos animi. Odit aut error ea ut eum natus dolore. Dolorem labore ipsum veritatis nisi eos.','published',1,'Botble\\ACL\\Models\\User',NULL,0,1,0,'2023-06-02 01:09:08','2023-06-02 01:09:08'),(4,'Resort',0,'Voluptas similique dolores veritatis ut sapiente. Iusto a sapiente ut in quam aut. Accusantium voluptatum quisquam harum ea inventore aut. Consequatur qui debitis et.','published',1,'Botble\\ACL\\Models\\User',NULL,0,1,0,'2023-06-02 01:09:08','2023-06-02 01:09:08'),(5,'Travel',0,'Doloribus reiciendis et quam. Asperiores laborum quia sed qui praesentium recusandae nesciunt expedita. Est mollitia exercitationem nostrum ut numquam itaque qui magnam.','published',1,'Botble\\ACL\\Models\\User',NULL,0,1,0,'2023-06-02 01:09:08','2023-06-02 01:09:08');
/*!40000 ALTER TABLE `categories` ENABLE KEYS */;
UNLOCK TABLES;

--
-- Table structure for table `categories_translations`
--

DROP TABLE IF EXISTS `categories_translations`;
/*!40101 SET @saved_cs_client     = @@character_set_client */;
/*!50503 SET character_set_client = utf8mb4 */;
CREATE TABLE `categories_translations` (
  `lang_code` varchar(191) COLLATE utf8mb4_unicode_ci NOT NULL,
  `categories_id` bigint unsigned NOT NULL,
  `name` varchar(255) COLLATE utf8mb4_unicode_ci DEFAULT NULL,
  `description` varchar(400) COLLATE utf8mb4_unicode_ci DEFAULT NULL,
  PRIMARY KEY (`lang_code`,`categories_id`)
) ENGINE=InnoDB DEFAULT CHARSET=utf8mb4 COLLATE=utf8mb4_unicode_ci;
/*!40101 SET character_set_client = @saved_cs_client */;

--
-- Dumping data for table `categories_translations`
--

LOCK TABLES `categories_translations` WRITE;
/*!40000 ALTER TABLE `categories_translations` DISABLE KEYS */;
INSERT INTO `categories_translations` VALUES ('vi',1,'Chung',NULL),('vi',2,'Khách sạn',NULL),('vi',3,'Đặt phòng',NULL),('vi',4,'Khu nghỉ dưỡng',NULL),('vi',5,'Du lịch',NULL);
/*!40000 ALTER TABLE `categories_translations` ENABLE KEYS */;
UNLOCK TABLES;

--
-- Table structure for table `contact_replies`
--

DROP TABLE IF EXISTS `contact_replies`;
/*!40101 SET @saved_cs_client     = @@character_set_client */;
/*!50503 SET character_set_client = utf8mb4 */;
CREATE TABLE `contact_replies` (
  `id` bigint unsigned NOT NULL AUTO_INCREMENT,
  `message` longtext COLLATE utf8mb4_unicode_ci NOT NULL,
  `contact_id` bigint unsigned NOT NULL,
  `created_at` timestamp NULL DEFAULT NULL,
  `updated_at` timestamp NULL DEFAULT NULL,
  PRIMARY KEY (`id`)
) ENGINE=InnoDB DEFAULT CHARSET=utf8mb4 COLLATE=utf8mb4_unicode_ci;
/*!40101 SET character_set_client = @saved_cs_client */;

--
-- Dumping data for table `contact_replies`
--

LOCK TABLES `contact_replies` WRITE;
/*!40000 ALTER TABLE `contact_replies` DISABLE KEYS */;
/*!40000 ALTER TABLE `contact_replies` ENABLE KEYS */;
UNLOCK TABLES;

--
-- Table structure for table `contacts`
--

DROP TABLE IF EXISTS `contacts`;
/*!40101 SET @saved_cs_client     = @@character_set_client */;
/*!50503 SET character_set_client = utf8mb4 */;
CREATE TABLE `contacts` (
  `id` bigint unsigned NOT NULL AUTO_INCREMENT,
  `name` varchar(60) COLLATE utf8mb4_unicode_ci NOT NULL,
  `email` varchar(60) COLLATE utf8mb4_unicode_ci NOT NULL,
  `phone` varchar(60) COLLATE utf8mb4_unicode_ci DEFAULT NULL,
  `address` varchar(120) COLLATE utf8mb4_unicode_ci DEFAULT NULL,
  `subject` varchar(120) COLLATE utf8mb4_unicode_ci DEFAULT NULL,
  `content` longtext COLLATE utf8mb4_unicode_ci NOT NULL,
  `status` varchar(60) COLLATE utf8mb4_unicode_ci NOT NULL DEFAULT 'unread',
  `created_at` timestamp NULL DEFAULT NULL,
  `updated_at` timestamp NULL DEFAULT NULL,
  PRIMARY KEY (`id`)
) ENGINE=InnoDB DEFAULT CHARSET=utf8mb4 COLLATE=utf8mb4_unicode_ci;
/*!40101 SET character_set_client = @saved_cs_client */;

--
-- Dumping data for table `contacts`
--

LOCK TABLES `contacts` WRITE;
/*!40000 ALTER TABLE `contacts` DISABLE KEYS */;
/*!40000 ALTER TABLE `contacts` ENABLE KEYS */;
UNLOCK TABLES;

--
-- Table structure for table `dashboard_widget_settings`
--

DROP TABLE IF EXISTS `dashboard_widget_settings`;
/*!40101 SET @saved_cs_client     = @@character_set_client */;
/*!50503 SET character_set_client = utf8mb4 */;
CREATE TABLE `dashboard_widget_settings` (
  `id` bigint unsigned NOT NULL AUTO_INCREMENT,
  `settings` text COLLATE utf8mb4_unicode_ci,
  `user_id` bigint unsigned NOT NULL,
  `widget_id` bigint unsigned NOT NULL,
  `order` tinyint unsigned NOT NULL DEFAULT '0',
  `status` tinyint unsigned NOT NULL DEFAULT '1',
  `created_at` timestamp NULL DEFAULT NULL,
  `updated_at` timestamp NULL DEFAULT NULL,
  PRIMARY KEY (`id`),
  KEY `dashboard_widget_settings_user_id_index` (`user_id`),
  KEY `dashboard_widget_settings_widget_id_index` (`widget_id`)
) ENGINE=InnoDB DEFAULT CHARSET=utf8mb4 COLLATE=utf8mb4_unicode_ci;
/*!40101 SET character_set_client = @saved_cs_client */;

--
-- Dumping data for table `dashboard_widget_settings`
--

LOCK TABLES `dashboard_widget_settings` WRITE;
/*!40000 ALTER TABLE `dashboard_widget_settings` DISABLE KEYS */;
/*!40000 ALTER TABLE `dashboard_widget_settings` ENABLE KEYS */;
UNLOCK TABLES;

--
-- Table structure for table `dashboard_widgets`
--

DROP TABLE IF EXISTS `dashboard_widgets`;
/*!40101 SET @saved_cs_client     = @@character_set_client */;
/*!50503 SET character_set_client = utf8mb4 */;
CREATE TABLE `dashboard_widgets` (
  `id` bigint unsigned NOT NULL AUTO_INCREMENT,
  `name` varchar(120) COLLATE utf8mb4_unicode_ci NOT NULL,
  `created_at` timestamp NULL DEFAULT NULL,
  `updated_at` timestamp NULL DEFAULT NULL,
  PRIMARY KEY (`id`)
) ENGINE=InnoDB DEFAULT CHARSET=utf8mb4 COLLATE=utf8mb4_unicode_ci;
/*!40101 SET character_set_client = @saved_cs_client */;

--
-- Dumping data for table `dashboard_widgets`
--

LOCK TABLES `dashboard_widgets` WRITE;
/*!40000 ALTER TABLE `dashboard_widgets` DISABLE KEYS */;
/*!40000 ALTER TABLE `dashboard_widgets` ENABLE KEYS */;
UNLOCK TABLES;

--
-- Table structure for table `failed_jobs`
--

DROP TABLE IF EXISTS `failed_jobs`;
/*!40101 SET @saved_cs_client     = @@character_set_client */;
/*!50503 SET character_set_client = utf8mb4 */;
CREATE TABLE `failed_jobs` (
  `id` bigint unsigned NOT NULL AUTO_INCREMENT,
  `uuid` varchar(191) COLLATE utf8mb4_unicode_ci NOT NULL,
  `connection` text COLLATE utf8mb4_unicode_ci NOT NULL,
  `queue` text COLLATE utf8mb4_unicode_ci NOT NULL,
  `payload` longtext COLLATE utf8mb4_unicode_ci NOT NULL,
  `exception` longtext COLLATE utf8mb4_unicode_ci NOT NULL,
  `failed_at` timestamp NOT NULL DEFAULT CURRENT_TIMESTAMP,
  PRIMARY KEY (`id`),
  UNIQUE KEY `failed_jobs_uuid_unique` (`uuid`)
) ENGINE=InnoDB DEFAULT CHARSET=utf8mb4 COLLATE=utf8mb4_unicode_ci;
/*!40101 SET character_set_client = @saved_cs_client */;

--
-- Dumping data for table `failed_jobs`
--

LOCK TABLES `failed_jobs` WRITE;
/*!40000 ALTER TABLE `failed_jobs` DISABLE KEYS */;
/*!40000 ALTER TABLE `failed_jobs` ENABLE KEYS */;
UNLOCK TABLES;

--
-- Table structure for table `galleries`
--

DROP TABLE IF EXISTS `galleries`;
/*!40101 SET @saved_cs_client     = @@character_set_client */;
/*!50503 SET character_set_client = utf8mb4 */;
CREATE TABLE `galleries` (
  `id` bigint unsigned NOT NULL AUTO_INCREMENT,
  `name` varchar(120) COLLATE utf8mb4_unicode_ci NOT NULL,
  `description` longtext COLLATE utf8mb4_unicode_ci NOT NULL,
  `is_featured` tinyint unsigned NOT NULL DEFAULT '0',
  `order` tinyint unsigned NOT NULL DEFAULT '0',
  `image` varchar(255) COLLATE utf8mb4_unicode_ci DEFAULT NULL,
  `user_id` bigint unsigned NOT NULL,
  `status` varchar(60) COLLATE utf8mb4_unicode_ci NOT NULL DEFAULT 'published',
  `created_at` timestamp NULL DEFAULT NULL,
  `updated_at` timestamp NULL DEFAULT NULL,
  PRIMARY KEY (`id`),
  KEY `galleries_user_id_index` (`user_id`)
) ENGINE=InnoDB AUTO_INCREMENT=7 DEFAULT CHARSET=utf8mb4 COLLATE=utf8mb4_unicode_ci;
/*!40101 SET character_set_client = @saved_cs_client */;

--
-- Dumping data for table `galleries`
--

LOCK TABLES `galleries` WRITE;
/*!40000 ALTER TABLE `galleries` DISABLE KEYS */;
INSERT INTO `galleries` VALUES (1,'Duplex Restaurant','Et eum maiores quisquam at. Aliquam aliquam possimus animi perspiciatis maxime exercitationem.',1,0,'galleries/01.jpg',1,'published','2023-06-02 01:09:13','2023-06-02 01:09:13'),(2,'Luxury room','Minus et ea error neque error voluptate porro. Vero impedit quas consequuntur delectus. Officia aliquam et blanditiis quibusdam.',1,0,'galleries/02.jpg',1,'published','2023-06-02 01:09:13','2023-06-02 01:09:13'),(3,'Pacific Room','Et eum dolor vel laboriosam. Quaerat culpa omnis eum. Voluptatem inventore in omnis labore a reprehenderit.',1,0,'galleries/03.jpg',1,'published','2023-06-02 01:09:13','2023-06-02 01:09:13'),(4,'Family Room','Aut quia porro eos ab voluptate eos. Perspiciatis sed sit possimus at ea. Laudantium modi reprehenderit unde ea non.',1,0,'galleries/04.jpg',1,'published','2023-06-02 01:09:13','2023-06-02 01:09:13'),(5,'King Bed','Tempore cupiditate placeat asperiores autem exercitationem eius. Iusto et autem id sed ipsum eos. Est et ut velit delectus possimus molestias.',1,0,'galleries/05.jpg',1,'published','2023-06-02 01:09:13','2023-06-02 01:09:13'),(6,'Special Foods','Cupiditate qui aut eveniet adipisci. Ut quod rem qui natus eaque. Voluptatum non et nesciunt sed ad pariatur.',1,0,'galleries/06.jpg',1,'published','2023-06-02 01:09:13','2023-06-02 01:09:13');
/*!40000 ALTER TABLE `galleries` ENABLE KEYS */;
UNLOCK TABLES;

--
-- Table structure for table `galleries_translations`
--

DROP TABLE IF EXISTS `galleries_translations`;
/*!40101 SET @saved_cs_client     = @@character_set_client */;
/*!50503 SET character_set_client = utf8mb4 */;
CREATE TABLE `galleries_translations` (
  `lang_code` varchar(191) COLLATE utf8mb4_unicode_ci NOT NULL,
  `galleries_id` bigint unsigned NOT NULL,
  `name` varchar(255) COLLATE utf8mb4_unicode_ci DEFAULT NULL,
  `description` longtext COLLATE utf8mb4_unicode_ci,
  PRIMARY KEY (`lang_code`,`galleries_id`)
) ENGINE=InnoDB DEFAULT CHARSET=utf8mb4 COLLATE=utf8mb4_unicode_ci;
/*!40101 SET character_set_client = @saved_cs_client */;

--
-- Dumping data for table `galleries_translations`
--

LOCK TABLES `galleries_translations` WRITE;
/*!40000 ALTER TABLE `galleries_translations` DISABLE KEYS */;
INSERT INTO `galleries_translations` VALUES ('vi',1,'Nhà hàng Duplex',NULL),('vi',2,'Phòng sang trọng',NULL),('vi',3,'Phòng Pacific',NULL),('vi',4,'Phòng gia đình',NULL),('vi',5,'Giường lớn',NULL),('vi',6,'Ẩm thực đặc biệt',NULL);
/*!40000 ALTER TABLE `galleries_translations` ENABLE KEYS */;
UNLOCK TABLES;

--
-- Table structure for table `gallery_meta`
--

DROP TABLE IF EXISTS `gallery_meta`;
/*!40101 SET @saved_cs_client     = @@character_set_client */;
/*!50503 SET character_set_client = utf8mb4 */;
CREATE TABLE `gallery_meta` (
  `id` bigint unsigned NOT NULL AUTO_INCREMENT,
  `images` text COLLATE utf8mb4_unicode_ci,
  `reference_id` bigint unsigned NOT NULL,
  `reference_type` varchar(120) COLLATE utf8mb4_unicode_ci NOT NULL,
  `created_at` timestamp NULL DEFAULT NULL,
  `updated_at` timestamp NULL DEFAULT NULL,
  PRIMARY KEY (`id`),
  KEY `gallery_meta_reference_id_index` (`reference_id`)
) ENGINE=InnoDB AUTO_INCREMENT=7 DEFAULT CHARSET=utf8mb4 COLLATE=utf8mb4_unicode_ci;
/*!40101 SET character_set_client = @saved_cs_client */;

--
-- Dumping data for table `gallery_meta`
--

LOCK TABLES `gallery_meta` WRITE;
/*!40000 ALTER TABLE `gallery_meta` DISABLE KEYS */;
INSERT INTO `gallery_meta` VALUES (1,'\"[{\\\"img\\\":\\\"galleries\\\\\\/1.jpg\\\",\\\"description\\\":\\\"Ea natus eum et fugiat hic. Nemo accusamus repellendus ut quia cumque consequatur. Blanditiis quo autem praesentium velit.\\\"},{\\\"img\\\":\\\"galleries\\\\\\/2.jpg\\\",\\\"description\\\":\\\"Corrupti ex animi et quo sed modi et. Illo illum voluptatibus earum qui. Ut fugit voluptatem est vero praesentium assumenda voluptatem magnam.\\\"},{\\\"img\\\":\\\"galleries\\\\\\/3.jpg\\\",\\\"description\\\":\\\"Expedita quod et est. Ut dolor tenetur tempore rerum sit. Incidunt consequatur ut et inventore. Excepturi dolor laborum ratione excepturi.\\\"},{\\\"img\\\":\\\"galleries\\\\\\/4.jpg\\\",\\\"description\\\":\\\"Quidem quibusdam qui quibusdam et facilis possimus. Sit iusto cumque vitae. Consequatur libero error deleniti a non.\\\"},{\\\"img\\\":\\\"galleries\\\\\\/5.jpg\\\",\\\"description\\\":\\\"Aliquid accusamus omnis laboriosam. Aperiam quo voluptatem quasi perspiciatis cupiditate aperiam. Quia dolore placeat praesentium est.\\\"},{\\\"img\\\":\\\"galleries\\\\\\/6.jpg\\\",\\\"description\\\":\\\"Aspernatur sunt et unde veritatis voluptatibus numquam quia et. Et amet qui labore aut id. Quos consequatur quod vel nisi.\\\"},{\\\"img\\\":\\\"galleries\\\\\\/7.jpg\\\",\\\"description\\\":\\\"Quo sit soluta praesentium magnam debitis dolores. Mollitia aut cumque saepe officiis doloribus nemo veniam. Optio exercitationem quaerat quam.\\\"},{\\\"img\\\":\\\"galleries\\\\\\/8.jpg\\\",\\\"description\\\":\\\"Mollitia quis asperiores doloremque voluptate culpa. Deserunt alias recusandae sit. Quidem asperiores sunt odio blanditiis qui nulla minus.\\\"},{\\\"img\\\":\\\"galleries\\\\\\/9.jpg\\\",\\\"description\\\":\\\"Cum a consequatur a vel. Ea cum quis sint non.\\\"},{\\\"img\\\":\\\"galleries\\\\\\/10.jpg\\\",\\\"description\\\":\\\"Placeat quas blanditiis porro fugit non enim repudiandae. Vitae aut hic nulla nulla. Sequi rerum quia quia quam vitae quo.\\\"}]\"',1,'Botble\\Gallery\\Models\\Gallery','2023-06-02 01:09:13','2023-06-02 01:09:13'),(2,'\"[{\\\"img\\\":\\\"galleries\\\\\\/1.jpg\\\",\\\"description\\\":\\\"Ea natus eum et fugiat hic. Nemo accusamus repellendus ut quia cumque consequatur. Blanditiis quo autem praesentium velit.\\\"},{\\\"img\\\":\\\"galleries\\\\\\/2.jpg\\\",\\\"description\\\":\\\"Corrupti ex animi et quo sed modi et. Illo illum voluptatibus earum qui. Ut fugit voluptatem est vero praesentium assumenda voluptatem magnam.\\\"},{\\\"img\\\":\\\"galleries\\\\\\/3.jpg\\\",\\\"description\\\":\\\"Expedita quod et est. Ut dolor tenetur tempore rerum sit. Incidunt consequatur ut et inventore. Excepturi dolor laborum ratione excepturi.\\\"},{\\\"img\\\":\\\"galleries\\\\\\/4.jpg\\\",\\\"description\\\":\\\"Quidem quibusdam qui quibusdam et facilis possimus. Sit iusto cumque vitae. Consequatur libero error deleniti a non.\\\"},{\\\"img\\\":\\\"galleries\\\\\\/5.jpg\\\",\\\"description\\\":\\\"Aliquid accusamus omnis laboriosam. Aperiam quo voluptatem quasi perspiciatis cupiditate aperiam. Quia dolore placeat praesentium est.\\\"},{\\\"img\\\":\\\"galleries\\\\\\/6.jpg\\\",\\\"description\\\":\\\"Aspernatur sunt et unde veritatis voluptatibus numquam quia et. Et amet qui labore aut id. Quos consequatur quod vel nisi.\\\"},{\\\"img\\\":\\\"galleries\\\\\\/7.jpg\\\",\\\"description\\\":\\\"Quo sit soluta praesentium magnam debitis dolores. Mollitia aut cumque saepe officiis doloribus nemo veniam. Optio exercitationem quaerat quam.\\\"},{\\\"img\\\":\\\"galleries\\\\\\/8.jpg\\\",\\\"description\\\":\\\"Mollitia quis asperiores doloremque voluptate culpa. Deserunt alias recusandae sit. Quidem asperiores sunt odio blanditiis qui nulla minus.\\\"},{\\\"img\\\":\\\"galleries\\\\\\/9.jpg\\\",\\\"description\\\":\\\"Cum a consequatur a vel. Ea cum quis sint non.\\\"},{\\\"img\\\":\\\"galleries\\\\\\/10.jpg\\\",\\\"description\\\":\\\"Placeat quas blanditiis porro fugit non enim repudiandae. Vitae aut hic nulla nulla. Sequi rerum quia quia quam vitae quo.\\\"}]\"',2,'Botble\\Gallery\\Models\\Gallery','2023-06-02 01:09:13','2023-06-02 01:09:13'),(3,'\"[{\\\"img\\\":\\\"galleries\\\\\\/1.jpg\\\",\\\"description\\\":\\\"Ea natus eum et fugiat hic. Nemo accusamus repellendus ut quia cumque consequatur. Blanditiis quo autem praesentium velit.\\\"},{\\\"img\\\":\\\"galleries\\\\\\/2.jpg\\\",\\\"description\\\":\\\"Corrupti ex animi et quo sed modi et. Illo illum voluptatibus earum qui. Ut fugit voluptatem est vero praesentium assumenda voluptatem magnam.\\\"},{\\\"img\\\":\\\"galleries\\\\\\/3.jpg\\\",\\\"description\\\":\\\"Expedita quod et est. Ut dolor tenetur tempore rerum sit. Incidunt consequatur ut et inventore. Excepturi dolor laborum ratione excepturi.\\\"},{\\\"img\\\":\\\"galleries\\\\\\/4.jpg\\\",\\\"description\\\":\\\"Quidem quibusdam qui quibusdam et facilis possimus. Sit iusto cumque vitae. Consequatur libero error deleniti a non.\\\"},{\\\"img\\\":\\\"galleries\\\\\\/5.jpg\\\",\\\"description\\\":\\\"Aliquid accusamus omnis laboriosam. Aperiam quo voluptatem quasi perspiciatis cupiditate aperiam. Quia dolore placeat praesentium est.\\\"},{\\\"img\\\":\\\"galleries\\\\\\/6.jpg\\\",\\\"description\\\":\\\"Aspernatur sunt et unde veritatis voluptatibus numquam quia et. Et amet qui labore aut id. Quos consequatur quod vel nisi.\\\"},{\\\"img\\\":\\\"galleries\\\\\\/7.jpg\\\",\\\"description\\\":\\\"Quo sit soluta praesentium magnam debitis dolores. Mollitia aut cumque saepe officiis doloribus nemo veniam. Optio exercitationem quaerat quam.\\\"},{\\\"img\\\":\\\"galleries\\\\\\/8.jpg\\\",\\\"description\\\":\\\"Mollitia quis asperiores doloremque voluptate culpa. Deserunt alias recusandae sit. Quidem asperiores sunt odio blanditiis qui nulla minus.\\\"},{\\\"img\\\":\\\"galleries\\\\\\/9.jpg\\\",\\\"description\\\":\\\"Cum a consequatur a vel. Ea cum quis sint non.\\\"},{\\\"img\\\":\\\"galleries\\\\\\/10.jpg\\\",\\\"description\\\":\\\"Placeat quas blanditiis porro fugit non enim repudiandae. Vitae aut hic nulla nulla. Sequi rerum quia quia quam vitae quo.\\\"}]\"',3,'Botble\\Gallery\\Models\\Gallery','2023-06-02 01:09:13','2023-06-02 01:09:13'),(4,'\"[{\\\"img\\\":\\\"galleries\\\\\\/1.jpg\\\",\\\"description\\\":\\\"Ea natus eum et fugiat hic. Nemo accusamus repellendus ut quia cumque consequatur. Blanditiis quo autem praesentium velit.\\\"},{\\\"img\\\":\\\"galleries\\\\\\/2.jpg\\\",\\\"description\\\":\\\"Corrupti ex animi et quo sed modi et. Illo illum voluptatibus earum qui. Ut fugit voluptatem est vero praesentium assumenda voluptatem magnam.\\\"},{\\\"img\\\":\\\"galleries\\\\\\/3.jpg\\\",\\\"description\\\":\\\"Expedita quod et est. Ut dolor tenetur tempore rerum sit. Incidunt consequatur ut et inventore. Excepturi dolor laborum ratione excepturi.\\\"},{\\\"img\\\":\\\"galleries\\\\\\/4.jpg\\\",\\\"description\\\":\\\"Quidem quibusdam qui quibusdam et facilis possimus. Sit iusto cumque vitae. Consequatur libero error deleniti a non.\\\"},{\\\"img\\\":\\\"galleries\\\\\\/5.jpg\\\",\\\"description\\\":\\\"Aliquid accusamus omnis laboriosam. Aperiam quo voluptatem quasi perspiciatis cupiditate aperiam. Quia dolore placeat praesentium est.\\\"},{\\\"img\\\":\\\"galleries\\\\\\/6.jpg\\\",\\\"description\\\":\\\"Aspernatur sunt et unde veritatis voluptatibus numquam quia et. Et amet qui labore aut id. Quos consequatur quod vel nisi.\\\"},{\\\"img\\\":\\\"galleries\\\\\\/7.jpg\\\",\\\"description\\\":\\\"Quo sit soluta praesentium magnam debitis dolores. Mollitia aut cumque saepe officiis doloribus nemo veniam. Optio exercitationem quaerat quam.\\\"},{\\\"img\\\":\\\"galleries\\\\\\/8.jpg\\\",\\\"description\\\":\\\"Mollitia quis asperiores doloremque voluptate culpa. Deserunt alias recusandae sit. Quidem asperiores sunt odio blanditiis qui nulla minus.\\\"},{\\\"img\\\":\\\"galleries\\\\\\/9.jpg\\\",\\\"description\\\":\\\"Cum a consequatur a vel. Ea cum quis sint non.\\\"},{\\\"img\\\":\\\"galleries\\\\\\/10.jpg\\\",\\\"description\\\":\\\"Placeat quas blanditiis porro fugit non enim repudiandae. Vitae aut hic nulla nulla. Sequi rerum quia quia quam vitae quo.\\\"}]\"',4,'Botble\\Gallery\\Models\\Gallery','2023-06-02 01:09:13','2023-06-02 01:09:13'),(5,'\"[{\\\"img\\\":\\\"galleries\\\\\\/1.jpg\\\",\\\"description\\\":\\\"Ea natus eum et fugiat hic. Nemo accusamus repellendus ut quia cumque consequatur. Blanditiis quo autem praesentium velit.\\\"},{\\\"img\\\":\\\"galleries\\\\\\/2.jpg\\\",\\\"description\\\":\\\"Corrupti ex animi et quo sed modi et. Illo illum voluptatibus earum qui. Ut fugit voluptatem est vero praesentium assumenda voluptatem magnam.\\\"},{\\\"img\\\":\\\"galleries\\\\\\/3.jpg\\\",\\\"description\\\":\\\"Expedita quod et est. Ut dolor tenetur tempore rerum sit. Incidunt consequatur ut et inventore. Excepturi dolor laborum ratione excepturi.\\\"},{\\\"img\\\":\\\"galleries\\\\\\/4.jpg\\\",\\\"description\\\":\\\"Quidem quibusdam qui quibusdam et facilis possimus. Sit iusto cumque vitae. Consequatur libero error deleniti a non.\\\"},{\\\"img\\\":\\\"galleries\\\\\\/5.jpg\\\",\\\"description\\\":\\\"Aliquid accusamus omnis laboriosam. Aperiam quo voluptatem quasi perspiciatis cupiditate aperiam. Quia dolore placeat praesentium est.\\\"},{\\\"img\\\":\\\"galleries\\\\\\/6.jpg\\\",\\\"description\\\":\\\"Aspernatur sunt et unde veritatis voluptatibus numquam quia et. Et amet qui labore aut id. Quos consequatur quod vel nisi.\\\"},{\\\"img\\\":\\\"galleries\\\\\\/7.jpg\\\",\\\"description\\\":\\\"Quo sit soluta praesentium magnam debitis dolores. Mollitia aut cumque saepe officiis doloribus nemo veniam. Optio exercitationem quaerat quam.\\\"},{\\\"img\\\":\\\"galleries\\\\\\/8.jpg\\\",\\\"description\\\":\\\"Mollitia quis asperiores doloremque voluptate culpa. Deserunt alias recusandae sit. Quidem asperiores sunt odio blanditiis qui nulla minus.\\\"},{\\\"img\\\":\\\"galleries\\\\\\/9.jpg\\\",\\\"description\\\":\\\"Cum a consequatur a vel. Ea cum quis sint non.\\\"},{\\\"img\\\":\\\"galleries\\\\\\/10.jpg\\\",\\\"description\\\":\\\"Placeat quas blanditiis porro fugit non enim repudiandae. Vitae aut hic nulla nulla. Sequi rerum quia quia quam vitae quo.\\\"}]\"',5,'Botble\\Gallery\\Models\\Gallery','2023-06-02 01:09:13','2023-06-02 01:09:13'),(6,'\"[{\\\"img\\\":\\\"galleries\\\\\\/1.jpg\\\",\\\"description\\\":\\\"Ea natus eum et fugiat hic. Nemo accusamus repellendus ut quia cumque consequatur. Blanditiis quo autem praesentium velit.\\\"},{\\\"img\\\":\\\"galleries\\\\\\/2.jpg\\\",\\\"description\\\":\\\"Corrupti ex animi et quo sed modi et. Illo illum voluptatibus earum qui. Ut fugit voluptatem est vero praesentium assumenda voluptatem magnam.\\\"},{\\\"img\\\":\\\"galleries\\\\\\/3.jpg\\\",\\\"description\\\":\\\"Expedita quod et est. Ut dolor tenetur tempore rerum sit. Incidunt consequatur ut et inventore. Excepturi dolor laborum ratione excepturi.\\\"},{\\\"img\\\":\\\"galleries\\\\\\/4.jpg\\\",\\\"description\\\":\\\"Quidem quibusdam qui quibusdam et facilis possimus. Sit iusto cumque vitae. Consequatur libero error deleniti a non.\\\"},{\\\"img\\\":\\\"galleries\\\\\\/5.jpg\\\",\\\"description\\\":\\\"Aliquid accusamus omnis laboriosam. Aperiam quo voluptatem quasi perspiciatis cupiditate aperiam. Quia dolore placeat praesentium est.\\\"},{\\\"img\\\":\\\"galleries\\\\\\/6.jpg\\\",\\\"description\\\":\\\"Aspernatur sunt et unde veritatis voluptatibus numquam quia et. Et amet qui labore aut id. Quos consequatur quod vel nisi.\\\"},{\\\"img\\\":\\\"galleries\\\\\\/7.jpg\\\",\\\"description\\\":\\\"Quo sit soluta praesentium magnam debitis dolores. Mollitia aut cumque saepe officiis doloribus nemo veniam. Optio exercitationem quaerat quam.\\\"},{\\\"img\\\":\\\"galleries\\\\\\/8.jpg\\\",\\\"description\\\":\\\"Mollitia quis asperiores doloremque voluptate culpa. Deserunt alias recusandae sit. Quidem asperiores sunt odio blanditiis qui nulla minus.\\\"},{\\\"img\\\":\\\"galleries\\\\\\/9.jpg\\\",\\\"description\\\":\\\"Cum a consequatur a vel. Ea cum quis sint non.\\\"},{\\\"img\\\":\\\"galleries\\\\\\/10.jpg\\\",\\\"description\\\":\\\"Placeat quas blanditiis porro fugit non enim repudiandae. Vitae aut hic nulla nulla. Sequi rerum quia quia quam vitae quo.\\\"}]\"',6,'Botble\\Gallery\\Models\\Gallery','2023-06-02 01:09:13','2023-06-02 01:09:13');
/*!40000 ALTER TABLE `gallery_meta` ENABLE KEYS */;
UNLOCK TABLES;

--
-- Table structure for table `gallery_meta_translations`
--

DROP TABLE IF EXISTS `gallery_meta_translations`;
/*!40101 SET @saved_cs_client     = @@character_set_client */;
/*!50503 SET character_set_client = utf8mb4 */;
CREATE TABLE `gallery_meta_translations` (
  `lang_code` varchar(191) COLLATE utf8mb4_unicode_ci NOT NULL,
  `gallery_meta_id` bigint unsigned NOT NULL,
  `images` text COLLATE utf8mb4_unicode_ci,
  PRIMARY KEY (`lang_code`,`gallery_meta_id`)
) ENGINE=InnoDB DEFAULT CHARSET=utf8mb4 COLLATE=utf8mb4_unicode_ci;
/*!40101 SET character_set_client = @saved_cs_client */;

--
-- Dumping data for table `gallery_meta_translations`
--

LOCK TABLES `gallery_meta_translations` WRITE;
/*!40000 ALTER TABLE `gallery_meta_translations` DISABLE KEYS */;
/*!40000 ALTER TABLE `gallery_meta_translations` ENABLE KEYS */;
UNLOCK TABLES;

--
-- Table structure for table `ht_amenities`
--

DROP TABLE IF EXISTS `ht_amenities`;
/*!40101 SET @saved_cs_client     = @@character_set_client */;
/*!50503 SET character_set_client = utf8mb4 */;
CREATE TABLE `ht_amenities` (
  `id` bigint unsigned NOT NULL AUTO_INCREMENT,
  `name` varchar(120) COLLATE utf8mb4_unicode_ci NOT NULL,
  `icon` varchar(120) COLLATE utf8mb4_unicode_ci DEFAULT NULL,
  `status` varchar(60) COLLATE utf8mb4_unicode_ci NOT NULL DEFAULT 'published',
  `created_at` timestamp NULL DEFAULT NULL,
  `updated_at` timestamp NULL DEFAULT NULL,
  PRIMARY KEY (`id`)
) ENGINE=InnoDB AUTO_INCREMENT=15 DEFAULT CHARSET=utf8mb4 COLLATE=utf8mb4_unicode_ci;
/*!40101 SET character_set_client = @saved_cs_client */;

--
-- Dumping data for table `ht_amenities`
--

LOCK TABLES `ht_amenities` WRITE;
/*!40000 ALTER TABLE `ht_amenities` DISABLE KEYS */;
INSERT INTO `ht_amenities` VALUES (1,'Air conditioner','fal fa-bath','published','2023-06-02 01:09:08','2023-06-02 01:09:08'),(2,'High speed WiFi','fal fa-wifi','published','2023-06-02 01:09:08','2023-06-02 01:09:08'),(3,'Strong Locker','fal fa-key','published','2023-06-02 01:09:08','2023-06-02 01:09:08'),(4,'Breakfast','fal fa-cut','published','2023-06-02 01:09:08','2023-06-02 01:09:08'),(5,'Kitchen','fal fa-guitar','published','2023-06-02 01:09:08','2023-06-02 01:09:08'),(6,'Smart Security','fal fa-lock','published','2023-06-02 01:09:08','2023-06-02 01:09:08'),(7,'Cleaning','fal fa-broom','published','2023-06-02 01:09:08','2023-06-02 01:09:08'),(8,'Shower','fal fa-shower','published','2023-06-02 01:09:08','2023-06-02 01:09:08'),(9,'24/7 Online Support','fal fa-headphones-alt','published','2023-06-02 01:09:08','2023-06-02 01:09:08'),(10,'Grocery','fal fa-shopping-basket','published','2023-06-02 01:09:08','2023-06-02 01:09:08'),(11,'Single bed','fal fa-bed','published','2023-06-02 01:09:08','2023-06-02 01:09:08'),(12,'Expert Team','fal fa-users','published','2023-06-02 01:09:08','2023-06-02 01:09:08'),(13,'Shop near','fal fa-shopping-cart','published','2023-06-02 01:09:08','2023-06-02 01:09:08'),(14,'Towels','fal fa-bus','published','2023-06-02 01:09:08','2023-06-02 01:09:08');
/*!40000 ALTER TABLE `ht_amenities` ENABLE KEYS */;
UNLOCK TABLES;

--
-- Table structure for table `ht_amenities_translations`
--

DROP TABLE IF EXISTS `ht_amenities_translations`;
/*!40101 SET @saved_cs_client     = @@character_set_client */;
/*!50503 SET character_set_client = utf8mb4 */;
CREATE TABLE `ht_amenities_translations` (
  `lang_code` varchar(191) COLLATE utf8mb4_unicode_ci NOT NULL,
  `ht_amenities_id` bigint unsigned NOT NULL,
  `name` varchar(191) COLLATE utf8mb4_unicode_ci DEFAULT NULL,
  `description` text COLLATE utf8mb4_unicode_ci,
  PRIMARY KEY (`lang_code`,`ht_amenities_id`)
) ENGINE=InnoDB DEFAULT CHARSET=utf8mb4 COLLATE=utf8mb4_unicode_ci;
/*!40101 SET character_set_client = @saved_cs_client */;

--
-- Dumping data for table `ht_amenities_translations`
--

LOCK TABLES `ht_amenities_translations` WRITE;
/*!40000 ALTER TABLE `ht_amenities_translations` DISABLE KEYS */;
INSERT INTO `ht_amenities_translations` VALUES ('vi',1,'Điều hòa',NULL),('vi',2,'WiFi tốc độ cao',NULL),('vi',3,'Khóa chống trộm',NULL),('vi',4,'Bữa sáng',NULL),('vi',5,'Nhà bếp',NULL),('vi',6,'Bảo vệ thông minh',NULL),('vi',7,'Dọn dẹp',NULL),('vi',8,'Xông hơi',NULL),('vi',9,'Hỗ trợ 24/7',NULL),('vi',10,'Mua sắm',NULL),('vi',11,'Giường đơn',NULL),('vi',12,'Đội ngũ chuyên nghiệp',NULL),('vi',13,'Gần cửa hàng tiện lợi',NULL),('vi',14,'Vòi hoa sen',NULL);
/*!40000 ALTER TABLE `ht_amenities_translations` ENABLE KEYS */;
UNLOCK TABLES;

--
-- Table structure for table `ht_booking_addresses`
--

DROP TABLE IF EXISTS `ht_booking_addresses`;
/*!40101 SET @saved_cs_client     = @@character_set_client */;
/*!50503 SET character_set_client = utf8mb4 */;
CREATE TABLE `ht_booking_addresses` (
  `id` bigint unsigned NOT NULL AUTO_INCREMENT,
  `first_name` varchar(60) COLLATE utf8mb4_unicode_ci NOT NULL,
  `last_name` varchar(60) COLLATE utf8mb4_unicode_ci NOT NULL,
  `phone` varchar(191) COLLATE utf8mb4_unicode_ci NOT NULL,
  `email` varchar(191) COLLATE utf8mb4_unicode_ci DEFAULT NULL,
  `country` varchar(120) COLLATE utf8mb4_unicode_ci DEFAULT NULL,
  `state` varchar(120) COLLATE utf8mb4_unicode_ci DEFAULT NULL,
  `city` varchar(120) COLLATE utf8mb4_unicode_ci DEFAULT NULL,
  `zip` varchar(10) COLLATE utf8mb4_unicode_ci DEFAULT NULL,
  `address` varchar(191) COLLATE utf8mb4_unicode_ci DEFAULT NULL,
  `booking_id` bigint unsigned NOT NULL,
  `created_at` timestamp NULL DEFAULT NULL,
  `updated_at` timestamp NULL DEFAULT NULL,
  PRIMARY KEY (`id`)
) ENGINE=InnoDB DEFAULT CHARSET=utf8mb4 COLLATE=utf8mb4_unicode_ci;
/*!40101 SET character_set_client = @saved_cs_client */;

--
-- Dumping data for table `ht_booking_addresses`
--

LOCK TABLES `ht_booking_addresses` WRITE;
/*!40000 ALTER TABLE `ht_booking_addresses` DISABLE KEYS */;
/*!40000 ALTER TABLE `ht_booking_addresses` ENABLE KEYS */;
UNLOCK TABLES;

--
-- Table structure for table `ht_booking_rooms`
--

DROP TABLE IF EXISTS `ht_booking_rooms`;
/*!40101 SET @saved_cs_client     = @@character_set_client */;
/*!50503 SET character_set_client = utf8mb4 */;
CREATE TABLE `ht_booking_rooms` (
  `id` bigint unsigned NOT NULL AUTO_INCREMENT,
  `booking_id` bigint unsigned NOT NULL,
  `room_id` bigint unsigned DEFAULT NULL,
  `price` decimal(15,2) NOT NULL,
  `currency_id` bigint unsigned DEFAULT NULL,
  `number_of_rooms` int NOT NULL DEFAULT '1',
  `start_date` date NOT NULL,
  `end_date` date DEFAULT NULL,
  `created_at` timestamp NULL DEFAULT NULL,
  `updated_at` timestamp NULL DEFAULT NULL,
  PRIMARY KEY (`id`)
) ENGINE=InnoDB DEFAULT CHARSET=utf8mb4 COLLATE=utf8mb4_unicode_ci;
/*!40101 SET character_set_client = @saved_cs_client */;

--
-- Dumping data for table `ht_booking_rooms`
--

LOCK TABLES `ht_booking_rooms` WRITE;
/*!40000 ALTER TABLE `ht_booking_rooms` DISABLE KEYS */;
/*!40000 ALTER TABLE `ht_booking_rooms` ENABLE KEYS */;
UNLOCK TABLES;

--
-- Table structure for table `ht_booking_services`
--

DROP TABLE IF EXISTS `ht_booking_services`;
/*!40101 SET @saved_cs_client     = @@character_set_client */;
/*!50503 SET character_set_client = utf8mb4 */;
CREATE TABLE `ht_booking_services` (
  `id` bigint unsigned NOT NULL AUTO_INCREMENT,
  `booking_id` bigint unsigned NOT NULL,
  `service_id` bigint unsigned NOT NULL,
  PRIMARY KEY (`id`)
) ENGINE=InnoDB DEFAULT CHARSET=utf8mb4 COLLATE=utf8mb4_unicode_ci;
/*!40101 SET character_set_client = @saved_cs_client */;

--
-- Dumping data for table `ht_booking_services`
--

LOCK TABLES `ht_booking_services` WRITE;
/*!40000 ALTER TABLE `ht_booking_services` DISABLE KEYS */;
/*!40000 ALTER TABLE `ht_booking_services` ENABLE KEYS */;
UNLOCK TABLES;

--
-- Table structure for table `ht_bookings`
--

DROP TABLE IF EXISTS `ht_bookings`;
/*!40101 SET @saved_cs_client     = @@character_set_client */;
/*!50503 SET character_set_client = utf8mb4 */;
CREATE TABLE `ht_bookings` (
  `id` bigint unsigned NOT NULL AUTO_INCREMENT,
  `amount` decimal(15,2) NOT NULL,
  `tax_amount` decimal(15,2) NOT NULL,
  `currency_id` bigint unsigned DEFAULT NULL,
  `requests` text COLLATE utf8mb4_unicode_ci,
  `arrival_time` varchar(120) COLLATE utf8mb4_unicode_ci DEFAULT NULL,
  `number_of_guests` int DEFAULT NULL,
  `payment_id` bigint unsigned DEFAULT NULL,
  `customer_id` bigint unsigned DEFAULT NULL,
  `transaction_id` varchar(32) COLLATE utf8mb4_unicode_ci DEFAULT NULL,
  `status` varchar(120) COLLATE utf8mb4_unicode_ci NOT NULL DEFAULT 'pending',
  `created_at` timestamp NULL DEFAULT NULL,
  `updated_at` timestamp NULL DEFAULT NULL,
  PRIMARY KEY (`id`)
) ENGINE=InnoDB DEFAULT CHARSET=utf8mb4 COLLATE=utf8mb4_unicode_ci;
/*!40101 SET character_set_client = @saved_cs_client */;

--
-- Dumping data for table `ht_bookings`
--

LOCK TABLES `ht_bookings` WRITE;
/*!40000 ALTER TABLE `ht_bookings` DISABLE KEYS */;
/*!40000 ALTER TABLE `ht_bookings` ENABLE KEYS */;
UNLOCK TABLES;

--
-- Table structure for table `ht_currencies`
--

DROP TABLE IF EXISTS `ht_currencies`;
/*!40101 SET @saved_cs_client     = @@character_set_client */;
/*!50503 SET character_set_client = utf8mb4 */;
CREATE TABLE `ht_currencies` (
  `id` bigint unsigned NOT NULL AUTO_INCREMENT,
  `title` varchar(60) COLLATE utf8mb4_unicode_ci NOT NULL,
  `symbol` varchar(10) COLLATE utf8mb4_unicode_ci NOT NULL,
  `is_prefix_symbol` tinyint unsigned NOT NULL DEFAULT '0',
  `decimals` tinyint unsigned NOT NULL DEFAULT '0',
  `order` int unsigned NOT NULL DEFAULT '0',
  `is_default` tinyint NOT NULL DEFAULT '0',
  `exchange_rate` double NOT NULL DEFAULT '1',
  `created_at` timestamp NULL DEFAULT NULL,
  `updated_at` timestamp NULL DEFAULT NULL,
  PRIMARY KEY (`id`)
) ENGINE=InnoDB AUTO_INCREMENT=4 DEFAULT CHARSET=utf8mb4 COLLATE=utf8mb4_unicode_ci;
/*!40101 SET character_set_client = @saved_cs_client */;

--
-- Dumping data for table `ht_currencies`
--

LOCK TABLES `ht_currencies` WRITE;
/*!40000 ALTER TABLE `ht_currencies` DISABLE KEYS */;
INSERT INTO `ht_currencies` VALUES (1,'USD','$',1,0,0,1,1,'2023-06-02 01:09:08','2023-06-02 01:09:08'),(2,'EUR','€',0,0,1,0,0.84,'2023-06-02 01:09:08','2023-06-02 01:09:08'),(3,'VND','₫',0,0,2,0,23203,'2023-06-02 01:09:08','2023-06-02 01:09:08');
/*!40000 ALTER TABLE `ht_currencies` ENABLE KEYS */;
UNLOCK TABLES;

--
-- Table structure for table `ht_customers`
--

DROP TABLE IF EXISTS `ht_customers`;
/*!40101 SET @saved_cs_client     = @@character_set_client */;
/*!50503 SET character_set_client = utf8mb4 */;
CREATE TABLE `ht_customers` (
  `id` bigint unsigned NOT NULL AUTO_INCREMENT,
  `first_name` varchar(60) COLLATE utf8mb4_unicode_ci NOT NULL,
  `last_name` varchar(60) COLLATE utf8mb4_unicode_ci NOT NULL,
  `email` varchar(191) COLLATE utf8mb4_unicode_ci NOT NULL,
  `avatar` varchar(255) COLLATE utf8mb4_unicode_ci DEFAULT NULL,
  `dob` date DEFAULT NULL,
  `phone` varchar(25) COLLATE utf8mb4_unicode_ci DEFAULT NULL,
  `created_at` timestamp NULL DEFAULT NULL,
  `updated_at` timestamp NULL DEFAULT NULL,
  PRIMARY KEY (`id`),
  UNIQUE KEY `ht_customers_email_unique` (`email`)
) ENGINE=InnoDB DEFAULT CHARSET=utf8mb4 COLLATE=utf8mb4_unicode_ci;
/*!40101 SET character_set_client = @saved_cs_client */;

--
-- Dumping data for table `ht_customers`
--

LOCK TABLES `ht_customers` WRITE;
/*!40000 ALTER TABLE `ht_customers` DISABLE KEYS */;
/*!40000 ALTER TABLE `ht_customers` ENABLE KEYS */;
UNLOCK TABLES;

--
-- Table structure for table `ht_features`
--

DROP TABLE IF EXISTS `ht_features`;
/*!40101 SET @saved_cs_client     = @@character_set_client */;
/*!50503 SET character_set_client = utf8mb4 */;
CREATE TABLE `ht_features` (
  `id` bigint unsigned NOT NULL AUTO_INCREMENT,
  `name` varchar(120) COLLATE utf8mb4_unicode_ci NOT NULL,
  `description` text COLLATE utf8mb4_unicode_ci,
  `icon` varchar(120) COLLATE utf8mb4_unicode_ci DEFAULT NULL,
  `is_featured` tinyint(1) NOT NULL DEFAULT '0',
  `status` varchar(60) COLLATE utf8mb4_unicode_ci NOT NULL DEFAULT 'published',
  `created_at` timestamp NULL DEFAULT NULL,
  `updated_at` timestamp NULL DEFAULT NULL,
  PRIMARY KEY (`id`)
) ENGINE=InnoDB AUTO_INCREMENT=7 DEFAULT CHARSET=utf8mb4 COLLATE=utf8mb4_unicode_ci;
/*!40101 SET character_set_client = @saved_cs_client */;

--
-- Dumping data for table `ht_features`
--

LOCK TABLES `ht_features` WRITE;
/*!40000 ALTER TABLE `ht_features` DISABLE KEYS */;
INSERT INTO `ht_features` VALUES (1,'Have High Rating','Lorem ipsum dolor sit amet, consectetur adipisicing elit, sed do eiusmod tempor incididunt ut labore et dolore magna aliqua. Ut enim ad minim veniam, quis nostrud exercitation ullamco laboris nisi ut aliquip ex ea commodo consequat.','flaticon-rating',1,'published','2023-06-02 01:09:10','2023-06-02 01:09:10'),(2,'Quiet Hours','Lorem ipsum dolor sit amet, consectetur adipisicing elit, sed do eiusmod tempor incididunt ut labore et dolore magna aliqua. Ut enim ad minim veniam, quis nostrud exercitation ullamco laboris nisi ut aliquip ex ea commodo consequat.','flaticon-clock',1,'published','2023-06-02 01:09:10','2023-06-02 01:09:10'),(3,'Best Locations','Lorem ipsum dolor sit amet, consectetur adipisicing elit, sed do eiusmod tempor incididunt ut labore et dolore magna aliqua. Ut enim ad minim veniam, quis nostrud exercitation ullamco laboris nisi ut aliquip ex ea commodo consequat.','flaticon-location-pin',1,'published','2023-06-02 01:09:10','2023-06-02 01:09:10'),(4,'Free Cancellation','Lorem ipsum dolor sit amet, consectetur adipisicing elit, sed do eiusmod tempor incididunt ut labore et dolore magna aliqua. Ut enim ad minim veniam, quis nostrud exercitation ullamco laboris nisi ut aliquip ex ea commodo consequat.','flaticon-clock-1',0,'published','2023-06-02 01:09:10','2023-06-02 01:09:10'),(5,'Payment Options','Lorem ipsum dolor sit amet, consectetur adipisicing elit, sed do eiusmod tempor incididunt ut labore et dolore magna aliqua. Ut enim ad minim veniam, quis nostrud exercitation ullamco laboris nisi ut aliquip ex ea commodo consequat.','flaticon-credit-card',0,'published','2023-06-02 01:09:10','2023-06-02 01:09:10'),(6,'Special Offers','Lorem ipsum dolor sit amet, consectetur adipisicing elit, sed do eiusmod tempor incididunt ut labore et dolore magna aliqua. Ut enim ad minim veniam, quis nostrud exercitation ullamco laboris nisi ut aliquip ex ea commodo consequat.','flaticon-discount',0,'published','2023-06-02 01:09:10','2023-06-02 01:09:10');
/*!40000 ALTER TABLE `ht_features` ENABLE KEYS */;
UNLOCK TABLES;

--
-- Table structure for table `ht_features_translations`
--

DROP TABLE IF EXISTS `ht_features_translations`;
/*!40101 SET @saved_cs_client     = @@character_set_client */;
/*!50503 SET character_set_client = utf8mb4 */;
CREATE TABLE `ht_features_translations` (
  `lang_code` varchar(191) COLLATE utf8mb4_unicode_ci NOT NULL,
  `ht_features_id` bigint unsigned NOT NULL,
  `name` varchar(191) COLLATE utf8mb4_unicode_ci DEFAULT NULL,
  `description` text COLLATE utf8mb4_unicode_ci,
  PRIMARY KEY (`lang_code`,`ht_features_id`)
) ENGINE=InnoDB DEFAULT CHARSET=utf8mb4 COLLATE=utf8mb4_unicode_ci;
/*!40101 SET character_set_client = @saved_cs_client */;

--
-- Dumping data for table `ht_features_translations`
--

LOCK TABLES `ht_features_translations` WRITE;
/*!40000 ALTER TABLE `ht_features_translations` DISABLE KEYS */;
INSERT INTO `ht_features_translations` VALUES ('vi',1,'Đánh giá cao',NULL),('vi',2,'Giờ giấc yên tĩnh',NULL),('vi',3,'Vị trí đẹp',NULL),('vi',4,'Miễn phí hủy đặt chỗ',NULL),('vi',5,'Nhiều tùy chọn thanh toán',NULL),('vi',6,'Khuyến mãi đặc biệt',NULL);
/*!40000 ALTER TABLE `ht_features_translations` ENABLE KEYS */;
UNLOCK TABLES;

--
-- Table structure for table `ht_food_types`
--

DROP TABLE IF EXISTS `ht_food_types`;
/*!40101 SET @saved_cs_client     = @@character_set_client */;
/*!50503 SET character_set_client = utf8mb4 */;
CREATE TABLE `ht_food_types` (
  `id` bigint unsigned NOT NULL AUTO_INCREMENT,
  `name` varchar(120) COLLATE utf8mb4_unicode_ci NOT NULL,
  `icon` varchar(120) COLLATE utf8mb4_unicode_ci DEFAULT NULL,
  `status` varchar(60) COLLATE utf8mb4_unicode_ci NOT NULL DEFAULT 'published',
  `created_at` timestamp NULL DEFAULT NULL,
  `updated_at` timestamp NULL DEFAULT NULL,
  PRIMARY KEY (`id`)
) ENGINE=InnoDB AUTO_INCREMENT=7 DEFAULT CHARSET=utf8mb4 COLLATE=utf8mb4_unicode_ci;
/*!40101 SET character_set_client = @saved_cs_client */;

--
-- Dumping data for table `ht_food_types`
--

LOCK TABLES `ht_food_types` WRITE;
/*!40000 ALTER TABLE `ht_food_types` DISABLE KEYS */;
INSERT INTO `ht_food_types` VALUES (1,'Chicken','flaticon-boiled','published','2023-06-02 01:09:09','2023-06-02 01:09:09'),(2,'Italian','flaticon-pizza','published','2023-06-02 01:09:09','2023-06-02 01:09:09'),(3,'Coffee','flaticon-coffee','published','2023-06-02 01:09:09','2023-06-02 01:09:09'),(4,'Bake Cake','flaticon-cake','published','2023-06-02 01:09:09','2023-06-02 01:09:09'),(5,'Cookies','flaticon-cookie','published','2023-06-02 01:09:09','2023-06-02 01:09:09'),(6,'Cocktail','flaticon-cocktail','published','2023-06-02 01:09:09','2023-06-02 01:09:09');
/*!40000 ALTER TABLE `ht_food_types` ENABLE KEYS */;
UNLOCK TABLES;

--
-- Table structure for table `ht_food_types_translations`
--

DROP TABLE IF EXISTS `ht_food_types_translations`;
/*!40101 SET @saved_cs_client     = @@character_set_client */;
/*!50503 SET character_set_client = utf8mb4 */;
CREATE TABLE `ht_food_types_translations` (
  `lang_code` varchar(191) COLLATE utf8mb4_unicode_ci NOT NULL,
  `ht_food_types_id` bigint unsigned NOT NULL,
  `name` varchar(191) COLLATE utf8mb4_unicode_ci DEFAULT NULL,
  PRIMARY KEY (`lang_code`,`ht_food_types_id`)
) ENGINE=InnoDB DEFAULT CHARSET=utf8mb4 COLLATE=utf8mb4_unicode_ci;
/*!40101 SET character_set_client = @saved_cs_client */;

--
-- Dumping data for table `ht_food_types_translations`
--

LOCK TABLES `ht_food_types_translations` WRITE;
/*!40000 ALTER TABLE `ht_food_types_translations` DISABLE KEYS */;
INSERT INTO `ht_food_types_translations` VALUES ('vi',1,'Gà rán'),('vi',2,'Món Ý'),('vi',3,'Cà Phê'),('vi',4,'Bánh Bake'),('vi',5,'Bánh Cookies'),('vi',6,'Cocktail');
/*!40000 ALTER TABLE `ht_food_types_translations` ENABLE KEYS */;
UNLOCK TABLES;

--
-- Table structure for table `ht_foods`
--

DROP TABLE IF EXISTS `ht_foods`;
/*!40101 SET @saved_cs_client     = @@character_set_client */;
/*!50503 SET character_set_client = utf8mb4 */;
CREATE TABLE `ht_foods` (
  `id` bigint unsigned NOT NULL AUTO_INCREMENT,
  `name` varchar(120) COLLATE utf8mb4_unicode_ci NOT NULL,
  `description` text COLLATE utf8mb4_unicode_ci,
  `price` decimal(15,0) unsigned DEFAULT NULL,
  `currency_id` bigint unsigned DEFAULT NULL,
  `food_type_id` bigint unsigned NOT NULL,
  `image` varchar(255) COLLATE utf8mb4_unicode_ci DEFAULT NULL,
  `status` varchar(60) COLLATE utf8mb4_unicode_ci NOT NULL DEFAULT 'published',
  `created_at` timestamp NULL DEFAULT NULL,
  `updated_at` timestamp NULL DEFAULT NULL,
  PRIMARY KEY (`id`)
) ENGINE=InnoDB AUTO_INCREMENT=11 DEFAULT CHARSET=utf8mb4 COLLATE=utf8mb4_unicode_ci;
/*!40101 SET character_set_client = @saved_cs_client */;

--
-- Dumping data for table `ht_foods`
--

LOCK TABLES `ht_foods` WRITE;
/*!40000 ALTER TABLE `ht_foods` DISABLE KEYS */;
INSERT INTO `ht_foods` VALUES (1,'Eggs &amp; Bacon','Lorem ipsum dolor sit amet, consectetur adipiscing elit. Integer vel molestie nisl. Duis ac mi leo.',129,NULL,1,'foods/01.jpg','published','2023-06-02 01:09:10','2023-06-02 01:09:10'),(2,'Tea or Coffee','Lorem ipsum dolor sit amet, consectetur adipiscing elit. Integer vel molestie nisl. Duis ac mi leo.',147,NULL,1,'foods/02.jpg','published','2023-06-02 01:09:10','2023-06-02 01:09:10'),(3,'Chia Oatmeal','Lorem ipsum dolor sit amet, consectetur adipiscing elit. Integer vel molestie nisl. Duis ac mi leo.',171,NULL,1,'foods/03.jpg','published','2023-06-02 01:09:10','2023-06-02 01:09:10'),(4,'Juice','Lorem ipsum dolor sit amet, consectetur adipiscing elit. Integer vel molestie nisl. Duis ac mi leo.',188,NULL,1,'foods/04.jpg','published','2023-06-02 01:09:10','2023-06-02 01:09:10'),(5,'Chia Oatmeal','Lorem ipsum dolor sit amet, consectetur adipiscing elit. Integer vel molestie nisl. Duis ac mi leo.',160,NULL,2,'foods/05.jpg','published','2023-06-02 01:09:10','2023-06-02 01:09:10'),(6,'Fruit Parfait','Lorem ipsum dolor sit amet, consectetur adipiscing elit. Integer vel molestie nisl. Duis ac mi leo.',128,NULL,2,'foods/06.jpg','published','2023-06-02 01:09:10','2023-06-02 01:09:10'),(7,'Marmalade Selection','Lorem ipsum dolor sit amet, consectetur adipiscing elit. Integer vel molestie nisl. Duis ac mi leo.',144,NULL,3,'foods/07.jpg','published','2023-06-02 01:09:10','2023-06-02 01:09:10'),(8,'Cheese Platen','Lorem ipsum dolor sit amet, consectetur adipiscing elit. Integer vel molestie nisl. Duis ac mi leo.',180,NULL,4,'foods/08.jpg','published','2023-06-02 01:09:10','2023-06-02 01:09:10'),(9,'Avocado Toast','Lorem ipsum dolor sit amet, consectetur adipiscing elit. Integer vel molestie nisl. Duis ac mi leo.',121,NULL,5,'foods/09.jpg','published','2023-06-02 01:09:10','2023-06-02 01:09:10'),(10,'Avocado Toast','Lorem ipsum dolor sit amet, consectetur adipiscing elit. Integer vel molestie nisl. Duis ac mi leo.',196,NULL,6,'foods/10.jpg','published','2023-06-02 01:09:10','2023-06-02 01:09:10');
/*!40000 ALTER TABLE `ht_foods` ENABLE KEYS */;
UNLOCK TABLES;

--
-- Table structure for table `ht_foods_translations`
--

DROP TABLE IF EXISTS `ht_foods_translations`;
/*!40101 SET @saved_cs_client     = @@character_set_client */;
/*!50503 SET character_set_client = utf8mb4 */;
CREATE TABLE `ht_foods_translations` (
  `lang_code` varchar(191) COLLATE utf8mb4_unicode_ci NOT NULL,
  `ht_foods_id` bigint unsigned NOT NULL,
  `name` varchar(191) COLLATE utf8mb4_unicode_ci DEFAULT NULL,
  `description` text COLLATE utf8mb4_unicode_ci,
  PRIMARY KEY (`lang_code`,`ht_foods_id`)
) ENGINE=InnoDB DEFAULT CHARSET=utf8mb4 COLLATE=utf8mb4_unicode_ci;
/*!40101 SET character_set_client = @saved_cs_client */;

--
-- Dumping data for table `ht_foods_translations`
--

LOCK TABLES `ht_foods_translations` WRITE;
/*!40000 ALTER TABLE `ht_foods_translations` DISABLE KEYS */;
INSERT INTO `ht_foods_translations` VALUES ('vi',1,'Eggs & Bacon',NULL),('vi',2,'Tea or Coffee',NULL),('vi',3,'Chia Oatmeal',NULL),('vi',4,'Juice',NULL),('vi',5,'Chia Oatmeal',NULL),('vi',6,'Fruit Parfait',NULL),('vi',7,'Marmalade Selection',NULL),('vi',8,'Cheese Platen',NULL),('vi',9,'Avocado Toast',NULL),('vi',10,'Avocado Toast',NULL);
/*!40000 ALTER TABLE `ht_foods_translations` ENABLE KEYS */;
UNLOCK TABLES;

--
-- Table structure for table `ht_places`
--

DROP TABLE IF EXISTS `ht_places`;
/*!40101 SET @saved_cs_client     = @@character_set_client */;
/*!50503 SET character_set_client = utf8mb4 */;
CREATE TABLE `ht_places` (
  `id` bigint unsigned NOT NULL AUTO_INCREMENT,
  `name` varchar(120) COLLATE utf8mb4_unicode_ci NOT NULL,
  `distance` varchar(255) COLLATE utf8mb4_unicode_ci DEFAULT NULL,
  `description` text COLLATE utf8mb4_unicode_ci,
  `content` longtext COLLATE utf8mb4_unicode_ci,
  `image` varchar(255) COLLATE utf8mb4_unicode_ci DEFAULT NULL,
  `status` varchar(60) COLLATE utf8mb4_unicode_ci NOT NULL DEFAULT 'published',
  `created_at` timestamp NULL DEFAULT NULL,
  `updated_at` timestamp NULL DEFAULT NULL,
  PRIMARY KEY (`id`)
) ENGINE=InnoDB AUTO_INCREMENT=7 DEFAULT CHARSET=utf8mb4 COLLATE=utf8mb4_unicode_ci;
/*!40101 SET character_set_client = @saved_cs_client */;

--
-- Dumping data for table `ht_places`
--

LOCK TABLES `ht_places` WRITE;
/*!40000 ALTER TABLE `ht_places` DISABLE KEYS */;
INSERT INTO `ht_places` VALUES (1,'Duplex Restaurant','1,500m | 21 min. Walk',NULL,'And beat him when he sneezes; For he can thoroughly enjoy The pepper when he sneezes: He only does it matter to me whether you\'re nervous or not.\' \'I\'m a poor man, your Majesty,\' said Two, in a natural way. \'I thought you did,\' said the Mouse. \'--I proceed. \"Edwin and Morcar, the earls of Mercia and Northumbria, declared for him: and even Stigand, the patriotic archbishop of Canterbury, found it made no mark; but he would not join the dance. \'\"What matters it how far we go?\" his scaly friend replied. \"There is another shore, you know, upon the other side will make you dry enough!\' They all made of solid glass; there was silence for some way, and the blades of grass, but she heard was a long breath, and said anxiously to herself, \'I wonder if I shall be late!\' (when she thought there was nothing on it (as she had hurt the poor child, \'for I can\'t be Mabel, for I know I do!\' said Alice indignantly. \'Let me alone!\' \'Serpent, I say again!\' repeated the Pigeon, but in a VERY turn-up nose.','places/01.jpg','published','2023-06-02 01:09:11','2023-06-02 01:09:11'),(2,'Duplex Restaurant','1,500m | 21 min. Walk',NULL,'Alice an excellent opportunity for showing off her knowledge, as there was silence for some while in silence. Alice was more and more puzzled, but she thought it over a little door about fifteen inches high: she tried her best to climb up one of the well, and noticed that one of the well, and noticed that the meeting adjourn, for the pool was getting quite crowded with the bread-knife.\' The March Hare said to a day-school, too,\' said Alice; \'but a grin without a cat! It\'s the most important piece of bread-and-butter in the window, and some \'unimportant.\' Alice could not join the dance. Would not, could not, would not, could not stand, and she hurried out of sight before the trial\'s over!\' thought Alice. \'I\'ve tried the little crocodile Improve his shining tail, And pour the waters of the evening, beautiful Soup! Beau--ootiful Soo--oop! Soo--oop of the game, the Queen of Hearts, and I don\'t know one,\' said Alice, as she went back to finish his story. CHAPTER IV. The Rabbit Sends in a.','places/02.jpg','published','2023-06-02 01:09:11','2023-06-02 01:09:11'),(3,'Duplex Restaurant','1,500m | 21 min. Walk',NULL,'Duchess\'s knee, while plates and dishes crashed around it--once more the shriek of the bread-and-butter. Just at this moment the King, with an anxious look at all fairly,\' Alice began, in rather a complaining tone, \'and they drew all manner of things--everything that begins with a T!\' said the King say in a tone of great relief. \'Now at OURS they had at the Hatter, and here the conversation a little. \'\'Tis so,\' said the King, \'that saves a world of trouble, you know, as we needn\'t try to find any. And yet I wish I hadn\'t quite finished my tea when I breathe\"!\' \'It IS the use of repeating all that stuff,\' the Mock Turtle in a very respectful tone, but frowning and making quite a crowd of little animals and birds waiting outside. The poor little Lizard, Bill, was in March.\' As she said this, she came upon a neat little house, and the others all joined in chorus, \'Yes, please do!\' pleaded Alice. \'And be quick about it,\' said Alice, as the large birds complained that they were lying on.','places/03.jpg','published','2023-06-02 01:09:11','2023-06-02 01:09:11'),(4,'Duplex Restaurant','1,500m | 21 min. Walk',NULL,'I grow up, I\'ll write one--but I\'m grown up now,\' she said, as politely as she ran; but the wise little Alice was soon submitted to by all three dates on their faces, and the Queen to play croquet with the Queen, \'and he shall tell you my history, and you\'ll understand why it is to France-- Then turn not pale, beloved snail, but come and join the dance. \'\"What matters it how far we go?\" his scaly friend replied. \"There is another shore, you know, this sort of chance of her head was so long since she had nothing yet,\' Alice replied eagerly, for she had caught the flamingo and brought it back, the fight was over, and both creatures hid their faces in their paws. \'And how many miles I\'ve fallen by this time, as it settled down again, the cook was leaning over the verses to himself: \'\"WE KNOW IT TO BE TRUE--\" that\'s the jury-box,\' thought Alice, \'they\'re sure to make personal remarks,\' Alice said very politely, \'for I never understood what it might injure the brain; But, now that I\'m.','places/04.jpg','published','2023-06-02 01:09:11','2023-06-02 01:09:11'),(5,'Duplex Restaurant','1,500m | 21 min. Walk',NULL,'Hatter. \'You MUST remember,\' remarked the King, going up to the puppy; whereupon the puppy began a series of short charges at the door and found that her flamingo was gone in a sorrowful tone; \'at least there\'s no use in crying like that!\' By this time with great curiosity, and this was his first speech. \'You should learn not to her, so she began thinking over other children she knew the right word) \'--but I shall never get to the Mock Turtle, and to her that she let the jury--\' \'If any one of the cakes, and was going to turn round on its axis--\' \'Talking of axes,\' said the Dodo had paused as if it thought that SOMEBODY ought to have lessons to learn! No, I\'ve made up my mind about it; if I\'m Mabel, I\'ll stay down here with me! There are no mice in the pool, and the others looked round also, and all of you, and listen to her. The Cat only grinned when it saw mine coming!\' \'How do you call him Tortoise--\' \'Why did they draw?\' said Alice, and her eyes filled with tears running down his.','places/05.jpg','published','2023-06-02 01:09:11','2023-06-02 01:09:11'),(6,'Duplex Restaurant','1,500m | 21 min. Walk',NULL,'Soup! Beau--ootiful Soo--oop! Beau--ootiful Soo--oop! Beau--ootiful Soo--oop! Beau--ootiful Soo--oop! Soo--oop of the Shark, But, when the Rabbit say, \'A barrowful of WHAT?\' thought Alice to herself, \'after such a noise inside, no one else seemed inclined to say than his first remark, \'It was the Duchess\'s voice died away, even in the book,\' said the Mouse was bristling all over, and both footmen, Alice noticed, had powdered hair that WOULD always get into her eyes; and once she remembered that she hardly knew what she was losing her temper. \'Are you content now?\' said the Mouse. \'Of course,\' the Mock Turtle, and said to herself, \'Why, they\'re only a mouse that had fluttered down from the sky! Ugh, Serpent!\' \'But I\'m NOT a serpent!\' said Alice sadly. \'Hand it over afterwards, it occurred to her lips. \'I know SOMETHING interesting is sure to kill it in a tone of great surprise. \'Of course it is,\' said the Footman. \'That\'s the reason is--\' here the Mock Turtle. Alice was not a moment.','places/06.jpg','published','2023-06-02 01:09:11','2023-06-02 01:09:11');
/*!40000 ALTER TABLE `ht_places` ENABLE KEYS */;
UNLOCK TABLES;

--
-- Table structure for table `ht_places_translations`
--

DROP TABLE IF EXISTS `ht_places_translations`;
/*!40101 SET @saved_cs_client     = @@character_set_client */;
/*!50503 SET character_set_client = utf8mb4 */;
CREATE TABLE `ht_places_translations` (
  `lang_code` varchar(191) COLLATE utf8mb4_unicode_ci NOT NULL,
  `ht_places_id` bigint unsigned NOT NULL,
  `name` varchar(191) COLLATE utf8mb4_unicode_ci DEFAULT NULL,
  `distance` text COLLATE utf8mb4_unicode_ci,
  `description` text COLLATE utf8mb4_unicode_ci,
  `content` text COLLATE utf8mb4_unicode_ci,
  PRIMARY KEY (`lang_code`,`ht_places_id`)
) ENGINE=InnoDB DEFAULT CHARSET=utf8mb4 COLLATE=utf8mb4_unicode_ci;
/*!40101 SET character_set_client = @saved_cs_client */;

--
-- Dumping data for table `ht_places_translations`
--

LOCK TABLES `ht_places_translations` WRITE;
/*!40000 ALTER TABLE `ht_places_translations` DISABLE KEYS */;
INSERT INTO `ht_places_translations` VALUES ('vi',1,'Nhà hàng Duplex','1,500 mét | 21 phút đi bộ',NULL,NULL),('vi',2,'Nhà hàng Duplex','1,500 mét | 21 phút đi bộ',NULL,NULL),('vi',3,'Nhà hàng Duplex','1,500 mét | 21 phút đi bộ',NULL,NULL),('vi',4,'Nhà hàng Duplex','1,500 mét | 21 phút đi bộ',NULL,NULL),('vi',5,'Nhà hàng Duplex','1,500 mét | 21 phút đi bộ',NULL,NULL),('vi',6,'Nhà hàng Duplex','1,500 mét | 21 phút đi bộ',NULL,NULL);
/*!40000 ALTER TABLE `ht_places_translations` ENABLE KEYS */;
UNLOCK TABLES;

--
-- Table structure for table `ht_room_categories`
--

DROP TABLE IF EXISTS `ht_room_categories`;
/*!40101 SET @saved_cs_client     = @@character_set_client */;
/*!50503 SET character_set_client = utf8mb4 */;
CREATE TABLE `ht_room_categories` (
  `id` bigint unsigned NOT NULL AUTO_INCREMENT,
  `name` varchar(120) COLLATE utf8mb4_unicode_ci NOT NULL,
  `status` varchar(60) COLLATE utf8mb4_unicode_ci NOT NULL DEFAULT 'published',
  `created_at` timestamp NULL DEFAULT NULL,
  `updated_at` timestamp NULL DEFAULT NULL,
  `order` tinyint NOT NULL DEFAULT '0',
  `is_featured` tinyint NOT NULL DEFAULT '0',
  PRIMARY KEY (`id`)
) ENGINE=InnoDB AUTO_INCREMENT=5 DEFAULT CHARSET=utf8mb4 COLLATE=utf8mb4_unicode_ci;
/*!40101 SET character_set_client = @saved_cs_client */;

--
-- Dumping data for table `ht_room_categories`
--

LOCK TABLES `ht_room_categories` WRITE;
/*!40000 ALTER TABLE `ht_room_categories` DISABLE KEYS */;
INSERT INTO `ht_room_categories` VALUES (1,'Luxury','published','2023-06-02 01:09:08','2023-06-02 01:09:08',0,1),(2,'Family','published','2023-06-02 01:09:08','2023-06-02 01:09:08',0,1),(3,'Double Bed','published','2023-06-02 01:09:08','2023-06-02 01:09:08',0,1),(4,'Relax','published','2023-06-02 01:09:08','2023-06-02 01:09:08',0,1);
/*!40000 ALTER TABLE `ht_room_categories` ENABLE KEYS */;
UNLOCK TABLES;

--
-- Table structure for table `ht_room_categories_translations`
--

DROP TABLE IF EXISTS `ht_room_categories_translations`;
/*!40101 SET @saved_cs_client     = @@character_set_client */;
/*!50503 SET character_set_client = utf8mb4 */;
CREATE TABLE `ht_room_categories_translations` (
  `lang_code` varchar(191) COLLATE utf8mb4_unicode_ci NOT NULL,
  `ht_room_categories_id` bigint unsigned NOT NULL,
  `name` varchar(191) COLLATE utf8mb4_unicode_ci DEFAULT NULL,
  PRIMARY KEY (`lang_code`,`ht_room_categories_id`)
) ENGINE=InnoDB DEFAULT CHARSET=utf8mb4 COLLATE=utf8mb4_unicode_ci;
/*!40101 SET character_set_client = @saved_cs_client */;

--
-- Dumping data for table `ht_room_categories_translations`
--

LOCK TABLES `ht_room_categories_translations` WRITE;
/*!40000 ALTER TABLE `ht_room_categories_translations` DISABLE KEYS */;
INSERT INTO `ht_room_categories_translations` VALUES ('vi',1,'Sang trọng'),('vi',2,'Gia đình'),('vi',3,'Giường đôi'),('vi',4,'Thư giãn');
/*!40000 ALTER TABLE `ht_room_categories_translations` ENABLE KEYS */;
UNLOCK TABLES;

--
-- Table structure for table `ht_room_dates`
--

DROP TABLE IF EXISTS `ht_room_dates`;
/*!40101 SET @saved_cs_client     = @@character_set_client */;
/*!50503 SET character_set_client = utf8mb4 */;
CREATE TABLE `ht_room_dates` (
  `id` bigint unsigned NOT NULL AUTO_INCREMENT,
  `room_id` bigint unsigned DEFAULT NULL,
  `start_date` timestamp NULL DEFAULT NULL,
  `end_date` timestamp NULL DEFAULT NULL,
  `price` decimal(15,2) DEFAULT NULL,
  `max_guests` tinyint DEFAULT NULL,
  `active` tinyint DEFAULT '0',
  `note_to_customer` text COLLATE utf8mb4_unicode_ci,
  `note_to_admin` text COLLATE utf8mb4_unicode_ci,
  `number_of_rooms` smallint DEFAULT NULL,
  `created_at` timestamp NULL DEFAULT NULL,
  `updated_at` timestamp NULL DEFAULT NULL,
  PRIMARY KEY (`id`)
) ENGINE=InnoDB DEFAULT CHARSET=utf8mb4 COLLATE=utf8mb4_unicode_ci;
/*!40101 SET character_set_client = @saved_cs_client */;

--
-- Dumping data for table `ht_room_dates`
--

LOCK TABLES `ht_room_dates` WRITE;
/*!40000 ALTER TABLE `ht_room_dates` DISABLE KEYS */;
/*!40000 ALTER TABLE `ht_room_dates` ENABLE KEYS */;
UNLOCK TABLES;

--
-- Table structure for table `ht_rooms`
--

DROP TABLE IF EXISTS `ht_rooms`;
/*!40101 SET @saved_cs_client     = @@character_set_client */;
/*!50503 SET character_set_client = utf8mb4 */;
CREATE TABLE `ht_rooms` (
  `id` bigint unsigned NOT NULL AUTO_INCREMENT,
  `name` varchar(120) COLLATE utf8mb4_unicode_ci NOT NULL,
  `description` text COLLATE utf8mb4_unicode_ci,
  `content` longtext COLLATE utf8mb4_unicode_ci,
  `is_featured` tinyint unsigned NOT NULL DEFAULT '0',
  `images` text COLLATE utf8mb4_unicode_ci,
  `price` decimal(15,0) unsigned DEFAULT NULL,
  `currency_id` bigint unsigned DEFAULT NULL,
  `number_of_rooms` int unsigned DEFAULT '0',
  `number_of_beds` int unsigned DEFAULT '0',
  `size` int unsigned DEFAULT '0',
  `max_adults` int DEFAULT '0',
  `max_children` int DEFAULT '0',
  `room_category_id` bigint unsigned DEFAULT NULL,
  `tax_id` bigint unsigned DEFAULT NULL,
  `status` varchar(60) COLLATE utf8mb4_unicode_ci NOT NULL DEFAULT 'published',
  `created_at` timestamp NULL DEFAULT NULL,
  `updated_at` timestamp NULL DEFAULT NULL,
  `order` int unsigned NOT NULL DEFAULT '0',
  PRIMARY KEY (`id`),
  UNIQUE KEY `ht_rooms_name_unique` (`name`)
) ENGINE=InnoDB AUTO_INCREMENT=9 DEFAULT CHARSET=utf8mb4 COLLATE=utf8mb4_unicode_ci;
/*!40101 SET character_set_client = @saved_cs_client */;

--
-- Dumping data for table `ht_rooms`
--

LOCK TABLES `ht_rooms` WRITE;
/*!40000 ALTER TABLE `ht_rooms` DISABLE KEYS */;
INSERT INTO `ht_rooms` VALUES (1,'Luxury Hall Of Fame','Lorem ipsum dolor sit amet, consectetur adipiscing elit. Integer vel molestie nisl. Duis ac mi leo.',NULL,1,'[\"rooms\\/01.jpg\",\"rooms\\/02.jpg\",\"rooms\\/03.jpg\",\"rooms\\/04.jpg\",\"rooms\\/05.jpg\",\"rooms\\/06.jpg\"]',183,NULL,6,2,173,5,2,1,1,'published','2023-06-02 01:09:09','2023-06-02 01:09:09',0),(2,'Pendora Fame','Lorem ipsum dolor sit amet, consectetur adipiscing elit. Integer vel molestie nisl. Duis ac mi leo.',NULL,0,'[\"rooms\\/02.jpg\",\"rooms\\/01.jpg\",\"rooms\\/03.jpg\",\"rooms\\/04.jpg\",\"rooms\\/05.jpg\",\"rooms\\/06.jpg\"]',115,NULL,4,4,163,6,3,1,1,'published','2023-06-02 01:09:09','2023-06-02 01:09:09',0),(3,'Pacific Room','Lorem ipsum dolor sit amet, consectetur adipiscing elit. Integer vel molestie nisl. Duis ac mi leo.',NULL,1,'[\"rooms\\/03.jpg\",\"rooms\\/02.jpg\",\"rooms\\/01.jpg\",\"rooms\\/04.jpg\",\"rooms\\/05.jpg\",\"rooms\\/06.jpg\"]',121,NULL,6,3,115,2,1,1,1,'published','2023-06-02 01:09:09','2023-06-02 01:09:09',0),(4,'Junior Suite','Lorem ipsum dolor sit amet, consectetur adipiscing elit. Integer vel molestie nisl. Duis ac mi leo.',NULL,1,'[\"rooms\\/04.jpg\",\"rooms\\/02.jpg\",\"rooms\\/01.jpg\",\"rooms\\/04.jpg\",\"rooms\\/05.jpg\",\"rooms\\/06.jpg\"]',180,NULL,2,4,143,3,3,1,1,'published','2023-06-02 01:09:09','2023-06-02 01:09:09',0),(5,'Family Suite','Lorem ipsum dolor sit amet, consectetur adipiscing elit. Integer vel molestie nisl. Duis ac mi leo.',NULL,0,'[\"rooms\\/05.jpg\"]',173,NULL,7,1,132,3,2,1,1,'published','2023-06-02 01:09:09','2023-06-02 01:09:09',0),(6,'Relax Suite','Lorem ipsum dolor sit amet, consectetur adipiscing elit. Integer vel molestie nisl. Duis ac mi leo.',NULL,1,'[\"rooms\\/06.jpg\",\"rooms\\/02.jpg\",\"rooms\\/03.jpg\",\"rooms\\/04.jpg\",\"rooms\\/05.jpg\",\"rooms\\/01.jpg\"]',180,NULL,1,3,129,6,3,3,1,'published','2023-06-02 01:09:09','2023-06-02 01:09:09',0),(7,'Luxury Suite','Lorem ipsum dolor sit amet, consectetur adipiscing elit. Integer vel molestie nisl. Duis ac mi leo.',NULL,0,'[\"rooms\\/01.jpg\",\"rooms\\/02.jpg\",\"rooms\\/03.jpg\",\"rooms\\/04.jpg\",\"rooms\\/05.jpg\",\"rooms\\/06.jpg\"]',154,NULL,3,3,163,6,2,1,1,'published','2023-06-02 01:09:09','2023-06-02 01:09:09',0),(8,'President Room','Lorem ipsum dolor sit amet, consectetur adipiscing elit. Integer vel molestie nisl. Duis ac mi leo.',NULL,0,'[\"rooms\\/02.jpg\",\"rooms\\/01.jpg\",\"rooms\\/03.jpg\",\"rooms\\/04.jpg\",\"rooms\\/05.jpg\",\"rooms\\/06.jpg\"]',117,NULL,10,2,111,3,2,2,1,'published','2023-06-02 01:09:09','2023-06-02 01:09:09',0);
/*!40000 ALTER TABLE `ht_rooms` ENABLE KEYS */;
UNLOCK TABLES;

--
-- Table structure for table `ht_rooms_amenities`
--

DROP TABLE IF EXISTS `ht_rooms_amenities`;
/*!40101 SET @saved_cs_client     = @@character_set_client */;
/*!50503 SET character_set_client = utf8mb4 */;
CREATE TABLE `ht_rooms_amenities` (
  `amenity_id` bigint unsigned NOT NULL,
  `room_id` bigint unsigned NOT NULL,
  `created_at` timestamp NULL DEFAULT NULL,
  `updated_at` timestamp NULL DEFAULT NULL,
  PRIMARY KEY (`amenity_id`,`room_id`),
  KEY `ht_rooms_amenities_amenity_id_index` (`amenity_id`),
  KEY `ht_rooms_amenities_room_id_index` (`room_id`)
) ENGINE=InnoDB DEFAULT CHARSET=utf8mb4 COLLATE=utf8mb4_unicode_ci;
/*!40101 SET character_set_client = @saved_cs_client */;

--
-- Dumping data for table `ht_rooms_amenities`
--

LOCK TABLES `ht_rooms_amenities` WRITE;
/*!40000 ALTER TABLE `ht_rooms_amenities` DISABLE KEYS */;
INSERT INTO `ht_rooms_amenities` VALUES (1,1,NULL,NULL),(1,2,NULL,NULL),(1,3,NULL,NULL),(1,4,NULL,NULL),(1,5,NULL,NULL),(1,6,NULL,NULL),(1,7,NULL,NULL),(1,8,NULL,NULL),(2,1,NULL,NULL),(2,2,NULL,NULL),(2,3,NULL,NULL),(2,4,NULL,NULL),(2,5,NULL,NULL),(2,6,NULL,NULL),(2,7,NULL,NULL),(2,8,NULL,NULL),(3,1,NULL,NULL),(3,2,NULL,NULL),(3,3,NULL,NULL),(3,4,NULL,NULL),(3,5,NULL,NULL),(3,6,NULL,NULL),(3,7,NULL,NULL),(3,8,NULL,NULL),(4,1,NULL,NULL),(4,2,NULL,NULL),(4,3,NULL,NULL),(4,4,NULL,NULL),(4,5,NULL,NULL),(4,6,NULL,NULL),(4,7,NULL,NULL),(4,8,NULL,NULL),(6,1,NULL,NULL),(6,2,NULL,NULL),(6,3,NULL,NULL),(6,4,NULL,NULL),(6,5,NULL,NULL),(6,6,NULL,NULL),(6,7,NULL,NULL),(6,8,NULL,NULL),(7,1,NULL,NULL),(7,2,NULL,NULL),(7,3,NULL,NULL),(7,4,NULL,NULL),(7,5,NULL,NULL),(7,6,NULL,NULL),(7,7,NULL,NULL),(7,8,NULL,NULL),(9,1,NULL,NULL),(9,2,NULL,NULL),(9,3,NULL,NULL),(9,4,NULL,NULL),(9,5,NULL,NULL),(9,6,NULL,NULL),(9,7,NULL,NULL),(9,8,NULL,NULL),(11,1,NULL,NULL),(11,2,NULL,NULL),(11,3,NULL,NULL),(11,4,NULL,NULL),(11,5,NULL,NULL),(11,6,NULL,NULL),(11,7,NULL,NULL),(11,8,NULL,NULL);
/*!40000 ALTER TABLE `ht_rooms_amenities` ENABLE KEYS */;
UNLOCK TABLES;

--
-- Table structure for table `ht_rooms_translations`
--

DROP TABLE IF EXISTS `ht_rooms_translations`;
/*!40101 SET @saved_cs_client     = @@character_set_client */;
/*!50503 SET character_set_client = utf8mb4 */;
CREATE TABLE `ht_rooms_translations` (
  `lang_code` varchar(191) COLLATE utf8mb4_unicode_ci NOT NULL,
  `ht_rooms_id` bigint unsigned NOT NULL,
  `name` varchar(191) COLLATE utf8mb4_unicode_ci DEFAULT NULL,
  `description` text COLLATE utf8mb4_unicode_ci,
  `content` text COLLATE utf8mb4_unicode_ci,
  PRIMARY KEY (`lang_code`,`ht_rooms_id`)
) ENGINE=InnoDB DEFAULT CHARSET=utf8mb4 COLLATE=utf8mb4_unicode_ci;
/*!40101 SET character_set_client = @saved_cs_client */;

--
-- Dumping data for table `ht_rooms_translations`
--

LOCK TABLES `ht_rooms_translations` WRITE;
/*!40000 ALTER TABLE `ht_rooms_translations` DISABLE KEYS */;
INSERT INTO `ht_rooms_translations` VALUES ('vi',1,'Luxury Hall Of Fame',NULL,NULL),('vi',2,'Pendora Fame',NULL,NULL),('vi',3,'Pacific Room',NULL,NULL),('vi',4,'Junior Suite',NULL,NULL),('vi',5,'Family Suite',NULL,NULL),('vi',6,'Relax Suite',NULL,NULL),('vi',7,'Luxury Suite',NULL,NULL),('vi',8,'President Room',NULL,NULL);
/*!40000 ALTER TABLE `ht_rooms_translations` ENABLE KEYS */;
UNLOCK TABLES;

--
-- Table structure for table `ht_services`
--

DROP TABLE IF EXISTS `ht_services`;
/*!40101 SET @saved_cs_client     = @@character_set_client */;
/*!50503 SET character_set_client = utf8mb4 */;
CREATE TABLE `ht_services` (
  `id` bigint unsigned NOT NULL AUTO_INCREMENT,
  `name` varchar(120) COLLATE utf8mb4_unicode_ci NOT NULL,
  `description` text COLLATE utf8mb4_unicode_ci,
  `content` longtext COLLATE utf8mb4_unicode_ci,
  `price` decimal(15,0) unsigned DEFAULT NULL,
  `currency_id` bigint unsigned DEFAULT NULL,
  `image` varchar(255) COLLATE utf8mb4_unicode_ci DEFAULT NULL,
  `status` varchar(60) COLLATE utf8mb4_unicode_ci NOT NULL DEFAULT 'published',
  `created_at` timestamp NULL DEFAULT NULL,
  `updated_at` timestamp NULL DEFAULT NULL,
  PRIMARY KEY (`id`)
) ENGINE=InnoDB AUTO_INCREMENT=7 DEFAULT CHARSET=utf8mb4 COLLATE=utf8mb4_unicode_ci;
/*!40101 SET character_set_client = @saved_cs_client */;

--
-- Dumping data for table `ht_services`
--

LOCK TABLES `ht_services` WRITE;
/*!40000 ALTER TABLE `ht_services` DISABLE KEYS */;
INSERT INTO `ht_services` VALUES (1,'Wifi','Lorem ipsum dolor sit amet, consectetur adipiscing elit. Integer vel molestie nisl. Duis ac mi leo.',NULL,100,NULL,NULL,'published','2023-06-02 01:09:10','2023-06-02 01:09:10'),(2,'Car Rental','Lorem ipsum dolor sit amet, consectetur adipiscing elit. Integer vel molestie nisl. Duis ac mi leo.',NULL,30,NULL,NULL,'published','2023-06-02 01:09:10','2023-06-02 01:09:10'),(3,'Satellite TV','Lorem ipsum dolor sit amet, consectetur adipiscing elit. Integer vel molestie nisl. Duis ac mi leo.',NULL,50,NULL,NULL,'published','2023-06-02 01:09:10','2023-06-02 01:09:10'),(4,'Sea View','Lorem ipsum dolor sit amet, consectetur adipiscing elit. Integer vel molestie nisl. Duis ac mi leo.',NULL,10,NULL,NULL,'published','2023-06-02 01:09:10','2023-06-02 01:09:10'),(5,'Laundry','Lorem ipsum dolor sit amet, consectetur adipiscing elit. Integer vel molestie nisl. Duis ac mi leo.',NULL,10,NULL,NULL,'published','2023-06-02 01:09:10','2023-06-02 01:09:10'),(6,'Breakfast','Lorem ipsum dolor sit amet, consectetur adipiscing elit. Integer vel molestie nisl. Duis ac mi leo.',NULL,10,NULL,NULL,'published','2023-06-02 01:09:10','2023-06-02 01:09:10');
/*!40000 ALTER TABLE `ht_services` ENABLE KEYS */;
UNLOCK TABLES;

--
-- Table structure for table `ht_services_translations`
--

DROP TABLE IF EXISTS `ht_services_translations`;
/*!40101 SET @saved_cs_client     = @@character_set_client */;
/*!50503 SET character_set_client = utf8mb4 */;
CREATE TABLE `ht_services_translations` (
  `lang_code` varchar(191) COLLATE utf8mb4_unicode_ci NOT NULL,
  `ht_services_id` bigint unsigned NOT NULL,
  `name` varchar(191) COLLATE utf8mb4_unicode_ci DEFAULT NULL,
  `description` text COLLATE utf8mb4_unicode_ci,
  PRIMARY KEY (`lang_code`,`ht_services_id`)
) ENGINE=InnoDB DEFAULT CHARSET=utf8mb4 COLLATE=utf8mb4_unicode_ci;
/*!40101 SET character_set_client = @saved_cs_client */;

--
-- Dumping data for table `ht_services_translations`
--

LOCK TABLES `ht_services_translations` WRITE;
/*!40000 ALTER TABLE `ht_services_translations` DISABLE KEYS */;
INSERT INTO `ht_services_translations` VALUES ('vi',1,'Wifi',NULL),('vi',2,'Thuê xe ôtô',NULL),('vi',3,'TV vệ tinh',NULL),('vi',4,'View biển',NULL),('vi',5,'Giặt là',NULL),('vi',6,'Bữa sáng',NULL);
/*!40000 ALTER TABLE `ht_services_translations` ENABLE KEYS */;
UNLOCK TABLES;

--
-- Table structure for table `ht_taxes`
--

DROP TABLE IF EXISTS `ht_taxes`;
/*!40101 SET @saved_cs_client     = @@character_set_client */;
/*!50503 SET character_set_client = utf8mb4 */;
CREATE TABLE `ht_taxes` (
  `id` bigint unsigned NOT NULL AUTO_INCREMENT,
  `title` varchar(191) COLLATE utf8mb4_unicode_ci DEFAULT NULL,
  `percentage` double(8,6) DEFAULT NULL,
  `priority` int DEFAULT NULL,
  `status` varchar(60) COLLATE utf8mb4_unicode_ci NOT NULL DEFAULT 'published',
  `created_at` timestamp NULL DEFAULT NULL,
  `updated_at` timestamp NULL DEFAULT NULL,
  PRIMARY KEY (`id`)
) ENGINE=InnoDB AUTO_INCREMENT=3 DEFAULT CHARSET=utf8mb4 COLLATE=utf8mb4_unicode_ci;
/*!40101 SET character_set_client = @saved_cs_client */;

--
-- Dumping data for table `ht_taxes`
--

LOCK TABLES `ht_taxes` WRITE;
/*!40000 ALTER TABLE `ht_taxes` DISABLE KEYS */;
INSERT INTO `ht_taxes` VALUES (1,'VAT',10.000000,1,'published','2023-06-02 01:09:11','2023-06-02 01:09:11'),(2,'None',0.000000,2,'published','2023-06-02 01:09:11','2023-06-02 01:09:11');
/*!40000 ALTER TABLE `ht_taxes` ENABLE KEYS */;
UNLOCK TABLES;

--
-- Table structure for table `jobs`
--

DROP TABLE IF EXISTS `jobs`;
/*!40101 SET @saved_cs_client     = @@character_set_client */;
/*!50503 SET character_set_client = utf8mb4 */;
CREATE TABLE `jobs` (
  `id` bigint unsigned NOT NULL AUTO_INCREMENT,
  `queue` varchar(191) COLLATE utf8mb4_unicode_ci NOT NULL,
  `payload` longtext COLLATE utf8mb4_unicode_ci NOT NULL,
  `attempts` tinyint unsigned NOT NULL,
  `reserved_at` int unsigned DEFAULT NULL,
  `available_at` int unsigned NOT NULL,
  `created_at` int unsigned NOT NULL,
  PRIMARY KEY (`id`),
  KEY `jobs_queue_index` (`queue`)
) ENGINE=InnoDB DEFAULT CHARSET=utf8mb4 COLLATE=utf8mb4_unicode_ci;
/*!40101 SET character_set_client = @saved_cs_client */;

--
-- Dumping data for table `jobs`
--

LOCK TABLES `jobs` WRITE;
/*!40000 ALTER TABLE `jobs` DISABLE KEYS */;
/*!40000 ALTER TABLE `jobs` ENABLE KEYS */;
UNLOCK TABLES;

--
-- Table structure for table `language_meta`
--

DROP TABLE IF EXISTS `language_meta`;
/*!40101 SET @saved_cs_client     = @@character_set_client */;
/*!50503 SET character_set_client = utf8mb4 */;
CREATE TABLE `language_meta` (
  `lang_meta_id` bigint unsigned NOT NULL AUTO_INCREMENT,
  `lang_meta_code` text COLLATE utf8mb4_unicode_ci,
  `lang_meta_origin` varchar(255) COLLATE utf8mb4_unicode_ci NOT NULL,
  `reference_id` bigint unsigned NOT NULL,
  `reference_type` varchar(120) COLLATE utf8mb4_unicode_ci NOT NULL,
  PRIMARY KEY (`lang_meta_id`),
  KEY `language_meta_reference_id_index` (`reference_id`)
) ENGINE=InnoDB AUTO_INCREMENT=17 DEFAULT CHARSET=utf8mb4 COLLATE=utf8mb4_unicode_ci;
/*!40101 SET character_set_client = @saved_cs_client */;

--
-- Dumping data for table `language_meta`
--

LOCK TABLES `language_meta` WRITE;
/*!40000 ALTER TABLE `language_meta` DISABLE KEYS */;
INSERT INTO `language_meta` VALUES (1,'en_US','64485dc827da3b7e1f3f5e4ca68d4369',1,'Botble\\Testimonial\\Models\\Testimonial'),(2,'en_US','3f8e5594e787f1f03255b5b861101e57',2,'Botble\\Testimonial\\Models\\Testimonial'),(3,'en_US','4dc0891959d4568eb63b304e4a449874',3,'Botble\\Testimonial\\Models\\Testimonial'),(4,'vi','d7e4245a5e2d9eb0b0977b40593b25fc',4,'Botble\\Testimonial\\Models\\Testimonial'),(5,'vi','0340a437dc3600214b4959e3b009ae59',5,'Botble\\Testimonial\\Models\\Testimonial'),(6,'vi','eedff4b96a2620af601ba839dd98dd2f',6,'Botble\\Testimonial\\Models\\Testimonial'),(7,'en_US','fc35a77ea974f81e8f11f64ed2a922a1',1,'Botble\\Menu\\Models\\MenuLocation'),(8,'en_US','b9dd53b287d717687f1f4d13250e8753',1,'Botble\\Menu\\Models\\Menu'),(9,'en_US','e4d4d562fd7f8f3645b5f979e007ea15',2,'Botble\\Menu\\Models\\MenuLocation'),(10,'en_US','5e51cefa91ae23ab927f4256b98c6ee8',2,'Botble\\Menu\\Models\\Menu'),(11,'en_US','eaf8a6b63d3f4cb6ed57183cb2387a63',3,'Botble\\Menu\\Models\\Menu'),(12,'vi','dba8b2360b6dd2deb11c5d9e1a7e8370',3,'Botble\\Menu\\Models\\MenuLocation'),(13,'vi','b9dd53b287d717687f1f4d13250e8753',4,'Botble\\Menu\\Models\\Menu'),(14,'vi','168bfe180d90a2059150d07cc8eb46fc',4,'Botble\\Menu\\Models\\MenuLocation'),(15,'vi','5e51cefa91ae23ab927f4256b98c6ee8',5,'Botble\\Menu\\Models\\Menu'),(16,'vi','eaf8a6b63d3f4cb6ed57183cb2387a63',6,'Botble\\Menu\\Models\\Menu');
/*!40000 ALTER TABLE `language_meta` ENABLE KEYS */;
UNLOCK TABLES;

--
-- Table structure for table `languages`
--

DROP TABLE IF EXISTS `languages`;
/*!40101 SET @saved_cs_client     = @@character_set_client */;
/*!50503 SET character_set_client = utf8mb4 */;
CREATE TABLE `languages` (
  `lang_id` bigint unsigned NOT NULL AUTO_INCREMENT,
  `lang_name` varchar(120) COLLATE utf8mb4_unicode_ci NOT NULL,
  `lang_locale` varchar(20) COLLATE utf8mb4_unicode_ci NOT NULL,
  `lang_code` varchar(20) COLLATE utf8mb4_unicode_ci NOT NULL,
  `lang_flag` varchar(20) COLLATE utf8mb4_unicode_ci DEFAULT NULL,
  `lang_is_default` tinyint unsigned NOT NULL DEFAULT '0',
  `lang_order` int NOT NULL DEFAULT '0',
  `lang_is_rtl` tinyint unsigned NOT NULL DEFAULT '0',
  PRIMARY KEY (`lang_id`)
) ENGINE=InnoDB AUTO_INCREMENT=3 DEFAULT CHARSET=utf8mb4 COLLATE=utf8mb4_unicode_ci;
/*!40101 SET character_set_client = @saved_cs_client */;

--
-- Dumping data for table `languages`
--

LOCK TABLES `languages` WRITE;
/*!40000 ALTER TABLE `languages` DISABLE KEYS */;
INSERT INTO `languages` VALUES (1,'English','en','en_US','us',1,0,0),(2,'Tiếng Việt','vi','vi','vn',0,1,0);
/*!40000 ALTER TABLE `languages` ENABLE KEYS */;
UNLOCK TABLES;

--
-- Table structure for table `media_files`
--

DROP TABLE IF EXISTS `media_files`;
/*!40101 SET @saved_cs_client     = @@character_set_client */;
/*!50503 SET character_set_client = utf8mb4 */;
CREATE TABLE `media_files` (
  `id` bigint unsigned NOT NULL AUTO_INCREMENT,
  `user_id` bigint unsigned NOT NULL,
  `name` varchar(255) COLLATE utf8mb4_unicode_ci NOT NULL,
  `alt` varchar(191) COLLATE utf8mb4_unicode_ci DEFAULT NULL,
  `folder_id` bigint unsigned NOT NULL DEFAULT '0',
  `mime_type` varchar(120) COLLATE utf8mb4_unicode_ci NOT NULL,
  `size` int NOT NULL,
  `url` varchar(255) COLLATE utf8mb4_unicode_ci NOT NULL,
  `options` text COLLATE utf8mb4_unicode_ci,
  `created_at` timestamp NULL DEFAULT NULL,
  `updated_at` timestamp NULL DEFAULT NULL,
  `deleted_at` timestamp NULL DEFAULT NULL,
  PRIMARY KEY (`id`),
  KEY `media_files_user_id_index` (`user_id`),
  KEY `media_files_index` (`folder_id`,`user_id`,`created_at`)
) ENGINE=InnoDB AUTO_INCREMENT=53 DEFAULT CHARSET=utf8mb4 COLLATE=utf8mb4_unicode_ci;
/*!40101 SET character_set_client = @saved_cs_client */;

--
-- Dumping data for table `media_files`
--

LOCK TABLES `media_files` WRITE;
/*!40000 ALTER TABLE `media_files` DISABLE KEYS */;
INSERT INTO `media_files` VALUES (1,0,'01','01',1,'image/jpeg',2763,'news/01.jpg','[]','2023-06-02 01:09:07','2023-06-02 01:09:07',NULL),(2,0,'02','02',1,'image/jpeg',2763,'news/02.jpg','[]','2023-06-02 01:09:07','2023-06-02 01:09:07',NULL),(3,0,'03','03',1,'image/jpeg',2763,'news/03.jpg','[]','2023-06-02 01:09:07','2023-06-02 01:09:07',NULL),(4,0,'04','04',1,'image/jpeg',2763,'news/04.jpg','[]','2023-06-02 01:09:07','2023-06-02 01:09:07',NULL),(5,0,'05','05',1,'image/jpeg',2763,'news/05.jpg','[]','2023-06-02 01:09:07','2023-06-02 01:09:07',NULL),(6,0,'06','06',1,'image/jpeg',2763,'news/06.jpg','[]','2023-06-02 01:09:07','2023-06-02 01:09:07',NULL),(7,0,'01','01',2,'image/jpeg',2181,'rooms/01.jpg','[]','2023-06-02 01:09:08','2023-06-02 01:09:08',NULL),(8,0,'02','02',2,'image/jpeg',2181,'rooms/02.jpg','[]','2023-06-02 01:09:08','2023-06-02 01:09:08',NULL),(9,0,'03','03',2,'image/jpeg',2181,'rooms/03.jpg','[]','2023-06-02 01:09:08','2023-06-02 01:09:08',NULL),(10,0,'04','04',2,'image/jpeg',2181,'rooms/04.jpg','[]','2023-06-02 01:09:08','2023-06-02 01:09:08',NULL),(11,0,'05','05',2,'image/jpeg',2181,'rooms/05.jpg','[]','2023-06-02 01:09:08','2023-06-02 01:09:08',NULL),(12,0,'06','06',2,'image/jpeg',2181,'rooms/06.jpg','[]','2023-06-02 01:09:08','2023-06-02 01:09:08',NULL),(13,0,'01','01',3,'image/jpeg',2165,'foods/01.jpg','[]','2023-06-02 01:09:09','2023-06-02 01:09:09',NULL),(14,0,'02','02',3,'image/jpeg',2165,'foods/02.jpg','[]','2023-06-02 01:09:09','2023-06-02 01:09:09',NULL),(15,0,'03','03',3,'image/jpeg',2165,'foods/03.jpg','[]','2023-06-02 01:09:09','2023-06-02 01:09:09',NULL),(16,0,'04','04',3,'image/jpeg',2165,'foods/04.jpg','[]','2023-06-02 01:09:09','2023-06-02 01:09:09',NULL),(17,0,'05','05',3,'image/jpeg',2165,'foods/05.jpg','[]','2023-06-02 01:09:09','2023-06-02 01:09:09',NULL),(18,0,'06','06',3,'image/jpeg',2165,'foods/06.jpg','[]','2023-06-02 01:09:09','2023-06-02 01:09:09',NULL),(19,0,'07','07',3,'image/jpeg',2165,'foods/07.jpg','[]','2023-06-02 01:09:10','2023-06-02 01:09:10',NULL),(20,0,'08','08',3,'image/jpeg',2165,'foods/08.jpg','[]','2023-06-02 01:09:10','2023-06-02 01:09:10',NULL),(21,0,'09','09',3,'image/jpeg',2165,'foods/09.jpg','[]','2023-06-02 01:09:10','2023-06-02 01:09:10',NULL),(22,0,'10','10',3,'image/jpeg',2165,'foods/10.jpg','[]','2023-06-02 01:09:10','2023-06-02 01:09:10',NULL),(23,0,'01','01',4,'image/jpeg',2041,'places/01.jpg','[]','2023-06-02 01:09:10','2023-06-02 01:09:10',NULL),(24,0,'02','02',4,'image/jpeg',2041,'places/02.jpg','[]','2023-06-02 01:09:10','2023-06-02 01:09:10',NULL),(25,0,'03','03',4,'image/jpeg',2041,'places/03.jpg','[]','2023-06-02 01:09:11','2023-06-02 01:09:11',NULL),(26,0,'04','04',4,'image/jpeg',2041,'places/04.jpg','[]','2023-06-02 01:09:11','2023-06-02 01:09:11',NULL),(27,0,'05','05',4,'image/jpeg',2041,'places/05.jpg','[]','2023-06-02 01:09:11','2023-06-02 01:09:11',NULL),(28,0,'06','06',4,'image/jpeg',2041,'places/06.jpg','[]','2023-06-02 01:09:11','2023-06-02 01:09:11',NULL),(29,0,'01','01',5,'image/png',2165,'testimonials/01.png','[]','2023-06-02 01:09:11','2023-06-02 01:09:11',NULL),(30,0,'02','02',5,'image/png',2165,'testimonials/02.png','[]','2023-06-02 01:09:12','2023-06-02 01:09:12',NULL),(31,0,'03','03',5,'image/png',2165,'testimonials/03.png','[]','2023-06-02 01:09:12','2023-06-02 01:09:12',NULL),(32,0,'01','01',6,'image/jpeg',2165,'galleries/01.jpg','[]','2023-06-02 01:09:12','2023-06-02 01:09:12',NULL),(33,0,'02','02',6,'image/jpeg',2165,'galleries/02.jpg','[]','2023-06-02 01:09:12','2023-06-02 01:09:12',NULL),(34,0,'03','03',6,'image/jpeg',2165,'galleries/03.jpg','[]','2023-06-02 01:09:12','2023-06-02 01:09:12',NULL),(35,0,'04','04',6,'image/jpeg',2165,'galleries/04.jpg','[]','2023-06-02 01:09:13','2023-06-02 01:09:13',NULL),(36,0,'05','05',6,'image/jpeg',2165,'galleries/05.jpg','[]','2023-06-02 01:09:13','2023-06-02 01:09:13',NULL),(37,0,'06','06',6,'image/jpeg',2165,'galleries/06.jpg','[]','2023-06-02 01:09:13','2023-06-02 01:09:13',NULL),(38,0,'07','07',6,'image/jpeg',2165,'galleries/07.jpg','[]','2023-06-02 01:09:13','2023-06-02 01:09:13',NULL),(39,0,'08','08',6,'image/jpeg',2165,'galleries/08.jpg','[]','2023-06-02 01:09:13','2023-06-02 01:09:13',NULL),(40,0,'01','01',7,'image/jpeg',999,'general/01.jpg','[]','2023-06-02 01:09:14','2023-06-02 01:09:14',NULL),(41,0,'02','02',7,'image/jpeg',835,'general/02.jpg','[]','2023-06-02 01:09:14','2023-06-02 01:09:14',NULL),(42,0,'03','03',7,'image/jpeg',1201,'general/03.jpg','[]','2023-06-02 01:09:14','2023-06-02 01:09:14',NULL),(43,0,'04','04',7,'image/jpeg',4202,'general/04.jpg','[]','2023-06-02 01:09:14','2023-06-02 01:09:14',NULL),(44,0,'banner-news','banner-news',7,'image/jpeg',3828,'general/banner-news.jpg','[]','2023-06-02 01:09:14','2023-06-02 01:09:14',NULL),(45,0,'bg','bg',7,'image/jpeg',8012,'general/bg.jpg','[]','2023-06-02 01:09:14','2023-06-02 01:09:14',NULL),(46,0,'favicon','favicon',7,'image/png',2386,'general/favicon.png','[]','2023-06-02 01:09:15','2023-06-02 01:09:15',NULL),(47,0,'logo-white','logo-white',7,'image/png',3052,'general/logo-white.png','[]','2023-06-02 01:09:15','2023-06-02 01:09:15',NULL),(48,0,'logo','logo',7,'image/png',3017,'general/logo.png','[]','2023-06-02 01:09:15','2023-06-02 01:09:15',NULL),(49,0,'video-background-02','video-background-02',7,'image/jpeg',7834,'general/video-background-02.jpg','[]','2023-06-02 01:09:15','2023-06-02 01:09:15',NULL),(50,0,'video-banner-01','video-banner-01',7,'image/jpeg',2336,'general/video-banner-01.jpg','[]','2023-06-02 01:09:15','2023-06-02 01:09:15',NULL),(51,0,'04','04',8,'image/jpeg',8049,'sliders/04.jpg','[]','2023-06-02 01:09:15','2023-06-02 01:09:15',NULL),(52,0,'05','05',8,'image/jpeg',8049,'sliders/05.jpg','[]','2023-06-02 01:09:16','2023-06-02 01:09:16',NULL);
/*!40000 ALTER TABLE `media_files` ENABLE KEYS */;
UNLOCK TABLES;

--
-- Table structure for table `media_folders`
--

DROP TABLE IF EXISTS `media_folders`;
/*!40101 SET @saved_cs_client     = @@character_set_client */;
/*!50503 SET character_set_client = utf8mb4 */;
CREATE TABLE `media_folders` (
  `id` bigint unsigned NOT NULL AUTO_INCREMENT,
  `user_id` bigint unsigned NOT NULL,
  `name` varchar(191) COLLATE utf8mb4_unicode_ci DEFAULT NULL,
  `slug` varchar(191) COLLATE utf8mb4_unicode_ci DEFAULT NULL,
  `parent_id` bigint unsigned NOT NULL DEFAULT '0',
  `created_at` timestamp NULL DEFAULT NULL,
  `updated_at` timestamp NULL DEFAULT NULL,
  `deleted_at` timestamp NULL DEFAULT NULL,
  PRIMARY KEY (`id`),
  KEY `media_folders_user_id_index` (`user_id`),
  KEY `media_folders_index` (`parent_id`,`user_id`,`created_at`)
) ENGINE=InnoDB AUTO_INCREMENT=9 DEFAULT CHARSET=utf8mb4 COLLATE=utf8mb4_unicode_ci;
/*!40101 SET character_set_client = @saved_cs_client */;

--
-- Dumping data for table `media_folders`
--

LOCK TABLES `media_folders` WRITE;
/*!40000 ALTER TABLE `media_folders` DISABLE KEYS */;
INSERT INTO `media_folders` VALUES (1,0,'news','news',0,'2023-06-02 01:09:07','2023-06-02 01:09:07',NULL),(2,0,'rooms','rooms',0,'2023-06-02 01:09:08','2023-06-02 01:09:08',NULL),(3,0,'foods','foods',0,'2023-06-02 01:09:09','2023-06-02 01:09:09',NULL),(4,0,'places','places',0,'2023-06-02 01:09:10','2023-06-02 01:09:10',NULL),(5,0,'testimonials','testimonials',0,'2023-06-02 01:09:11','2023-06-02 01:09:11',NULL),(6,0,'galleries','galleries',0,'2023-06-02 01:09:12','2023-06-02 01:09:12',NULL),(7,0,'general','general',0,'2023-06-02 01:09:14','2023-06-02 01:09:14',NULL),(8,0,'sliders','sliders',0,'2023-06-02 01:09:15','2023-06-02 01:09:15',NULL);
/*!40000 ALTER TABLE `media_folders` ENABLE KEYS */;
UNLOCK TABLES;

--
-- Table structure for table `media_settings`
--

DROP TABLE IF EXISTS `media_settings`;
/*!40101 SET @saved_cs_client     = @@character_set_client */;
/*!50503 SET character_set_client = utf8mb4 */;
CREATE TABLE `media_settings` (
  `id` bigint unsigned NOT NULL AUTO_INCREMENT,
  `key` varchar(120) COLLATE utf8mb4_unicode_ci NOT NULL,
  `value` text COLLATE utf8mb4_unicode_ci,
  `media_id` bigint unsigned DEFAULT NULL,
  `user_id` bigint unsigned DEFAULT NULL,
  `created_at` timestamp NULL DEFAULT NULL,
  `updated_at` timestamp NULL DEFAULT NULL,
  PRIMARY KEY (`id`)
) ENGINE=InnoDB DEFAULT CHARSET=utf8mb4 COLLATE=utf8mb4_unicode_ci;
/*!40101 SET character_set_client = @saved_cs_client */;

--
-- Dumping data for table `media_settings`
--

LOCK TABLES `media_settings` WRITE;
/*!40000 ALTER TABLE `media_settings` DISABLE KEYS */;
/*!40000 ALTER TABLE `media_settings` ENABLE KEYS */;
UNLOCK TABLES;

--
-- Table structure for table `menu_locations`
--

DROP TABLE IF EXISTS `menu_locations`;
/*!40101 SET @saved_cs_client     = @@character_set_client */;
/*!50503 SET character_set_client = utf8mb4 */;
CREATE TABLE `menu_locations` (
  `id` bigint unsigned NOT NULL AUTO_INCREMENT,
  `menu_id` bigint unsigned NOT NULL,
  `location` varchar(120) COLLATE utf8mb4_unicode_ci NOT NULL,
  `created_at` timestamp NULL DEFAULT NULL,
  `updated_at` timestamp NULL DEFAULT NULL,
  PRIMARY KEY (`id`),
  KEY `menu_locations_menu_id_created_at_index` (`menu_id`,`created_at`)
) ENGINE=InnoDB AUTO_INCREMENT=5 DEFAULT CHARSET=utf8mb4 COLLATE=utf8mb4_unicode_ci;
/*!40101 SET character_set_client = @saved_cs_client */;

--
-- Dumping data for table `menu_locations`
--

LOCK TABLES `menu_locations` WRITE;
/*!40000 ALTER TABLE `menu_locations` DISABLE KEYS */;
INSERT INTO `menu_locations` VALUES (1,1,'header-menu','2023-06-02 01:09:14','2023-06-02 01:09:14'),(2,2,'side-menu','2023-06-02 01:09:14','2023-06-02 01:09:14'),(3,4,'header-menu','2023-06-02 01:09:14','2023-06-02 01:09:14'),(4,5,'side-menu','2023-06-02 01:09:14','2023-06-02 01:09:14');
/*!40000 ALTER TABLE `menu_locations` ENABLE KEYS */;
UNLOCK TABLES;

--
-- Table structure for table `menu_nodes`
--

DROP TABLE IF EXISTS `menu_nodes`;
/*!40101 SET @saved_cs_client     = @@character_set_client */;
/*!50503 SET character_set_client = utf8mb4 */;
CREATE TABLE `menu_nodes` (
  `id` bigint unsigned NOT NULL AUTO_INCREMENT,
  `menu_id` bigint unsigned NOT NULL,
  `parent_id` bigint unsigned NOT NULL DEFAULT '0',
  `reference_id` bigint unsigned DEFAULT NULL,
  `reference_type` varchar(255) COLLATE utf8mb4_unicode_ci DEFAULT NULL,
  `url` varchar(120) COLLATE utf8mb4_unicode_ci DEFAULT NULL,
  `icon_font` varchar(50) COLLATE utf8mb4_unicode_ci DEFAULT NULL,
  `position` tinyint unsigned NOT NULL DEFAULT '0',
  `title` varchar(120) COLLATE utf8mb4_unicode_ci DEFAULT NULL,
  `css_class` varchar(120) COLLATE utf8mb4_unicode_ci DEFAULT NULL,
  `target` varchar(20) COLLATE utf8mb4_unicode_ci NOT NULL DEFAULT '_self',
  `has_child` tinyint unsigned NOT NULL DEFAULT '0',
  `created_at` timestamp NULL DEFAULT NULL,
  `updated_at` timestamp NULL DEFAULT NULL,
  PRIMARY KEY (`id`),
  KEY `menu_nodes_menu_id_index` (`menu_id`),
  KEY `menu_nodes_parent_id_index` (`parent_id`),
  KEY `reference_id` (`reference_id`),
  KEY `reference_type` (`reference_type`)
) ENGINE=InnoDB AUTO_INCREMENT=45 DEFAULT CHARSET=utf8mb4 COLLATE=utf8mb4_unicode_ci;
/*!40101 SET character_set_client = @saved_cs_client */;

--
-- Dumping data for table `menu_nodes`
--

LOCK TABLES `menu_nodes` WRITE;
/*!40000 ALTER TABLE `menu_nodes` DISABLE KEYS */;
INSERT INTO `menu_nodes` VALUES (1,1,0,NULL,NULL,'/',NULL,0,'Home',NULL,'_self',0,'2023-06-02 01:09:14','2023-06-02 01:09:14'),(2,1,0,NULL,NULL,'/rooms',NULL,0,'Rooms',NULL,'_self',1,'2023-06-02 01:09:14','2023-06-02 01:09:14'),(3,1,2,NULL,NULL,'/rooms/luxury-hall-of-fame',NULL,0,'Luxury Hall Of Fame',NULL,'_self',0,'2023-06-02 01:09:14','2023-06-02 01:09:14'),(4,1,2,NULL,NULL,'/rooms/pendora-fame',NULL,0,'Pendora Fame',NULL,'_self',0,'2023-06-02 01:09:14','2023-06-02 01:09:14'),(5,1,0,2,'Botble\\Page\\Models\\Page','/news',NULL,0,'News',NULL,'_self',0,'2023-06-02 01:09:14','2023-06-02 01:09:14'),(6,1,0,3,'Botble\\Page\\Models\\Page','/contact',NULL,0,'Contact',NULL,'_self',0,'2023-06-02 01:09:14','2023-06-02 01:09:14'),(7,2,0,6,'Botble\\Page\\Models\\Page','/about-us',NULL,0,'About Us',NULL,'_self',0,'2023-06-02 01:09:14','2023-06-02 01:09:14'),(8,2,0,5,'Botble\\Page\\Models\\Page','/our-gallery',NULL,0,'Our Gallery',NULL,'_self',1,'2023-06-02 01:09:14','2023-06-02 01:09:14'),(9,2,8,NULL,NULL,'/galleries/king-bed',NULL,0,'King Bed',NULL,'_self',0,'2023-06-02 01:09:14','2023-06-02 01:09:14'),(10,2,8,NULL,NULL,'/galleries/duplex-restaurant',NULL,0,'Duplex Restaurant',NULL,'_self',0,'2023-06-02 01:09:14','2023-06-02 01:09:14'),(11,2,0,4,'Botble\\Page\\Models\\Page','/restaurant',NULL,0,'Restaurant',NULL,'_self',0,'2023-06-02 01:09:14','2023-06-02 01:09:14'),(12,2,0,7,'Botble\\Page\\Models\\Page','/places',NULL,0,'Places',NULL,'_self',0,'2023-06-02 01:09:14','2023-06-02 01:09:14'),(13,2,0,8,'Botble\\Page\\Models\\Page','/our-offers',NULL,0,'Our Offers',NULL,'_self',0,'2023-06-02 01:09:14','2023-06-02 01:09:14'),(14,3,0,NULL,NULL,'#',NULL,0,'Restaurant & Bar',NULL,'_self',0,'2023-06-02 01:09:14','2023-06-02 01:09:14'),(15,3,0,NULL,NULL,'#',NULL,0,'Swimming Pool',NULL,'_self',0,'2023-06-02 01:09:14','2023-06-02 01:09:14'),(16,3,0,NULL,NULL,'#',NULL,0,'Restaurant',NULL,'_self',0,'2023-06-02 01:09:14','2023-06-02 01:09:14'),(17,3,0,NULL,NULL,'#',NULL,0,'Conference Room',NULL,'_self',0,'2023-06-02 01:09:14','2023-06-02 01:09:14'),(18,3,0,NULL,NULL,'#',NULL,0,'Cocktail Party Houses',NULL,'_self',0,'2023-06-02 01:09:14','2023-06-02 01:09:14'),(19,3,0,NULL,NULL,'#',NULL,0,'Gaming Zone',NULL,'_self',0,'2023-06-02 01:09:14','2023-06-02 01:09:14'),(20,3,0,NULL,NULL,'#',NULL,0,'Marriage Party',NULL,'_self',0,'2023-06-02 01:09:14','2023-06-02 01:09:14'),(21,3,0,NULL,NULL,'#',NULL,0,'Party Planning',NULL,'_self',0,'2023-06-02 01:09:14','2023-06-02 01:09:14'),(22,3,0,NULL,NULL,'#',NULL,0,'Tour Consultancy',NULL,'_self',0,'2023-06-02 01:09:14','2023-06-02 01:09:14'),(23,4,0,NULL,NULL,'/',NULL,0,'Trang chủ',NULL,'_self',0,'2023-06-02 01:09:14','2023-06-02 01:09:14'),(24,4,0,NULL,NULL,'/rooms',NULL,0,'Phòng',NULL,'_self',1,'2023-06-02 01:09:14','2023-06-02 01:09:14'),(25,4,24,NULL,NULL,'/rooms/luxury-hall-of-fame',NULL,0,'Đại sảnh danh vọng sang trọng',NULL,'_self',0,'2023-06-02 01:09:14','2023-06-02 01:09:14'),(26,4,24,NULL,NULL,'vi//rooms/pendora-fame',NULL,0,'Pendora Fame',NULL,'_self',0,'2023-06-02 01:09:14','2023-06-02 01:09:14'),(27,4,0,2,'Botble\\Page\\Models\\Page','/news',NULL,0,'Tin tức',NULL,'_self',0,'2023-06-02 01:09:14','2023-06-02 01:09:14'),(28,4,0,3,'Botble\\Page\\Models\\Page','/contact',NULL,0,'Liên hệ',NULL,'_self',0,'2023-06-02 01:09:14','2023-06-02 01:09:14'),(29,5,0,6,'Botble\\Page\\Models\\Page','/about-us',NULL,0,'Về chúng tôi',NULL,'_self',0,'2023-06-02 01:09:14','2023-06-02 01:09:14'),(30,5,0,5,'Botble\\Page\\Models\\Page','/our-gallery',NULL,0,'Thư viện ảnh',NULL,'_self',1,'2023-06-02 01:09:14','2023-06-02 01:09:14'),(31,5,30,NULL,NULL,'/galleries/king-bed',NULL,0,'King Bed',NULL,'_self',0,'2023-06-02 01:09:14','2023-06-02 01:09:14'),(32,5,30,NULL,NULL,'/galleries/duplex-restaurant',NULL,0,'Duplex Restaurant',NULL,'_self',0,'2023-06-02 01:09:14','2023-06-02 01:09:14'),(33,5,0,4,'Botble\\Page\\Models\\Page','/restaurant',NULL,0,'Nhà hàng',NULL,'_self',0,'2023-06-02 01:09:14','2023-06-02 01:09:14'),(34,5,0,7,'Botble\\Page\\Models\\Page','/places',NULL,0,'Địa điểm',NULL,'_self',0,'2023-06-02 01:09:14','2023-06-02 01:09:14'),(35,5,0,8,'Botble\\Page\\Models\\Page','/our-offers',NULL,0,'Khuyến mãi',NULL,'_self',0,'2023-06-02 01:09:14','2023-06-02 01:09:14'),(36,6,0,NULL,NULL,'#',NULL,0,'Nhà hàng & quầy Bar',NULL,'_self',0,'2023-06-02 01:09:14','2023-06-02 01:09:14'),(37,6,0,NULL,NULL,'#',NULL,0,'Hồ bơi',NULL,'_self',0,'2023-06-02 01:09:14','2023-06-02 01:09:14'),(38,6,0,NULL,NULL,'#',NULL,0,'Nhà hàng',NULL,'_self',0,'2023-06-02 01:09:14','2023-06-02 01:09:14'),(39,6,0,NULL,NULL,'#',NULL,0,'Phòng họp',NULL,'_self',0,'2023-06-02 01:09:14','2023-06-02 01:09:14'),(40,6,0,NULL,NULL,'#',NULL,0,'Tiệc Cocktail',NULL,'_self',0,'2023-06-02 01:09:14','2023-06-02 01:09:14'),(41,6,0,NULL,NULL,'#',NULL,0,'Khu vực chơi game',NULL,'_self',0,'2023-06-02 01:09:14','2023-06-02 01:09:14'),(42,6,0,NULL,NULL,'#',NULL,0,'Tiệc cưới',NULL,'_self',0,'2023-06-02 01:09:14','2023-06-02 01:09:14'),(43,6,0,NULL,NULL,'#',NULL,0,'Kế hoạch tổ chức tiệc',NULL,'_self',0,'2023-06-02 01:09:14','2023-06-02 01:09:14'),(44,6,0,NULL,NULL,'#',NULL,0,'Tư vấn du lịch',NULL,'_self',0,'2023-06-02 01:09:14','2023-06-02 01:09:14');
/*!40000 ALTER TABLE `menu_nodes` ENABLE KEYS */;
UNLOCK TABLES;

--
-- Table structure for table `menus`
--

DROP TABLE IF EXISTS `menus`;
/*!40101 SET @saved_cs_client     = @@character_set_client */;
/*!50503 SET character_set_client = utf8mb4 */;
CREATE TABLE `menus` (
  `id` bigint unsigned NOT NULL AUTO_INCREMENT,
  `name` varchar(120) COLLATE utf8mb4_unicode_ci NOT NULL,
  `slug` varchar(120) COLLATE utf8mb4_unicode_ci DEFAULT NULL,
  `status` varchar(60) COLLATE utf8mb4_unicode_ci NOT NULL DEFAULT 'published',
  `created_at` timestamp NULL DEFAULT NULL,
  `updated_at` timestamp NULL DEFAULT NULL,
  PRIMARY KEY (`id`),
  UNIQUE KEY `menus_slug_unique` (`slug`)
) ENGINE=InnoDB AUTO_INCREMENT=7 DEFAULT CHARSET=utf8mb4 COLLATE=utf8mb4_unicode_ci;
/*!40101 SET character_set_client = @saved_cs_client */;

--
-- Dumping data for table `menus`
--

LOCK TABLES `menus` WRITE;
/*!40000 ALTER TABLE `menus` DISABLE KEYS */;
INSERT INTO `menus` VALUES (1,'Header menu','header-menu','published','2023-06-02 01:09:14','2023-06-02 01:09:14'),(2,'Our pages','our-pages','published','2023-06-02 01:09:14','2023-06-02 01:09:14'),(3,'Services.','services','published','2023-06-02 01:09:14','2023-06-02 01:09:14'),(4,'Menu trên cùng','menu-tren-cung','published','2023-06-02 01:09:14','2023-06-02 01:09:14'),(5,'Các trang','menu-trang','published','2023-06-02 01:09:14','2023-06-02 01:09:14'),(6,'Dịch vụ.','dich-vu','published','2023-06-02 01:09:14','2023-06-02 01:09:14');
/*!40000 ALTER TABLE `menus` ENABLE KEYS */;
UNLOCK TABLES;

--
-- Table structure for table `meta_boxes`
--

DROP TABLE IF EXISTS `meta_boxes`;
/*!40101 SET @saved_cs_client     = @@character_set_client */;
/*!50503 SET character_set_client = utf8mb4 */;
CREATE TABLE `meta_boxes` (
  `id` bigint unsigned NOT NULL AUTO_INCREMENT,
  `meta_key` varchar(255) COLLATE utf8mb4_unicode_ci NOT NULL,
  `meta_value` text COLLATE utf8mb4_unicode_ci,
  `reference_id` bigint unsigned NOT NULL,
  `reference_type` varchar(120) COLLATE utf8mb4_unicode_ci NOT NULL,
  `created_at` timestamp NULL DEFAULT NULL,
  `updated_at` timestamp NULL DEFAULT NULL,
  PRIMARY KEY (`id`),
  KEY `meta_boxes_reference_id_index` (`reference_id`)
) ENGINE=InnoDB DEFAULT CHARSET=utf8mb4 COLLATE=utf8mb4_unicode_ci;
/*!40101 SET character_set_client = @saved_cs_client */;

--
-- Dumping data for table `meta_boxes`
--

LOCK TABLES `meta_boxes` WRITE;
/*!40000 ALTER TABLE `meta_boxes` DISABLE KEYS */;
/*!40000 ALTER TABLE `meta_boxes` ENABLE KEYS */;
UNLOCK TABLES;

--
-- Table structure for table `migrations`
--

DROP TABLE IF EXISTS `migrations`;
/*!40101 SET @saved_cs_client     = @@character_set_client */;
/*!50503 SET character_set_client = utf8mb4 */;
CREATE TABLE `migrations` (
  `id` int unsigned NOT NULL AUTO_INCREMENT,
  `migration` varchar(191) COLLATE utf8mb4_unicode_ci NOT NULL,
  `batch` int NOT NULL,
  PRIMARY KEY (`id`)
) ENGINE=InnoDB AUTO_INCREMENT=58 DEFAULT CHARSET=utf8mb4 COLLATE=utf8mb4_unicode_ci;
/*!40101 SET character_set_client = @saved_cs_client */;

--
-- Dumping data for table `migrations`
--

LOCK TABLES `migrations` WRITE;
/*!40000 ALTER TABLE `migrations` DISABLE KEYS */;
INSERT INTO `migrations` VALUES (1,'2013_04_09_032329_create_base_tables',1),(2,'2013_04_09_062329_create_revisions_table',1),(3,'2014_10_12_000000_create_users_table',1),(4,'2014_10_12_100000_create_password_reset_tokens_table',1),(5,'2016_06_10_230148_create_acl_tables',1),(6,'2016_06_14_230857_create_menus_table',1),(7,'2016_06_28_221418_create_pages_table',1),(8,'2016_10_05_074239_create_setting_table',1),(9,'2016_11_28_032840_create_dashboard_widget_tables',1),(10,'2016_12_16_084601_create_widgets_table',1),(11,'2017_05_09_070343_create_media_tables',1),(12,'2017_11_03_070450_create_slug_table',1),(13,'2019_01_05_053554_create_jobs_table',1),(14,'2019_08_19_000000_create_failed_jobs_table',1),(15,'2019_12_14_000001_create_personal_access_tokens_table',1),(16,'2021_08_05_134214_fix_social_link_theme_options',1),(17,'2022_04_20_100851_add_index_to_media_table',1),(18,'2022_04_20_101046_add_index_to_menu_table',1),(19,'2022_07_10_034813_move_lang_folder_to_root',1),(20,'2022_08_04_051940_add_missing_column_expires_at',1),(21,'2022_09_01_000001_create_admin_notifications_tables',1),(22,'2022_10_14_024629_drop_column_is_featured',1),(23,'2022_11_18_063357_add_missing_timestamp_in_table_settings',1),(24,'2022_12_02_093615_update_slug_index_columns',1),(25,'2023_01_30_024431_add_alt_to_media_table',1),(26,'2023_02_16_042611_drop_table_password_resets',1),(27,'2023_04_23_005903_add_column_permissions_to_admin_notifications',1),(28,'2023_05_10_075124_drop_column_id_in_role_users_table',1),(29,'2015_06_29_025744_create_audit_history',2),(30,'2015_06_18_033822_create_blog_table',3),(31,'2021_02_16_092633_remove_default_value_for_author_type',3),(32,'2021_12_03_030600_create_blog_translations',3),(33,'2022_04_19_113923_add_index_to_table_posts',3),(34,'2016_06_17_091537_create_contacts_table',4),(35,'2016_10_13_150201_create_galleries_table',5),(36,'2021_12_03_082953_create_gallery_translations',5),(37,'2022_04_30_034048_create_gallery_meta_translations_table',5),(38,'2020_09_02_033611_hotel_create_table',6),(39,'2021_06_25_084734_fix_theme_options',6),(40,'2021_08_18_011425_add_column_order_into_rooms',6),(41,'2021_08_25_153801_update_table_ht_room_categories',6),(42,'2021_08_29_031421_add_translations_tables_for_hotel',6),(43,'2023_04_09_083713_update_hotel_customers_table',6),(44,'2023_04_17_033111_add_booking_number_of_guests',6),(45,'2016_10_03_032336_create_languages_table',7),(46,'2021_10_25_021023_fix-priority-load-for-language-advanced',8),(47,'2021_12_03_075608_create_page_translations',8),(48,'2017_05_18_080441_create_payment_tables',9),(49,'2021_03_27_144913_add_customer_type_into_table_payments',9),(50,'2021_05_24_034720_make_column_currency_nullable',9),(51,'2021_08_09_161302_add_metadata_column_to_payments_table',9),(52,'2021_10_19_020859_update_metadata_field',9),(53,'2022_06_28_151901_activate_paypal_stripe_plugin',9),(54,'2022_07_07_153354_update_charge_id_in_table_payments',9),(55,'2018_07_09_214610_create_testimonial_table',10),(56,'2021_12_03_083642_create_testimonials_translations',10),(57,'2016_10_07_193005_create_translations_table',11);
/*!40000 ALTER TABLE `migrations` ENABLE KEYS */;
UNLOCK TABLES;

--
-- Table structure for table `pages`
--

DROP TABLE IF EXISTS `pages`;
/*!40101 SET @saved_cs_client     = @@character_set_client */;
/*!50503 SET character_set_client = utf8mb4 */;
CREATE TABLE `pages` (
  `id` bigint unsigned NOT NULL AUTO_INCREMENT,
  `name` varchar(120) COLLATE utf8mb4_unicode_ci NOT NULL,
  `content` longtext COLLATE utf8mb4_unicode_ci,
  `user_id` bigint unsigned NOT NULL,
  `image` varchar(255) COLLATE utf8mb4_unicode_ci DEFAULT NULL,
  `template` varchar(60) COLLATE utf8mb4_unicode_ci DEFAULT NULL,
  `description` varchar(400) COLLATE utf8mb4_unicode_ci DEFAULT NULL,
  `status` varchar(60) COLLATE utf8mb4_unicode_ci NOT NULL DEFAULT 'published',
  `created_at` timestamp NULL DEFAULT NULL,
  `updated_at` timestamp NULL DEFAULT NULL,
  PRIMARY KEY (`id`),
  KEY `pages_user_id_index` (`user_id`)
) ENGINE=InnoDB AUTO_INCREMENT=10 DEFAULT CHARSET=utf8mb4 COLLATE=utf8mb4_unicode_ci;
/*!40101 SET character_set_client = @saved_cs_client */;

--
-- Dumping data for table `pages`
--

LOCK TABLES `pages` WRITE;
/*!40000 ALTER TABLE `pages` DISABLE KEYS */;
INSERT INTO `pages` VALUES (1,'Homepage','<div>[home-banner][/home-banner]</div><div>[check-availability-form][/check-availability-form]</div><div>[hotel-about title=\"since 1994\" subtitle=\"Situated In Prime Position At The Foot Of The Slopes Of Courchevel Moriond.\" block_icon_1=\"flaticon-coffee\" block_text_1=\"Breakfast\" block_link_1=\"#\" block_icon_2=\"flaticon-air-freight\" block_text_2=\"Airport Pickup\" block_link_2=\"#\" block_icon_3=\"flaticon-marker\" block_text_3=\"City Guide\" block_link_3=\"#\" block_icon_4=\"flaticon-barbecue\" block_text_4=\"BBQ Party\" block_link_4=\"#\" block_icon_5=\"flaticon-hotel\" block_text_5=\"Luxury Room\" block_link_5=\"#\"][/hotel-about]</div><div>[room-categories title=\"Room Type\" subtitle=\"Inspired Loding\" background_image=\"general/bg.jpg\"][/room-categories]</div><div>[hotel-featured-features title=\"The Thin Escape\" subtitle=\"Miranda has everything for your trip & every single things.\" button_text=\"Take a tour\" button_url=\"/rooms\"][/hotel-featured-features]</div><div>[rooms][/rooms]</div><div>[video-introduction title=\"Take a tour\" subtitle=\"Discover Our Underground.\" content=\"Lorem ipsum dolor sit amet, consectetur adipisicing elit, sed do eiusmod tempor incididunt ut labore et dolore magna aliqua. Ut enim ad minim veniam, quis nostrud exercitation ullamco laboris nisi ut aliquip ex ea commodo consequat.\" background_image=\"general/video-background-02.jpg\" video_image=\"general/video-banner-01.jpg\" video_url=\"https://www.youtube.com/watch?v=EEJFMdfraVY\" button_text=\"Book Now\" button_url=\"/rooms\"][/video-introduction]</div><div>[testimonial title=\"testimonials\" subtitle=\"Client Feedback\"][/testimonial]</div><div>[rooms-introduction title=\"Our rooms\" subtitle=\"Each of our nine lovely double guest rooms feature a private bath, wi-fi, cable television and include full breakfast.\" background_image=\"general/bg.jpg\" first_image=\"general/01.jpg\" second_image=\"general/02.jpg\" third_image=\"general/03.jpg\" button_text=\"Take a tour\" button_url=\"/rooms\"][/rooms-introduction]</div><div>[featured-news title=\"Blog\" subtitle=\"News Feeds\"][/featured-news]</div>',1,NULL,'homepage',NULL,'published','2023-06-02 01:09:11','2023-06-02 01:09:11'),(2,'News','<p>--</p>',1,NULL,'default',NULL,'published','2023-06-02 01:09:11','2023-06-02 01:09:11'),(3,'Contact','<div>[contact-info][/contact-info]</div><div>[google-map]19/A, Cirikon City hall Tower New York, NYC[/google-map]</div><div>[contact-form][/contact-form]</div>',1,NULL,'no-sidebar',NULL,'published','2023-06-02 01:09:11','2023-06-02 01:09:11'),(4,'Restaurant','<div>[food-types][/food-types]</div><div>[foods title=\"Restaurant\" subtitle=\"Trending Menu\"][/foods]</div>',1,NULL,'no-sidebar',NULL,'published','2023-06-02 01:09:11','2023-06-02 01:09:11'),(5,'Our Gallery','<div>[all-galleries title=\"Gallery\" subtitle=\"Our Rooms\"][/all-galleries]</div>',1,NULL,'no-sidebar',NULL,'published','2023-06-02 01:09:11','2023-06-02 01:09:11'),(6,'About us','<div>[youtube-video url=\"https://www.youtube.com/watch?v=EEJFMdfraVY\" background_image=\"general/04.jpg\"][/youtube-video]</div><p>Hello. Our hotel has been present for over 20 years. We make the best or all our customers. Hello. Our hotel has been present for over 20 years. We make the best or all our customers. Hello. Our hotel has been present for over 20 years. We make the best or all our customers.</p><div>[hotel-core-features title=\"Facilities\" subtitle=\"Core Features\"][/hotel-core-features]</div><div>[featured-news title=\"Blog\" subtitle=\"News Feeds\"][/featured-news]</div>',1,NULL,'no-sidebar',NULL,'published','2023-06-02 01:09:11','2023-06-02 01:09:11'),(7,'Places','<div>[places][/places]</div>',1,NULL,'no-sidebar',NULL,'published','2023-06-02 01:09:11','2023-06-02 01:09:11'),(8,'Our Offers','<div>[our-offers][/our-offers]</div>',1,NULL,'no-sidebar',NULL,'published','2023-06-02 01:09:11','2023-06-02 01:09:11'),(9,'Cookie Policy','<h3>EU Cookie Consent</h3><p>To use this website we are using Cookies and collecting some data. To be compliant with the EU GDPR we give you to choose if you allow us to use certain Cookies and to collect some Data.</p><h4>Essential Data</h4><p>The Essential Data is needed to run the Site you are visiting technically. You can not deactivate them.</p><p>- Session Cookie: PHP uses a Cookie to identify user sessions. Without this Cookie the Website is not working.</p><p>- XSRF-Token Cookie: Laravel automatically generates a CSRF \"token\" for each active user session managed by the application. This token is used to verify that the authenticated user is the one actually making the requests to the application.</p>',1,NULL,'default',NULL,'published','2023-06-02 01:09:11','2023-06-02 01:09:11');
/*!40000 ALTER TABLE `pages` ENABLE KEYS */;
UNLOCK TABLES;

--
-- Table structure for table `pages_translations`
--

DROP TABLE IF EXISTS `pages_translations`;
/*!40101 SET @saved_cs_client     = @@character_set_client */;
/*!50503 SET character_set_client = utf8mb4 */;
CREATE TABLE `pages_translations` (
  `lang_code` varchar(191) COLLATE utf8mb4_unicode_ci NOT NULL,
  `pages_id` bigint unsigned NOT NULL,
  `name` varchar(255) COLLATE utf8mb4_unicode_ci DEFAULT NULL,
  `description` varchar(400) COLLATE utf8mb4_unicode_ci DEFAULT NULL,
  `content` longtext COLLATE utf8mb4_unicode_ci,
  PRIMARY KEY (`lang_code`,`pages_id`)
) ENGINE=InnoDB DEFAULT CHARSET=utf8mb4 COLLATE=utf8mb4_unicode_ci;
/*!40101 SET character_set_client = @saved_cs_client */;

--
-- Dumping data for table `pages_translations`
--

LOCK TABLES `pages_translations` WRITE;
/*!40000 ALTER TABLE `pages_translations` DISABLE KEYS */;
INSERT INTO `pages_translations` VALUES ('vi',1,'Homepage',NULL,'<div>[home-banner][/home-banner]</div><div>[check-availability-form][/check-availability-form]</div><div>[hotel-about title=\"since 1994\" subtitle=\"Situated In Prime Position At The Foot Of The Slopes Of Courchevel Moriond.\" block_icon_1=\"flaticon-coffee\" block_text_1=\"Breakfast\" block_link_1=\"#\" block_icon_2=\"flaticon-air-freight\" block_text_2=\"Airport Pickup\" block_link_2=\"#\" block_icon_3=\"flaticon-marker\" block_text_3=\"City Guide\" block_link_3=\"#\" block_icon_4=\"flaticon-barbecue\" block_text_4=\"BBQ Party\" block_link_4=\"#\" block_icon_5=\"flaticon-hotel\" block_text_5=\"Luxury Room\" block_link_5=\"#\"][/hotel-about]</div><div>[room-categories title=\"Room Type\" subtitle=\"Inspired Loding\" background_image=\"general/bg.jpg\"][/room-categories]</div><div>[hotel-featured-features title=\"The Thin Escape\" subtitle=\"Miranda has everything for your trip & every single things.\" button_text=\"Take a tour\" button_url=\"/rooms\"][/hotel-featured-features]</div><div>[rooms][/rooms]</div><div>[video-introduction title=\"Take a tour\" subtitle=\"Discover Our Underground.\" content=\"Lorem ipsum dolor sit amet, consectetur adipisicing elit, sed do eiusmod tempor incididunt ut labore et dolore magna aliqua. Ut enim ad minim veniam, quis nostrud exercitation ullamco laboris nisi ut aliquip ex ea commodo consequat.\" background_image=\"general/video-background-02.jpg\" video_image=\"general/video-banner-01.jpg\" video_url=\"https://www.youtube.com/watch?v=EEJFMdfraVY\" button_text=\"Book Now\" button_url=\"/rooms\"][/video-introduction]</div><div>[testimonial title=\"testimonials\" subtitle=\"Client Feedback\"][/testimonial]</div><div>[rooms-introduction title=\"Our rooms\" subtitle=\"Each of our nine lovely double guest rooms feature a private bath, wi-fi, cable television and include full breakfast.\" background_image=\"general/bg.jpg\" first_image=\"general/01.jpg\" second_image=\"general/02.jpg\" third_image=\"general/03.jpg\" button_text=\"Take a tour\" button_url=\"/rooms\"][/rooms-introduction]</div><div>[featured-news title=\"Blog\" subtitle=\"News Feeds\"][/featured-news]</div>'),('vi',2,'Tin tức',NULL,'<p>--</p>'),('vi',3,'Liên hệ',NULL,'<div>[contact-info][/contact-info]</div><div>[google-map]19/A, Cirikon City hall Tower New York, NYC[/google-map]</div><div>[contact-form][/contact-form]</div>'),('vi',4,'Nhà hàng',NULL,'<div>[food-types][/food-types]</div><div>[foods title=\"Restaurant\" subtitle=\"Trending Menu\"][/foods]</div>'),('vi',5,'Thư viện ảnh',NULL,'<div>[all-galleries title=\"Gallery\" subtitle=\"Our Rooms\"][/all-galleries]</div>'),('vi',6,'Về chúng tôi',NULL,'<div>[youtube-video url=\"https://www.youtube.com/watch?v=EEJFMdfraVY\" background_image=\"general/04.jpg\"][/youtube-video]</div><p>Hello. Our hotel has been present for over 20 years. We make the best or all our customers. Hello. Our hotel has been present for over 20 years. We make the best or all our customers. Hello. Our hotel has been present for over 20 years. We make the best or all our customers.</p><div>[hotel-core-features title=\"Facilities\" subtitle=\"Core Features\"][/hotel-core-features]</div><div>[featured-news title=\"Blog\" subtitle=\"News Feeds\"][/featured-news]</div>'),('vi',7,'Địa điểm',NULL,'<div>[places][/places]</div>'),('vi',8,'Khuyến mãi',NULL,'<div>[our-offers][/our-offers]</div>'),('vi',9,'Chính sách cookie',NULL,'<h3>EU Cookie Consent</h3><p>To use this website we are using Cookies and collecting some data. To be compliant with the EU GDPR we give you to choose if you allow us to use certain Cookies and to collect some Data.</p><h4>Essential Data</h4><p>The Essential Data is needed to run the Site you are visiting technically. You can not deactivate them.</p><p>- Session Cookie: PHP uses a Cookie to identify user sessions. Without this Cookie the Website is not working.</p><p>- XSRF-Token Cookie: Laravel automatically generates a CSRF \"token\" for each active user session managed by the application. This token is used to verify that the authenticated user is the one actually making the requests to the application.</p>');
/*!40000 ALTER TABLE `pages_translations` ENABLE KEYS */;
UNLOCK TABLES;

--
-- Table structure for table `password_reset_tokens`
--

DROP TABLE IF EXISTS `password_reset_tokens`;
/*!40101 SET @saved_cs_client     = @@character_set_client */;
/*!50503 SET character_set_client = utf8mb4 */;
CREATE TABLE `password_reset_tokens` (
  `email` varchar(191) COLLATE utf8mb4_unicode_ci NOT NULL,
  `token` varchar(191) COLLATE utf8mb4_unicode_ci NOT NULL,
  `created_at` timestamp NULL DEFAULT NULL,
  PRIMARY KEY (`email`)
) ENGINE=InnoDB DEFAULT CHARSET=utf8mb4 COLLATE=utf8mb4_unicode_ci;
/*!40101 SET character_set_client = @saved_cs_client */;

--
-- Dumping data for table `password_reset_tokens`
--

LOCK TABLES `password_reset_tokens` WRITE;
/*!40000 ALTER TABLE `password_reset_tokens` DISABLE KEYS */;
/*!40000 ALTER TABLE `password_reset_tokens` ENABLE KEYS */;
UNLOCK TABLES;

--
-- Table structure for table `payments`
--

DROP TABLE IF EXISTS `payments`;
/*!40101 SET @saved_cs_client     = @@character_set_client */;
/*!50503 SET character_set_client = utf8mb4 */;
CREATE TABLE `payments` (
  `id` bigint unsigned NOT NULL AUTO_INCREMENT,
  `currency` varchar(120) CHARACTER SET utf8mb4 COLLATE utf8mb4_unicode_ci DEFAULT NULL,
  `user_id` bigint unsigned NOT NULL DEFAULT '0',
  `charge_id` varchar(255) CHARACTER SET utf8mb4 COLLATE utf8mb4_unicode_ci DEFAULT NULL,
  `payment_channel` varchar(60) COLLATE utf8mb4_unicode_ci DEFAULT NULL,
  `description` varchar(255) COLLATE utf8mb4_unicode_ci DEFAULT NULL,
  `amount` decimal(15,2) unsigned NOT NULL,
  `order_id` bigint unsigned DEFAULT NULL,
  `status` varchar(60) COLLATE utf8mb4_unicode_ci DEFAULT 'pending',
  `payment_type` varchar(191) COLLATE utf8mb4_unicode_ci DEFAULT 'confirm',
  `customer_id` bigint unsigned DEFAULT NULL,
  `refunded_amount` decimal(15,2) unsigned DEFAULT NULL,
  `refund_note` varchar(255) COLLATE utf8mb4_unicode_ci DEFAULT NULL,
  `created_at` timestamp NULL DEFAULT NULL,
  `updated_at` timestamp NULL DEFAULT NULL,
  `customer_type` varchar(255) COLLATE utf8mb4_unicode_ci DEFAULT NULL,
  `metadata` mediumtext CHARACTER SET utf8mb4 COLLATE utf8mb4_unicode_ci,
  PRIMARY KEY (`id`)
) ENGINE=InnoDB DEFAULT CHARSET=utf8mb4 COLLATE=utf8mb4_unicode_ci;
/*!40101 SET character_set_client = @saved_cs_client */;

--
-- Dumping data for table `payments`
--

LOCK TABLES `payments` WRITE;
/*!40000 ALTER TABLE `payments` DISABLE KEYS */;
/*!40000 ALTER TABLE `payments` ENABLE KEYS */;
UNLOCK TABLES;

--
-- Table structure for table `personal_access_tokens`
--

DROP TABLE IF EXISTS `personal_access_tokens`;
/*!40101 SET @saved_cs_client     = @@character_set_client */;
/*!50503 SET character_set_client = utf8mb4 */;
CREATE TABLE `personal_access_tokens` (
  `id` bigint unsigned NOT NULL AUTO_INCREMENT,
  `tokenable_type` varchar(191) COLLATE utf8mb4_unicode_ci NOT NULL,
  `tokenable_id` bigint unsigned NOT NULL,
  `name` varchar(191) COLLATE utf8mb4_unicode_ci NOT NULL,
  `token` varchar(64) COLLATE utf8mb4_unicode_ci NOT NULL,
  `abilities` text COLLATE utf8mb4_unicode_ci,
  `last_used_at` timestamp NULL DEFAULT NULL,
  `expires_at` timestamp NULL DEFAULT NULL,
  `created_at` timestamp NULL DEFAULT NULL,
  `updated_at` timestamp NULL DEFAULT NULL,
  PRIMARY KEY (`id`),
  UNIQUE KEY `personal_access_tokens_token_unique` (`token`),
  KEY `personal_access_tokens_tokenable_type_tokenable_id_index` (`tokenable_type`,`tokenable_id`)
) ENGINE=InnoDB DEFAULT CHARSET=utf8mb4 COLLATE=utf8mb4_unicode_ci;
/*!40101 SET character_set_client = @saved_cs_client */;

--
-- Dumping data for table `personal_access_tokens`
--

LOCK TABLES `personal_access_tokens` WRITE;
/*!40000 ALTER TABLE `personal_access_tokens` DISABLE KEYS */;
/*!40000 ALTER TABLE `personal_access_tokens` ENABLE KEYS */;
UNLOCK TABLES;

--
-- Table structure for table `post_categories`
--

DROP TABLE IF EXISTS `post_categories`;
/*!40101 SET @saved_cs_client     = @@character_set_client */;
/*!50503 SET character_set_client = utf8mb4 */;
CREATE TABLE `post_categories` (
  `category_id` bigint unsigned NOT NULL,
  `post_id` bigint unsigned NOT NULL,
  KEY `post_categories_category_id_index` (`category_id`),
  KEY `post_categories_post_id_index` (`post_id`)
) ENGINE=InnoDB DEFAULT CHARSET=utf8mb4 COLLATE=utf8mb4_unicode_ci;
/*!40101 SET character_set_client = @saved_cs_client */;

--
-- Dumping data for table `post_categories`
--

LOCK TABLES `post_categories` WRITE;
/*!40000 ALTER TABLE `post_categories` DISABLE KEYS */;
INSERT INTO `post_categories` VALUES (1,1),(4,1),(2,2),(4,2),(2,3),(3,3),(1,4),(4,4),(2,5),(4,5),(1,6),(4,6);
/*!40000 ALTER TABLE `post_categories` ENABLE KEYS */;
UNLOCK TABLES;

--
-- Table structure for table `post_tags`
--

DROP TABLE IF EXISTS `post_tags`;
/*!40101 SET @saved_cs_client     = @@character_set_client */;
/*!50503 SET character_set_client = utf8mb4 */;
CREATE TABLE `post_tags` (
  `tag_id` bigint unsigned NOT NULL,
  `post_id` bigint unsigned NOT NULL,
  KEY `post_tags_tag_id_index` (`tag_id`),
  KEY `post_tags_post_id_index` (`post_id`)
) ENGINE=InnoDB DEFAULT CHARSET=utf8mb4 COLLATE=utf8mb4_unicode_ci;
/*!40101 SET character_set_client = @saved_cs_client */;

--
-- Dumping data for table `post_tags`
--

LOCK TABLES `post_tags` WRITE;
/*!40000 ALTER TABLE `post_tags` DISABLE KEYS */;
INSERT INTO `post_tags` VALUES (1,1),(2,1),(3,1),(4,1),(5,1),(1,2),(2,2),(3,2),(4,2),(5,2),(1,3),(2,3),(3,3),(4,3),(5,3),(1,4),(2,4),(3,4),(4,4),(5,4),(1,5),(2,5),(3,5),(4,5),(5,5),(1,6),(2,6),(3,6),(4,6),(5,6);
/*!40000 ALTER TABLE `post_tags` ENABLE KEYS */;
UNLOCK TABLES;

--
-- Table structure for table `posts`
--

DROP TABLE IF EXISTS `posts`;
/*!40101 SET @saved_cs_client     = @@character_set_client */;
/*!50503 SET character_set_client = utf8mb4 */;
CREATE TABLE `posts` (
  `id` bigint unsigned NOT NULL AUTO_INCREMENT,
  `name` varchar(255) COLLATE utf8mb4_unicode_ci NOT NULL,
  `description` varchar(400) COLLATE utf8mb4_unicode_ci DEFAULT NULL,
  `content` longtext COLLATE utf8mb4_unicode_ci,
  `status` varchar(60) COLLATE utf8mb4_unicode_ci NOT NULL DEFAULT 'published',
  `author_id` bigint unsigned NOT NULL,
  `author_type` varchar(255) CHARACTER SET utf8mb4 COLLATE utf8mb4_unicode_ci NOT NULL DEFAULT 'Botble\\ACL\\Models\\User',
  `is_featured` tinyint unsigned NOT NULL DEFAULT '0',
  `image` varchar(255) COLLATE utf8mb4_unicode_ci DEFAULT NULL,
  `views` int unsigned NOT NULL DEFAULT '0',
  `format_type` varchar(30) COLLATE utf8mb4_unicode_ci DEFAULT NULL,
  `created_at` timestamp NULL DEFAULT NULL,
  `updated_at` timestamp NULL DEFAULT NULL,
  PRIMARY KEY (`id`),
  KEY `status` (`status`),
  KEY `author_id` (`author_id`),
  KEY `author_type` (`author_type`),
  KEY `created_at` (`created_at`)
) ENGINE=InnoDB AUTO_INCREMENT=7 DEFAULT CHARSET=utf8mb4 COLLATE=utf8mb4_unicode_ci;
/*!40101 SET character_set_client = @saved_cs_client */;

--
-- Dumping data for table `posts`
--

LOCK TABLES `posts` WRITE;
/*!40000 ALTER TABLE `posts` DISABLE KEYS */;
INSERT INTO `posts` VALUES (1,'Each of our 8 double rooms has its own distinct.','You should pay more attention when you choose your wallets. There are a lot of them on the market with the different designs and styles. When you choose carefully, you would be able to buy a wallet that is catered to your needs. Not to mention that it will help to enhance your style significantly.','<p>I have seen many people underestimating the power of their wallets. To them, they are just a functional item they use to carry. As a result, they often end up with the wallets which are not really suitable for them.</p>\n\n<p>You should pay more attention when you choose your wallets. There are a lot of them on the market with the different designs and styles. When you choose carefully, you would be able to buy a wallet that is catered to your needs. Not to mention that it will help to enhance your style significantly.</p>\n\n<p style=\"text-align:center\"><img alt=\"f4\" src=\"/storage/news/04.jpg\" /></p>\n\n<p><br />\n&nbsp;</p>\n\n<p><strong><em>For all of the reason above, here are 7 expert tips to help you pick up the right men&rsquo;s wallet for you:</em></strong></p>\n\n<h4><strong>Number 1: Choose A Neat Wallet</strong></h4>\n\n<p>The wallet is an essential accessory that you should go simple. Simplicity is the best in this case. A simple and neat wallet with the plain color and even&nbsp;<strong>minimalist style</strong>&nbsp;is versatile. It can be used for both formal and casual events. In addition, that wallet will go well with most of the clothes in your wardrobe.</p>\n\n<p>Keep in mind that a wallet will tell other people about your personality and your fashion sense as much as other clothes you put on. Hence, don&rsquo;t go cheesy on your wallet or else people will think that you have a funny and particular style.</p>\n\n<p style=\"text-align:center\"><img alt=\"f5\" src=\"/storage/news/05.jpg\" /></p>\n\n<p><br />\n&nbsp;</p>\n<hr />\n<h4><strong>Number 2: Choose The Right Size For Your Wallet</strong></h4>\n\n<p>You should avoid having an over-sized wallet. Don&rsquo;t think that you need to buy a big wallet because you have a lot to carry with you. In addition, a fat wallet is very ugly. It will make it harder for you to slide the wallet into your trousers&rsquo; pocket. In addition, it will create a bulge and ruin your look.</p>\n\n<p>Before you go on to buy a new wallet, clean out your wallet and place all of the items from your wallet on a table. Throw away things that you would never need any more such as the old bills or the expired gift cards. Remember to check your wallet on a frequent basis to get rid of all of the old stuff that you don&rsquo;t need anymore.</p>\n\n<p style=\"text-align:center\"><img alt=\"f1\" src=\"/storage/news/06.jpg\" /></p>\n\n<p><br />\n&nbsp;</p>\n\n<hr />\n<h4><strong>Number 3: Don&rsquo;t Limit Your Options Of Materials</strong></h4>\n\n<p>The types and designs of wallets are not the only things that you should consider when you go out searching for your best wallet. You have more than 1 option of material rather than leather to choose from as well.</p>\n\n<p>You can experiment with other available options such as cotton, polyester and canvas. They all have their own pros and cons. As a result, they will be suitable for different needs and requirements. You should think about them all in order to choose the material which you would like the most.</p>\n\n<p>&nbsp;</p>\n','published',1,'Botble\\ACL\\Models\\User',1,'news/01.jpg',2047,NULL,'2023-06-02 01:09:08','2023-06-02 01:09:08'),(2,'Essential Qualities of Highly Successful Music','You should pay more attention when you choose your wallets. There are a lot of them on the market with the different designs and styles. When you choose carefully, you would be able to buy a wallet that is catered to your needs. Not to mention that it will help to enhance your style significantly.','<p>I have seen many people underestimating the power of their wallets. To them, they are just a functional item they use to carry. As a result, they often end up with the wallets which are not really suitable for them.</p>\n\n<p>You should pay more attention when you choose your wallets. There are a lot of them on the market with the different designs and styles. When you choose carefully, you would be able to buy a wallet that is catered to your needs. Not to mention that it will help to enhance your style significantly.</p>\n\n<p style=\"text-align:center\"><img alt=\"f4\" src=\"/storage/news/04.jpg\" /></p>\n\n<p><br />\n&nbsp;</p>\n\n<p><strong><em>For all of the reason above, here are 7 expert tips to help you pick up the right men&rsquo;s wallet for you:</em></strong></p>\n\n<h4><strong>Number 1: Choose A Neat Wallet</strong></h4>\n\n<p>The wallet is an essential accessory that you should go simple. Simplicity is the best in this case. A simple and neat wallet with the plain color and even&nbsp;<strong>minimalist style</strong>&nbsp;is versatile. It can be used for both formal and casual events. In addition, that wallet will go well with most of the clothes in your wardrobe.</p>\n\n<p>Keep in mind that a wallet will tell other people about your personality and your fashion sense as much as other clothes you put on. Hence, don&rsquo;t go cheesy on your wallet or else people will think that you have a funny and particular style.</p>\n\n<p style=\"text-align:center\"><img alt=\"f5\" src=\"/storage/news/05.jpg\" /></p>\n\n<p><br />\n&nbsp;</p>\n<hr />\n<h4><strong>Number 2: Choose The Right Size For Your Wallet</strong></h4>\n\n<p>You should avoid having an over-sized wallet. Don&rsquo;t think that you need to buy a big wallet because you have a lot to carry with you. In addition, a fat wallet is very ugly. It will make it harder for you to slide the wallet into your trousers&rsquo; pocket. In addition, it will create a bulge and ruin your look.</p>\n\n<p>Before you go on to buy a new wallet, clean out your wallet and place all of the items from your wallet on a table. Throw away things that you would never need any more such as the old bills or the expired gift cards. Remember to check your wallet on a frequent basis to get rid of all of the old stuff that you don&rsquo;t need anymore.</p>\n\n<p style=\"text-align:center\"><img alt=\"f1\" src=\"/storage/news/06.jpg\" /></p>\n\n<p><br />\n&nbsp;</p>\n\n<hr />\n<h4><strong>Number 3: Don&rsquo;t Limit Your Options Of Materials</strong></h4>\n\n<p>The types and designs of wallets are not the only things that you should consider when you go out searching for your best wallet. You have more than 1 option of material rather than leather to choose from as well.</p>\n\n<p>You can experiment with other available options such as cotton, polyester and canvas. They all have their own pros and cons. As a result, they will be suitable for different needs and requirements. You should think about them all in order to choose the material which you would like the most.</p>\n\n<p>&nbsp;</p>\n','published',1,'Botble\\ACL\\Models\\User',1,'news/02.jpg',1882,NULL,'2023-06-02 01:09:08','2023-06-02 01:09:08'),(3,'9 Things I Love About Shaving My Head','You should pay more attention when you choose your wallets. There are a lot of them on the market with the different designs and styles. When you choose carefully, you would be able to buy a wallet that is catered to your needs. Not to mention that it will help to enhance your style significantly.','<p>I have seen many people underestimating the power of their wallets. To them, they are just a functional item they use to carry. As a result, they often end up with the wallets which are not really suitable for them.</p>\n\n<p>You should pay more attention when you choose your wallets. There are a lot of them on the market with the different designs and styles. When you choose carefully, you would be able to buy a wallet that is catered to your needs. Not to mention that it will help to enhance your style significantly.</p>\n\n<p style=\"text-align:center\"><img alt=\"f4\" src=\"/storage/news/04.jpg\" /></p>\n\n<p><br />\n&nbsp;</p>\n\n<p><strong><em>For all of the reason above, here are 7 expert tips to help you pick up the right men&rsquo;s wallet for you:</em></strong></p>\n\n<h4><strong>Number 1: Choose A Neat Wallet</strong></h4>\n\n<p>The wallet is an essential accessory that you should go simple. Simplicity is the best in this case. A simple and neat wallet with the plain color and even&nbsp;<strong>minimalist style</strong>&nbsp;is versatile. It can be used for both formal and casual events. In addition, that wallet will go well with most of the clothes in your wardrobe.</p>\n\n<p>Keep in mind that a wallet will tell other people about your personality and your fashion sense as much as other clothes you put on. Hence, don&rsquo;t go cheesy on your wallet or else people will think that you have a funny and particular style.</p>\n\n<p style=\"text-align:center\"><img alt=\"f5\" src=\"/storage/news/05.jpg\" /></p>\n\n<p><br />\n&nbsp;</p>\n<hr />\n<h4><strong>Number 2: Choose The Right Size For Your Wallet</strong></h4>\n\n<p>You should avoid having an over-sized wallet. Don&rsquo;t think that you need to buy a big wallet because you have a lot to carry with you. In addition, a fat wallet is very ugly. It will make it harder for you to slide the wallet into your trousers&rsquo; pocket. In addition, it will create a bulge and ruin your look.</p>\n\n<p>Before you go on to buy a new wallet, clean out your wallet and place all of the items from your wallet on a table. Throw away things that you would never need any more such as the old bills or the expired gift cards. Remember to check your wallet on a frequent basis to get rid of all of the old stuff that you don&rsquo;t need anymore.</p>\n\n<p style=\"text-align:center\"><img alt=\"f1\" src=\"/storage/news/06.jpg\" /></p>\n\n<p><br />\n&nbsp;</p>\n\n<hr />\n<h4><strong>Number 3: Don&rsquo;t Limit Your Options Of Materials</strong></h4>\n\n<p>The types and designs of wallets are not the only things that you should consider when you go out searching for your best wallet. You have more than 1 option of material rather than leather to choose from as well.</p>\n\n<p>You can experiment with other available options such as cotton, polyester and canvas. They all have their own pros and cons. As a result, they will be suitable for different needs and requirements. You should think about them all in order to choose the material which you would like the most.</p>\n\n<p>&nbsp;</p>\n','published',1,'Botble\\ACL\\Models\\User',1,'news/03.jpg',2244,NULL,'2023-06-02 01:09:08','2023-06-02 01:09:08'),(4,'Why Teamwork Really Makes The Dream Work','You should pay more attention when you choose your wallets. There are a lot of them on the market with the different designs and styles. When you choose carefully, you would be able to buy a wallet that is catered to your needs. Not to mention that it will help to enhance your style significantly.','<p>I have seen many people underestimating the power of their wallets. To them, they are just a functional item they use to carry. As a result, they often end up with the wallets which are not really suitable for them.</p>\n\n<p>You should pay more attention when you choose your wallets. There are a lot of them on the market with the different designs and styles. When you choose carefully, you would be able to buy a wallet that is catered to your needs. Not to mention that it will help to enhance your style significantly.</p>\n\n<p style=\"text-align:center\"><img alt=\"f4\" src=\"/storage/news/04.jpg\" /></p>\n\n<p><br />\n&nbsp;</p>\n\n<p><strong><em>For all of the reason above, here are 7 expert tips to help you pick up the right men&rsquo;s wallet for you:</em></strong></p>\n\n<h4><strong>Number 1: Choose A Neat Wallet</strong></h4>\n\n<p>The wallet is an essential accessory that you should go simple. Simplicity is the best in this case. A simple and neat wallet with the plain color and even&nbsp;<strong>minimalist style</strong>&nbsp;is versatile. It can be used for both formal and casual events. In addition, that wallet will go well with most of the clothes in your wardrobe.</p>\n\n<p>Keep in mind that a wallet will tell other people about your personality and your fashion sense as much as other clothes you put on. Hence, don&rsquo;t go cheesy on your wallet or else people will think that you have a funny and particular style.</p>\n\n<p style=\"text-align:center\"><img alt=\"f5\" src=\"/storage/news/05.jpg\" /></p>\n\n<p><br />\n&nbsp;</p>\n<hr />\n<h4><strong>Number 2: Choose The Right Size For Your Wallet</strong></h4>\n\n<p>You should avoid having an over-sized wallet. Don&rsquo;t think that you need to buy a big wallet because you have a lot to carry with you. In addition, a fat wallet is very ugly. It will make it harder for you to slide the wallet into your trousers&rsquo; pocket. In addition, it will create a bulge and ruin your look.</p>\n\n<p>Before you go on to buy a new wallet, clean out your wallet and place all of the items from your wallet on a table. Throw away things that you would never need any more such as the old bills or the expired gift cards. Remember to check your wallet on a frequent basis to get rid of all of the old stuff that you don&rsquo;t need anymore.</p>\n\n<p style=\"text-align:center\"><img alt=\"f1\" src=\"/storage/news/06.jpg\" /></p>\n\n<p><br />\n&nbsp;</p>\n\n<hr />\n<h4><strong>Number 3: Don&rsquo;t Limit Your Options Of Materials</strong></h4>\n\n<p>The types and designs of wallets are not the only things that you should consider when you go out searching for your best wallet. You have more than 1 option of material rather than leather to choose from as well.</p>\n\n<p>You can experiment with other available options such as cotton, polyester and canvas. They all have their own pros and cons. As a result, they will be suitable for different needs and requirements. You should think about them all in order to choose the material which you would like the most.</p>\n\n<p>&nbsp;</p>\n','published',1,'Botble\\ACL\\Models\\User',1,'news/04.jpg',1603,NULL,'2023-06-02 01:09:08','2023-06-02 01:09:08'),(5,'The World Caters to Average People','You should pay more attention when you choose your wallets. There are a lot of them on the market with the different designs and styles. When you choose carefully, you would be able to buy a wallet that is catered to your needs. Not to mention that it will help to enhance your style significantly.','<p>I have seen many people underestimating the power of their wallets. To them, they are just a functional item they use to carry. As a result, they often end up with the wallets which are not really suitable for them.</p>\n\n<p>You should pay more attention when you choose your wallets. There are a lot of them on the market with the different designs and styles. When you choose carefully, you would be able to buy a wallet that is catered to your needs. Not to mention that it will help to enhance your style significantly.</p>\n\n<p style=\"text-align:center\"><img alt=\"f4\" src=\"/storage/news/04.jpg\" /></p>\n\n<p><br />\n&nbsp;</p>\n\n<p><strong><em>For all of the reason above, here are 7 expert tips to help you pick up the right men&rsquo;s wallet for you:</em></strong></p>\n\n<h4><strong>Number 1: Choose A Neat Wallet</strong></h4>\n\n<p>The wallet is an essential accessory that you should go simple. Simplicity is the best in this case. A simple and neat wallet with the plain color and even&nbsp;<strong>minimalist style</strong>&nbsp;is versatile. It can be used for both formal and casual events. In addition, that wallet will go well with most of the clothes in your wardrobe.</p>\n\n<p>Keep in mind that a wallet will tell other people about your personality and your fashion sense as much as other clothes you put on. Hence, don&rsquo;t go cheesy on your wallet or else people will think that you have a funny and particular style.</p>\n\n<p style=\"text-align:center\"><img alt=\"f5\" src=\"/storage/news/05.jpg\" /></p>\n\n<p><br />\n&nbsp;</p>\n<hr />\n<h4><strong>Number 2: Choose The Right Size For Your Wallet</strong></h4>\n\n<p>You should avoid having an over-sized wallet. Don&rsquo;t think that you need to buy a big wallet because you have a lot to carry with you. In addition, a fat wallet is very ugly. It will make it harder for you to slide the wallet into your trousers&rsquo; pocket. In addition, it will create a bulge and ruin your look.</p>\n\n<p>Before you go on to buy a new wallet, clean out your wallet and place all of the items from your wallet on a table. Throw away things that you would never need any more such as the old bills or the expired gift cards. Remember to check your wallet on a frequent basis to get rid of all of the old stuff that you don&rsquo;t need anymore.</p>\n\n<p style=\"text-align:center\"><img alt=\"f1\" src=\"/storage/news/06.jpg\" /></p>\n\n<p><br />\n&nbsp;</p>\n\n<hr />\n<h4><strong>Number 3: Don&rsquo;t Limit Your Options Of Materials</strong></h4>\n\n<p>The types and designs of wallets are not the only things that you should consider when you go out searching for your best wallet. You have more than 1 option of material rather than leather to choose from as well.</p>\n\n<p>You can experiment with other available options such as cotton, polyester and canvas. They all have their own pros and cons. As a result, they will be suitable for different needs and requirements. You should think about them all in order to choose the material which you would like the most.</p>\n\n<p>&nbsp;</p>\n','published',1,'Botble\\ACL\\Models\\User',1,'news/05.jpg',2067,NULL,'2023-06-02 01:09:08','2023-06-02 01:09:08'),(6,'The litigants on the screen are not actors','You should pay more attention when you choose your wallets. There are a lot of them on the market with the different designs and styles. When you choose carefully, you would be able to buy a wallet that is catered to your needs. Not to mention that it will help to enhance your style significantly.','<p>I have seen many people underestimating the power of their wallets. To them, they are just a functional item they use to carry. As a result, they often end up with the wallets which are not really suitable for them.</p>\n\n<p>You should pay more attention when you choose your wallets. There are a lot of them on the market with the different designs and styles. When you choose carefully, you would be able to buy a wallet that is catered to your needs. Not to mention that it will help to enhance your style significantly.</p>\n\n<p style=\"text-align:center\"><img alt=\"f4\" src=\"/storage/news/04.jpg\" /></p>\n\n<p><br />\n&nbsp;</p>\n\n<p><strong><em>For all of the reason above, here are 7 expert tips to help you pick up the right men&rsquo;s wallet for you:</em></strong></p>\n\n<h4><strong>Number 1: Choose A Neat Wallet</strong></h4>\n\n<p>The wallet is an essential accessory that you should go simple. Simplicity is the best in this case. A simple and neat wallet with the plain color and even&nbsp;<strong>minimalist style</strong>&nbsp;is versatile. It can be used for both formal and casual events. In addition, that wallet will go well with most of the clothes in your wardrobe.</p>\n\n<p>Keep in mind that a wallet will tell other people about your personality and your fashion sense as much as other clothes you put on. Hence, don&rsquo;t go cheesy on your wallet or else people will think that you have a funny and particular style.</p>\n\n<p style=\"text-align:center\"><img alt=\"f5\" src=\"/storage/news/05.jpg\" /></p>\n\n<p><br />\n&nbsp;</p>\n<hr />\n<h4><strong>Number 2: Choose The Right Size For Your Wallet</strong></h4>\n\n<p>You should avoid having an over-sized wallet. Don&rsquo;t think that you need to buy a big wallet because you have a lot to carry with you. In addition, a fat wallet is very ugly. It will make it harder for you to slide the wallet into your trousers&rsquo; pocket. In addition, it will create a bulge and ruin your look.</p>\n\n<p>Before you go on to buy a new wallet, clean out your wallet and place all of the items from your wallet on a table. Throw away things that you would never need any more such as the old bills or the expired gift cards. Remember to check your wallet on a frequent basis to get rid of all of the old stuff that you don&rsquo;t need anymore.</p>\n\n<p style=\"text-align:center\"><img alt=\"f1\" src=\"/storage/news/06.jpg\" /></p>\n\n<p><br />\n&nbsp;</p>\n\n<hr />\n<h4><strong>Number 3: Don&rsquo;t Limit Your Options Of Materials</strong></h4>\n\n<p>The types and designs of wallets are not the only things that you should consider when you go out searching for your best wallet. You have more than 1 option of material rather than leather to choose from as well.</p>\n\n<p>You can experiment with other available options such as cotton, polyester and canvas. They all have their own pros and cons. As a result, they will be suitable for different needs and requirements. You should think about them all in order to choose the material which you would like the most.</p>\n\n<p>&nbsp;</p>\n','published',1,'Botble\\ACL\\Models\\User',1,'news/06.jpg',219,NULL,'2023-06-02 01:09:08','2023-06-02 01:09:08');
/*!40000 ALTER TABLE `posts` ENABLE KEYS */;
UNLOCK TABLES;

--
-- Table structure for table `posts_translations`
--

DROP TABLE IF EXISTS `posts_translations`;
/*!40101 SET @saved_cs_client     = @@character_set_client */;
/*!50503 SET character_set_client = utf8mb4 */;
CREATE TABLE `posts_translations` (
  `lang_code` varchar(191) COLLATE utf8mb4_unicode_ci NOT NULL,
  `posts_id` bigint unsigned NOT NULL,
  `name` varchar(255) COLLATE utf8mb4_unicode_ci DEFAULT NULL,
  `description` varchar(400) COLLATE utf8mb4_unicode_ci DEFAULT NULL,
  `content` longtext COLLATE utf8mb4_unicode_ci,
  PRIMARY KEY (`lang_code`,`posts_id`)
) ENGINE=InnoDB DEFAULT CHARSET=utf8mb4 COLLATE=utf8mb4_unicode_ci;
/*!40101 SET character_set_client = @saved_cs_client */;

--
-- Dumping data for table `posts_translations`
--

LOCK TABLES `posts_translations` WRITE;
/*!40000 ALTER TABLE `posts_translations` DISABLE KEYS */;
INSERT INTO `posts_translations` VALUES ('vi',1,'Mỗi phòng trong số 8 phòng đôi của chúng tôi có sự khác biệt riêng.','You should pay more attention when you choose your wallets. There are a lot of them on the market with the different designs and styles. When you choose carefully, you would be able to buy a wallet that is catered to your needs. Not to mention that it will help to enhance your style significantly.','<p>I have seen many people underestimating the power of their wallets. To them, they are just a functional item they use to carry. As a result, they often end up with the wallets which are not really suitable for them.</p>\n\n<p>You should pay more attention when you choose your wallets. There are a lot of them on the market with the different designs and styles. When you choose carefully, you would be able to buy a wallet that is catered to your needs. Not to mention that it will help to enhance your style significantly.</p>\n\n<p style=\"text-align:center\"><img alt=\"f4\" src=\"/storage/news/04.jpg\" /></p>\n\n<p><br />\n&nbsp;</p>\n\n<p><strong><em>For all of the reason above, here are 7 expert tips to help you pick up the right men&rsquo;s wallet for you:</em></strong></p>\n\n<h4><strong>Number 1: Choose A Neat Wallet</strong></h4>\n\n<p>The wallet is an essential accessory that you should go simple. Simplicity is the best in this case. A simple and neat wallet with the plain color and even&nbsp;<strong>minimalist style</strong>&nbsp;is versatile. It can be used for both formal and casual events. In addition, that wallet will go well with most of the clothes in your wardrobe.</p>\n\n<p>Keep in mind that a wallet will tell other people about your personality and your fashion sense as much as other clothes you put on. Hence, don&rsquo;t go cheesy on your wallet or else people will think that you have a funny and particular style.</p>\n\n<p style=\"text-align:center\"><img alt=\"f5\" src=\"/storage/news/05.jpg\" /></p>\n\n<p><br />\n&nbsp;</p>\n<hr />\n<h4><strong>Number 2: Choose The Right Size For Your Wallet</strong></h4>\n\n<p>You should avoid having an over-sized wallet. Don&rsquo;t think that you need to buy a big wallet because you have a lot to carry with you. In addition, a fat wallet is very ugly. It will make it harder for you to slide the wallet into your trousers&rsquo; pocket. In addition, it will create a bulge and ruin your look.</p>\n\n<p>Before you go on to buy a new wallet, clean out your wallet and place all of the items from your wallet on a table. Throw away things that you would never need any more such as the old bills or the expired gift cards. Remember to check your wallet on a frequent basis to get rid of all of the old stuff that you don&rsquo;t need anymore.</p>\n\n<p style=\"text-align:center\"><img alt=\"f1\" src=\"/storage/news/06.jpg\" /></p>\n\n<p><br />\n&nbsp;</p>\n\n<hr />\n<h4><strong>Number 3: Don&rsquo;t Limit Your Options Of Materials</strong></h4>\n\n<p>The types and designs of wallets are not the only things that you should consider when you go out searching for your best wallet. You have more than 1 option of material rather than leather to choose from as well.</p>\n\n<p>You can experiment with other available options such as cotton, polyester and canvas. They all have their own pros and cons. As a result, they will be suitable for different needs and requirements. You should think about them all in order to choose the material which you would like the most.</p>\n\n<p>&nbsp;</p>\n'),('vi',2,'Những phẩm chất cần thiết của âm nhạc thành công cao','You should pay more attention when you choose your wallets. There are a lot of them on the market with the different designs and styles. When you choose carefully, you would be able to buy a wallet that is catered to your needs. Not to mention that it will help to enhance your style significantly.','<p>I have seen many people underestimating the power of their wallets. To them, they are just a functional item they use to carry. As a result, they often end up with the wallets which are not really suitable for them.</p>\n\n<p>You should pay more attention when you choose your wallets. There are a lot of them on the market with the different designs and styles. When you choose carefully, you would be able to buy a wallet that is catered to your needs. Not to mention that it will help to enhance your style significantly.</p>\n\n<p style=\"text-align:center\"><img alt=\"f4\" src=\"/storage/news/04.jpg\" /></p>\n\n<p><br />\n&nbsp;</p>\n\n<p><strong><em>For all of the reason above, here are 7 expert tips to help you pick up the right men&rsquo;s wallet for you:</em></strong></p>\n\n<h4><strong>Number 1: Choose A Neat Wallet</strong></h4>\n\n<p>The wallet is an essential accessory that you should go simple. Simplicity is the best in this case. A simple and neat wallet with the plain color and even&nbsp;<strong>minimalist style</strong>&nbsp;is versatile. It can be used for both formal and casual events. In addition, that wallet will go well with most of the clothes in your wardrobe.</p>\n\n<p>Keep in mind that a wallet will tell other people about your personality and your fashion sense as much as other clothes you put on. Hence, don&rsquo;t go cheesy on your wallet or else people will think that you have a funny and particular style.</p>\n\n<p style=\"text-align:center\"><img alt=\"f5\" src=\"/storage/news/05.jpg\" /></p>\n\n<p><br />\n&nbsp;</p>\n<hr />\n<h4><strong>Number 2: Choose The Right Size For Your Wallet</strong></h4>\n\n<p>You should avoid having an over-sized wallet. Don&rsquo;t think that you need to buy a big wallet because you have a lot to carry with you. In addition, a fat wallet is very ugly. It will make it harder for you to slide the wallet into your trousers&rsquo; pocket. In addition, it will create a bulge and ruin your look.</p>\n\n<p>Before you go on to buy a new wallet, clean out your wallet and place all of the items from your wallet on a table. Throw away things that you would never need any more such as the old bills or the expired gift cards. Remember to check your wallet on a frequent basis to get rid of all of the old stuff that you don&rsquo;t need anymore.</p>\n\n<p style=\"text-align:center\"><img alt=\"f1\" src=\"/storage/news/06.jpg\" /></p>\n\n<p><br />\n&nbsp;</p>\n\n<hr />\n<h4><strong>Number 3: Don&rsquo;t Limit Your Options Of Materials</strong></h4>\n\n<p>The types and designs of wallets are not the only things that you should consider when you go out searching for your best wallet. You have more than 1 option of material rather than leather to choose from as well.</p>\n\n<p>You can experiment with other available options such as cotton, polyester and canvas. They all have their own pros and cons. As a result, they will be suitable for different needs and requirements. You should think about them all in order to choose the material which you would like the most.</p>\n\n<p>&nbsp;</p>\n'),('vi',3,'9 điều tôi thích khi cạo đầu','You should pay more attention when you choose your wallets. There are a lot of them on the market with the different designs and styles. When you choose carefully, you would be able to buy a wallet that is catered to your needs. Not to mention that it will help to enhance your style significantly.','<p>I have seen many people underestimating the power of their wallets. To them, they are just a functional item they use to carry. As a result, they often end up with the wallets which are not really suitable for them.</p>\n\n<p>You should pay more attention when you choose your wallets. There are a lot of them on the market with the different designs and styles. When you choose carefully, you would be able to buy a wallet that is catered to your needs. Not to mention that it will help to enhance your style significantly.</p>\n\n<p style=\"text-align:center\"><img alt=\"f4\" src=\"/storage/news/04.jpg\" /></p>\n\n<p><br />\n&nbsp;</p>\n\n<p><strong><em>For all of the reason above, here are 7 expert tips to help you pick up the right men&rsquo;s wallet for you:</em></strong></p>\n\n<h4><strong>Number 1: Choose A Neat Wallet</strong></h4>\n\n<p>The wallet is an essential accessory that you should go simple. Simplicity is the best in this case. A simple and neat wallet with the plain color and even&nbsp;<strong>minimalist style</strong>&nbsp;is versatile. It can be used for both formal and casual events. In addition, that wallet will go well with most of the clothes in your wardrobe.</p>\n\n<p>Keep in mind that a wallet will tell other people about your personality and your fashion sense as much as other clothes you put on. Hence, don&rsquo;t go cheesy on your wallet or else people will think that you have a funny and particular style.</p>\n\n<p style=\"text-align:center\"><img alt=\"f5\" src=\"/storage/news/05.jpg\" /></p>\n\n<p><br />\n&nbsp;</p>\n<hr />\n<h4><strong>Number 2: Choose The Right Size For Your Wallet</strong></h4>\n\n<p>You should avoid having an over-sized wallet. Don&rsquo;t think that you need to buy a big wallet because you have a lot to carry with you. In addition, a fat wallet is very ugly. It will make it harder for you to slide the wallet into your trousers&rsquo; pocket. In addition, it will create a bulge and ruin your look.</p>\n\n<p>Before you go on to buy a new wallet, clean out your wallet and place all of the items from your wallet on a table. Throw away things that you would never need any more such as the old bills or the expired gift cards. Remember to check your wallet on a frequent basis to get rid of all of the old stuff that you don&rsquo;t need anymore.</p>\n\n<p style=\"text-align:center\"><img alt=\"f1\" src=\"/storage/news/06.jpg\" /></p>\n\n<p><br />\n&nbsp;</p>\n\n<hr />\n<h4><strong>Number 3: Don&rsquo;t Limit Your Options Of Materials</strong></h4>\n\n<p>The types and designs of wallets are not the only things that you should consider when you go out searching for your best wallet. You have more than 1 option of material rather than leather to choose from as well.</p>\n\n<p>You can experiment with other available options such as cotton, polyester and canvas. They all have their own pros and cons. As a result, they will be suitable for different needs and requirements. You should think about them all in order to choose the material which you would like the most.</p>\n\n<p>&nbsp;</p>\n'),('vi',4,'Tại sao làm việc theo nhóm thực sự biến giấc mơ thành công','You should pay more attention when you choose your wallets. There are a lot of them on the market with the different designs and styles. When you choose carefully, you would be able to buy a wallet that is catered to your needs. Not to mention that it will help to enhance your style significantly.','<p>I have seen many people underestimating the power of their wallets. To them, they are just a functional item they use to carry. As a result, they often end up with the wallets which are not really suitable for them.</p>\n\n<p>You should pay more attention when you choose your wallets. There are a lot of them on the market with the different designs and styles. When you choose carefully, you would be able to buy a wallet that is catered to your needs. Not to mention that it will help to enhance your style significantly.</p>\n\n<p style=\"text-align:center\"><img alt=\"f4\" src=\"/storage/news/04.jpg\" /></p>\n\n<p><br />\n&nbsp;</p>\n\n<p><strong><em>For all of the reason above, here are 7 expert tips to help you pick up the right men&rsquo;s wallet for you:</em></strong></p>\n\n<h4><strong>Number 1: Choose A Neat Wallet</strong></h4>\n\n<p>The wallet is an essential accessory that you should go simple. Simplicity is the best in this case. A simple and neat wallet with the plain color and even&nbsp;<strong>minimalist style</strong>&nbsp;is versatile. It can be used for both formal and casual events. In addition, that wallet will go well with most of the clothes in your wardrobe.</p>\n\n<p>Keep in mind that a wallet will tell other people about your personality and your fashion sense as much as other clothes you put on. Hence, don&rsquo;t go cheesy on your wallet or else people will think that you have a funny and particular style.</p>\n\n<p style=\"text-align:center\"><img alt=\"f5\" src=\"/storage/news/05.jpg\" /></p>\n\n<p><br />\n&nbsp;</p>\n<hr />\n<h4><strong>Number 2: Choose The Right Size For Your Wallet</strong></h4>\n\n<p>You should avoid having an over-sized wallet. Don&rsquo;t think that you need to buy a big wallet because you have a lot to carry with you. In addition, a fat wallet is very ugly. It will make it harder for you to slide the wallet into your trousers&rsquo; pocket. In addition, it will create a bulge and ruin your look.</p>\n\n<p>Before you go on to buy a new wallet, clean out your wallet and place all of the items from your wallet on a table. Throw away things that you would never need any more such as the old bills or the expired gift cards. Remember to check your wallet on a frequent basis to get rid of all of the old stuff that you don&rsquo;t need anymore.</p>\n\n<p style=\"text-align:center\"><img alt=\"f1\" src=\"/storage/news/06.jpg\" /></p>\n\n<p><br />\n&nbsp;</p>\n\n<hr />\n<h4><strong>Number 3: Don&rsquo;t Limit Your Options Of Materials</strong></h4>\n\n<p>The types and designs of wallets are not the only things that you should consider when you go out searching for your best wallet. You have more than 1 option of material rather than leather to choose from as well.</p>\n\n<p>You can experiment with other available options such as cotton, polyester and canvas. They all have their own pros and cons. As a result, they will be suitable for different needs and requirements. You should think about them all in order to choose the material which you would like the most.</p>\n\n<p>&nbsp;</p>\n'),('vi',5,'Thế giới phục vụ cho những người trung bình','You should pay more attention when you choose your wallets. There are a lot of them on the market with the different designs and styles. When you choose carefully, you would be able to buy a wallet that is catered to your needs. Not to mention that it will help to enhance your style significantly.','<p>I have seen many people underestimating the power of their wallets. To them, they are just a functional item they use to carry. As a result, they often end up with the wallets which are not really suitable for them.</p>\n\n<p>You should pay more attention when you choose your wallets. There are a lot of them on the market with the different designs and styles. When you choose carefully, you would be able to buy a wallet that is catered to your needs. Not to mention that it will help to enhance your style significantly.</p>\n\n<p style=\"text-align:center\"><img alt=\"f4\" src=\"/storage/news/04.jpg\" /></p>\n\n<p><br />\n&nbsp;</p>\n\n<p><strong><em>For all of the reason above, here are 7 expert tips to help you pick up the right men&rsquo;s wallet for you:</em></strong></p>\n\n<h4><strong>Number 1: Choose A Neat Wallet</strong></h4>\n\n<p>The wallet is an essential accessory that you should go simple. Simplicity is the best in this case. A simple and neat wallet with the plain color and even&nbsp;<strong>minimalist style</strong>&nbsp;is versatile. It can be used for both formal and casual events. In addition, that wallet will go well with most of the clothes in your wardrobe.</p>\n\n<p>Keep in mind that a wallet will tell other people about your personality and your fashion sense as much as other clothes you put on. Hence, don&rsquo;t go cheesy on your wallet or else people will think that you have a funny and particular style.</p>\n\n<p style=\"text-align:center\"><img alt=\"f5\" src=\"/storage/news/05.jpg\" /></p>\n\n<p><br />\n&nbsp;</p>\n<hr />\n<h4><strong>Number 2: Choose The Right Size For Your Wallet</strong></h4>\n\n<p>You should avoid having an over-sized wallet. Don&rsquo;t think that you need to buy a big wallet because you have a lot to carry with you. In addition, a fat wallet is very ugly. It will make it harder for you to slide the wallet into your trousers&rsquo; pocket. In addition, it will create a bulge and ruin your look.</p>\n\n<p>Before you go on to buy a new wallet, clean out your wallet and place all of the items from your wallet on a table. Throw away things that you would never need any more such as the old bills or the expired gift cards. Remember to check your wallet on a frequent basis to get rid of all of the old stuff that you don&rsquo;t need anymore.</p>\n\n<p style=\"text-align:center\"><img alt=\"f1\" src=\"/storage/news/06.jpg\" /></p>\n\n<p><br />\n&nbsp;</p>\n\n<hr />\n<h4><strong>Number 3: Don&rsquo;t Limit Your Options Of Materials</strong></h4>\n\n<p>The types and designs of wallets are not the only things that you should consider when you go out searching for your best wallet. You have more than 1 option of material rather than leather to choose from as well.</p>\n\n<p>You can experiment with other available options such as cotton, polyester and canvas. They all have their own pros and cons. As a result, they will be suitable for different needs and requirements. You should think about them all in order to choose the material which you would like the most.</p>\n\n<p>&nbsp;</p>\n'),('vi',6,'Các đương sự trên màn hình không phải là diễn viên','You should pay more attention when you choose your wallets. There are a lot of them on the market with the different designs and styles. When you choose carefully, you would be able to buy a wallet that is catered to your needs. Not to mention that it will help to enhance your style significantly.','<p>I have seen many people underestimating the power of their wallets. To them, they are just a functional item they use to carry. As a result, they often end up with the wallets which are not really suitable for them.</p>\n\n<p>You should pay more attention when you choose your wallets. There are a lot of them on the market with the different designs and styles. When you choose carefully, you would be able to buy a wallet that is catered to your needs. Not to mention that it will help to enhance your style significantly.</p>\n\n<p style=\"text-align:center\"><img alt=\"f4\" src=\"/storage/news/04.jpg\" /></p>\n\n<p><br />\n&nbsp;</p>\n\n<p><strong><em>For all of the reason above, here are 7 expert tips to help you pick up the right men&rsquo;s wallet for you:</em></strong></p>\n\n<h4><strong>Number 1: Choose A Neat Wallet</strong></h4>\n\n<p>The wallet is an essential accessory that you should go simple. Simplicity is the best in this case. A simple and neat wallet with the plain color and even&nbsp;<strong>minimalist style</strong>&nbsp;is versatile. It can be used for both formal and casual events. In addition, that wallet will go well with most of the clothes in your wardrobe.</p>\n\n<p>Keep in mind that a wallet will tell other people about your personality and your fashion sense as much as other clothes you put on. Hence, don&rsquo;t go cheesy on your wallet or else people will think that you have a funny and particular style.</p>\n\n<p style=\"text-align:center\"><img alt=\"f5\" src=\"/storage/news/05.jpg\" /></p>\n\n<p><br />\n&nbsp;</p>\n<hr />\n<h4><strong>Number 2: Choose The Right Size For Your Wallet</strong></h4>\n\n<p>You should avoid having an over-sized wallet. Don&rsquo;t think that you need to buy a big wallet because you have a lot to carry with you. In addition, a fat wallet is very ugly. It will make it harder for you to slide the wallet into your trousers&rsquo; pocket. In addition, it will create a bulge and ruin your look.</p>\n\n<p>Before you go on to buy a new wallet, clean out your wallet and place all of the items from your wallet on a table. Throw away things that you would never need any more such as the old bills or the expired gift cards. Remember to check your wallet on a frequent basis to get rid of all of the old stuff that you don&rsquo;t need anymore.</p>\n\n<p style=\"text-align:center\"><img alt=\"f1\" src=\"/storage/news/06.jpg\" /></p>\n\n<p><br />\n&nbsp;</p>\n\n<hr />\n<h4><strong>Number 3: Don&rsquo;t Limit Your Options Of Materials</strong></h4>\n\n<p>The types and designs of wallets are not the only things that you should consider when you go out searching for your best wallet. You have more than 1 option of material rather than leather to choose from as well.</p>\n\n<p>You can experiment with other available options such as cotton, polyester and canvas. They all have their own pros and cons. As a result, they will be suitable for different needs and requirements. You should think about them all in order to choose the material which you would like the most.</p>\n\n<p>&nbsp;</p>\n');
/*!40000 ALTER TABLE `posts_translations` ENABLE KEYS */;
UNLOCK TABLES;

--
-- Table structure for table `revisions`
--

DROP TABLE IF EXISTS `revisions`;
/*!40101 SET @saved_cs_client     = @@character_set_client */;
/*!50503 SET character_set_client = utf8mb4 */;
CREATE TABLE `revisions` (
  `id` bigint unsigned NOT NULL AUTO_INCREMENT,
  `revisionable_type` varchar(191) COLLATE utf8mb4_unicode_ci NOT NULL,
  `revisionable_id` bigint unsigned NOT NULL,
  `user_id` bigint unsigned DEFAULT NULL,
  `key` varchar(191) COLLATE utf8mb4_unicode_ci NOT NULL,
  `old_value` text COLLATE utf8mb4_unicode_ci,
  `new_value` text COLLATE utf8mb4_unicode_ci,
  `created_at` timestamp NULL DEFAULT NULL,
  `updated_at` timestamp NULL DEFAULT NULL,
  PRIMARY KEY (`id`),
  KEY `revisions_revisionable_id_revisionable_type_index` (`revisionable_id`,`revisionable_type`)
) ENGINE=InnoDB DEFAULT CHARSET=utf8mb4 COLLATE=utf8mb4_unicode_ci;
/*!40101 SET character_set_client = @saved_cs_client */;

--
-- Dumping data for table `revisions`
--

LOCK TABLES `revisions` WRITE;
/*!40000 ALTER TABLE `revisions` DISABLE KEYS */;
/*!40000 ALTER TABLE `revisions` ENABLE KEYS */;
UNLOCK TABLES;

--
-- Table structure for table `role_users`
--

DROP TABLE IF EXISTS `role_users`;
/*!40101 SET @saved_cs_client     = @@character_set_client */;
/*!50503 SET character_set_client = utf8mb4 */;
CREATE TABLE `role_users` (
  `user_id` bigint unsigned NOT NULL,
  `role_id` bigint unsigned NOT NULL,
  `created_at` timestamp NULL DEFAULT NULL,
  `updated_at` timestamp NULL DEFAULT NULL,
  PRIMARY KEY (`user_id`,`role_id`),
  KEY `role_users_user_id_index` (`user_id`),
  KEY `role_users_role_id_index` (`role_id`)
) ENGINE=InnoDB DEFAULT CHARSET=utf8mb4 COLLATE=utf8mb4_unicode_ci;
/*!40101 SET character_set_client = @saved_cs_client */;

--
-- Dumping data for table `role_users`
--

LOCK TABLES `role_users` WRITE;
/*!40000 ALTER TABLE `role_users` DISABLE KEYS */;
INSERT INTO `role_users` VALUES (2,1,'2023-06-02 01:09:14','2023-06-02 01:09:14');
/*!40000 ALTER TABLE `role_users` ENABLE KEYS */;
UNLOCK TABLES;

--
-- Table structure for table `roles`
--

DROP TABLE IF EXISTS `roles`;
/*!40101 SET @saved_cs_client     = @@character_set_client */;
/*!50503 SET character_set_client = utf8mb4 */;
CREATE TABLE `roles` (
  `id` bigint unsigned NOT NULL AUTO_INCREMENT,
  `slug` varchar(120) COLLATE utf8mb4_unicode_ci NOT NULL,
  `name` varchar(120) COLLATE utf8mb4_unicode_ci NOT NULL,
  `permissions` text COLLATE utf8mb4_unicode_ci,
  `description` varchar(255) COLLATE utf8mb4_unicode_ci DEFAULT NULL,
  `is_default` tinyint unsigned NOT NULL DEFAULT '0',
  `created_by` bigint unsigned NOT NULL,
  `updated_by` bigint unsigned NOT NULL,
  `created_at` timestamp NULL DEFAULT NULL,
  `updated_at` timestamp NULL DEFAULT NULL,
  PRIMARY KEY (`id`),
  UNIQUE KEY `roles_slug_unique` (`slug`),
  KEY `roles_created_by_index` (`created_by`),
  KEY `roles_updated_by_index` (`updated_by`)
) ENGINE=InnoDB AUTO_INCREMENT=2 DEFAULT CHARSET=utf8mb4 COLLATE=utf8mb4_unicode_ci;
/*!40101 SET character_set_client = @saved_cs_client */;

--
-- Dumping data for table `roles`
--

LOCK TABLES `roles` WRITE;
/*!40000 ALTER TABLE `roles` DISABLE KEYS */;
INSERT INTO `roles` VALUES (1,'admin','Admin','{\"users.index\":true,\"users.create\":true,\"users.edit\":true,\"users.destroy\":true,\"roles.index\":true,\"roles.create\":true,\"roles.edit\":true,\"roles.destroy\":true,\"core.system\":true,\"core.manage.license\":true,\"media.index\":true,\"files.index\":true,\"files.create\":true,\"files.edit\":true,\"files.trash\":true,\"files.destroy\":true,\"folders.index\":true,\"folders.create\":true,\"folders.edit\":true,\"folders.trash\":true,\"folders.destroy\":true,\"settings.options\":true,\"settings.email\":true,\"settings.media\":true,\"api.settings\":true,\"menus.index\":true,\"menus.create\":true,\"menus.edit\":true,\"menus.destroy\":true,\"pages.index\":true,\"pages.create\":true,\"pages.edit\":true,\"pages.destroy\":true,\"plugins.index\":true,\"plugins.edit\":true,\"plugins.remove\":true,\"plugins.marketplace\":true,\"core.appearance\":true,\"theme.index\":true,\"theme.activate\":true,\"theme.remove\":true,\"theme.options\":true,\"theme.custom-css\":true,\"theme.custom-js\":true,\"theme.custom-html\":true,\"widgets.index\":true,\"analytics.general\":true,\"analytics.page\":true,\"analytics.browser\":true,\"analytics.referrer\":true,\"audit-log.index\":true,\"audit-log.destroy\":true,\"backups.index\":true,\"backups.create\":true,\"backups.restore\":true,\"backups.destroy\":true,\"plugins.blog\":true,\"posts.index\":true,\"posts.create\":true,\"posts.edit\":true,\"posts.destroy\":true,\"categories.index\":true,\"categories.create\":true,\"categories.edit\":true,\"categories.destroy\":true,\"tags.index\":true,\"tags.create\":true,\"tags.edit\":true,\"tags.destroy\":true,\"contacts.index\":true,\"contacts.edit\":true,\"contacts.destroy\":true,\"galleries.index\":true,\"galleries.create\":true,\"galleries.edit\":true,\"galleries.destroy\":true,\"room.index\":true,\"room.create\":true,\"room.edit\":true,\"room.destroy\":true,\"amenity.index\":true,\"amenity.create\":true,\"amenity.edit\":true,\"amenity.destroy\":true,\"food.index\":true,\"food.create\":true,\"food.edit\":true,\"food.destroy\":true,\"food-type.index\":true,\"food-type.create\":true,\"food-type.edit\":true,\"food-type.destroy\":true,\"booking.index\":true,\"booking.edit\":true,\"booking.destroy\":true,\"booking-address.index\":true,\"booking-address.create\":true,\"booking-address.edit\":true,\"booking-address.destroy\":true,\"booking-room.index\":true,\"booking-room.create\":true,\"booking-room.edit\":true,\"booking-room.destroy\":true,\"room-category.index\":true,\"room-category.create\":true,\"room-category.edit\":true,\"room-category.destroy\":true,\"feature.index\":true,\"feature.create\":true,\"feature.edit\":true,\"feature.destroy\":true,\"service.index\":true,\"service.create\":true,\"service.edit\":true,\"service.destroy\":true,\"place.index\":true,\"place.create\":true,\"place.edit\":true,\"place.destroy\":true,\"tax.index\":true,\"tax.create\":true,\"tax.edit\":true,\"tax.destroy\":true,\"languages.index\":true,\"languages.create\":true,\"languages.edit\":true,\"languages.destroy\":true,\"payment.index\":true,\"payments.settings\":true,\"payment.destroy\":true,\"testimonial.index\":true,\"testimonial.create\":true,\"testimonial.edit\":true,\"testimonial.destroy\":true,\"plugins.translation\":true,\"translations.locales\":true,\"translations.theme-translations\":true,\"translations.index\":true}','Admin users role',1,1,1,'2023-06-02 01:09:13','2023-06-02 01:09:13');
/*!40000 ALTER TABLE `roles` ENABLE KEYS */;
UNLOCK TABLES;

--
-- Table structure for table `settings`
--

DROP TABLE IF EXISTS `settings`;
/*!40101 SET @saved_cs_client     = @@character_set_client */;
/*!50503 SET character_set_client = utf8mb4 */;
CREATE TABLE `settings` (
  `id` bigint unsigned NOT NULL AUTO_INCREMENT,
  `key` varchar(191) COLLATE utf8mb4_unicode_ci NOT NULL,
  `value` text COLLATE utf8mb4_unicode_ci,
  `created_at` timestamp NULL DEFAULT NULL,
  `updated_at` timestamp NULL DEFAULT NULL,
  PRIMARY KEY (`id`),
  UNIQUE KEY `settings_key_unique` (`key`)
) ENGINE=InnoDB AUTO_INCREMENT=76 DEFAULT CHARSET=utf8mb4 COLLATE=utf8mb4_unicode_ci;
/*!40101 SET character_set_client = @saved_cs_client */;

--
-- Dumping data for table `settings`
--

LOCK TABLES `settings` WRITE;
/*!40000 ALTER TABLE `settings` DISABLE KEYS */;
INSERT INTO `settings` VALUES (1,'theme-miranda-social_links','[[{\"key\":\"social-name\",\"value\":\"Facebook\"},{\"key\":\"social-icon\",\"value\":\"fab fa-facebook-f\"},{\"key\":\"social-url\",\"value\":\"\"}],[{\"key\":\"social-name\",\"value\":\"Twitter\"},{\"key\":\"social-icon\",\"value\":\"fab fa-twitter\"},{\"key\":\"social-url\",\"value\":\"\"}],[{\"key\":\"social-name\",\"value\":\"Youtube\"},{\"key\":\"social-icon\",\"value\":\"fab fa-youtube\"},{\"key\":\"social-url\",\"value\":\"\"}],[{\"key\":\"social-name\",\"value\":\"Behance\"},{\"key\":\"social-icon\",\"value\":\"fab fa-behance\"},{\"key\":\"social-url\",\"value\":\"\"}],[{\"key\":\"social-name\",\"value\":\"Linkedin\"},{\"key\":\"social-icon\",\"value\":\"fab fa-linkedin\"},{\"key\":\"social-url\",\"value\":\"\"}]]',NULL,'2023-06-02 01:09:06'),(2,'activated_plugins','[\"language\",\"language-advanced\",\"analytics\",\"audit-log\",\"backup\",\"blog\",\"captcha\",\"contact\",\"cookie-consent\",\"gallery\",\"hotel\",\"payment\",\"paypal\",\"paystack\",\"razorpay\",\"sslcommerz\",\"stripe\",\"testimonial\",\"translation\"]',NULL,'2023-06-02 01:09:06'),(3,'language_hide_default','1',NULL,NULL),(4,'language_switcher_display','dropdown',NULL,NULL),(5,'language_display','all',NULL,NULL),(6,'language_hide_languages','[]',NULL,NULL),(7,'media_random_hash','0eb84c6809ca49c7c5a0ce79625f90a1',NULL,NULL),(8,'permalink-botble-blog-models-post','news',NULL,NULL),(9,'permalink-botble-blog-models-category','news',NULL,NULL),(10,'payment_cod_status','1',NULL,NULL),(11,'payment_cod_description','Please pay money directly to the postman, if you choose cash on delivery method (COD).',NULL,NULL),(12,'payment_bank_transfer_status','1',NULL,NULL),(13,'payment_bank_transfer_description','Please send money to our bank account: ACB - 1990 123 19.',NULL,NULL),(14,'payment_stripe_payment_type','stripe_checkout',NULL,NULL),(15,'show_admin_bar','1',NULL,NULL),(16,'theme','miranda',NULL,NULL),(17,'admin_logo','general/logo-white.png',NULL,NULL),(18,'admin_favicon','general/favicon.png',NULL,NULL),(19,'theme-miranda-site_title','Hotel Miranda',NULL,NULL),(20,'theme-miranda-copyright','©2023 Miranda. All right reserved.',NULL,NULL),(21,'theme-miranda-cookie_consent_message','Your experience on this site will be improved by allowing cookies ',NULL,NULL),(22,'theme-miranda-cookie_consent_learn_more_url','https://miranda.test/cookie-policy',NULL,NULL),(23,'theme-miranda-cookie_consent_learn_more_text','Cookie Policy',NULL,NULL),(24,'theme-miranda-homepage_id','1',NULL,NULL),(25,'theme-miranda-blog_page_id','2',NULL,NULL),(26,'theme-miranda-logo','general/logo.png',NULL,NULL),(27,'theme-miranda-logo_white','general/logo-white.png',NULL,NULL),(28,'theme-miranda-favicon','general/favicon.png',NULL,NULL),(29,'theme-miranda-email','info@webmail.com',NULL,NULL),(30,'theme-miranda-address','14/A, Miranda City, NYC',NULL,NULL),(31,'theme-miranda-hotline','+908 987 877 09',NULL,NULL),(32,'theme-miranda-news_banner','general/banner-news.jpg',NULL,NULL),(33,'theme-miranda-rooms_banner','general/banner-news.jpg',NULL,NULL),(34,'theme-miranda-term_of_use_url','#',NULL,NULL),(35,'theme-miranda-privacy_policy_url','#',NULL,NULL),(36,'theme-miranda-preloader_enabled','no',NULL,NULL),(37,'theme-miranda-about-us','Lorem ipsum dolor sit amet, consect etur adipisicing elit, sed doing eius mod tempor incididunt ut labore et dolore magna aliqua. Ut enim ad minim veniam, quis nostrud exercitat ion ullamco laboris nisi.',NULL,NULL),(38,'theme-miranda-hotel_rules','<ul><li>No smoking, parties or events.</li><li>Check-in time from 2 PM, check-out by 10 AM.</li><li>Time to time car parking</li><li>Download Our minimal app</li><li>Browse regular our website</li></ul>',NULL,NULL),(39,'theme-miranda-cancellation','<p>Phasellus volutpat neque a tellus venenatis, a euismod augue facilisis. Fusce ut metus mattis, consequat metus nec, luctus lectus. Pellentesque orci quis hendrerit sed eu dolor. <strong>Cancel up</strong> to <strong>14 days</strong> to get a full refund.</p>',NULL,NULL),(41,'theme-miranda-vi-primary_font','Roboto Condensed',NULL,NULL),(42,'theme-miranda-vi-copyright','© 2023 Miranda. Tất cả quyền đã được bảo hộ.',NULL,NULL),(43,'theme-miranda-vi-cookie_consent_message','Trải nghiệm của bạn trên trang web này sẽ được cải thiện bằng cách cho phép cookie ',NULL,NULL),(44,'theme-miranda-vi-cookie_consent_learn_more_url','https://miranda.test/cookie-policy',NULL,NULL),(45,'theme-miranda-vi-cookie_consent_learn_more_text','Chính sách cookie',NULL,NULL),(46,'theme-miranda-vi-homepage_id','1',NULL,NULL),(47,'theme-miranda-vi-blog_page_id','2',NULL,NULL),(48,'theme-miranda-slider-image-1','sliders/04.jpg',NULL,NULL),(49,'theme-miranda-slider-title-1','The ultimate luxury experience',NULL,NULL),(50,'theme-miranda-slider-description-1','<p>The Perfect<br>Base For You</p>',NULL,NULL),(51,'theme-miranda-slider-primary-button-text-1','Take A tour',NULL,NULL),(52,'theme-miranda-slider-primary-button-url-1','/rooms',NULL,NULL),(53,'theme-miranda-slider-secondary-button-text-1','Learn more',NULL,NULL),(54,'theme-miranda-slider-secondary-button-url-1','/about-us',NULL,NULL),(55,'theme-miranda-slider-image-2','sliders/05.jpg',NULL,NULL),(56,'theme-miranda-slider-title-2','The ultimate luxury experience',NULL,NULL),(57,'theme-miranda-slider-description-2','<p>The Perfect<br>Base For You</p>',NULL,NULL),(58,'theme-miranda-slider-primary-button-text-2','Take A tour',NULL,NULL),(59,'theme-miranda-slider-primary-button-url-2','/rooms',NULL,NULL),(60,'theme-miranda-slider-secondary-button-text-2','Learn more',NULL,NULL),(61,'theme-miranda-slider-secondary-button-url-2','/about-us',NULL,NULL),(62,'theme-miranda-vi-slider-image-1','sliders/04.jpg',NULL,NULL),(63,'theme-miranda-vi-slider-title-1','Trải nghiệm sang trọng cuối cùng',NULL,NULL),(64,'theme-miranda-vi-slider-description-1','<p>Nơi <br> hoàn hảo cho bạn </p>',NULL,NULL),(65,'theme-miranda-vi-slider-primary-button-text-1','Tham quan',NULL,NULL),(66,'theme-miranda-vi-slider-primary-button-url-1','/rooms',NULL,NULL),(67,'theme-miranda-vi-slider-secondary-button-text-1','Tìm hiểu thêm',NULL,NULL),(68,'theme-miranda-vi-slider-secondary-button-url-1','/about-us',NULL,NULL),(69,'theme-miranda-vi-slider-image-2','sliders/05.jpg',NULL,NULL),(70,'theme-miranda-vi-slider-title-2','Trải nghiệm sang trọng cuối cùng',NULL,NULL),(71,'theme-miranda-vi-slider-description-2','<p>Nơi <br> hoàn hảo cho bạn </p>',NULL,NULL),(72,'theme-miranda-vi-slider-primary-button-text-2','Tham quan',NULL,NULL),(73,'theme-miranda-vi-slider-primary-button-url-2','/rooms',NULL,NULL),(74,'theme-miranda-vi-slider-secondary-button-text-2','Tìm hiểu thêm',NULL,NULL),(75,'theme-miranda-vi-slider-secondary-button-url-2','/about-us',NULL,NULL);
/*!40000 ALTER TABLE `settings` ENABLE KEYS */;
UNLOCK TABLES;

--
-- Table structure for table `slugs`
--

DROP TABLE IF EXISTS `slugs`;
/*!40101 SET @saved_cs_client     = @@character_set_client */;
/*!50503 SET character_set_client = utf8mb4 */;
CREATE TABLE `slugs` (
  `id` bigint unsigned NOT NULL AUTO_INCREMENT,
  `key` varchar(255) COLLATE utf8mb4_unicode_ci NOT NULL,
  `reference_id` bigint unsigned NOT NULL,
  `reference_type` varchar(255) COLLATE utf8mb4_unicode_ci NOT NULL,
  `prefix` varchar(120) COLLATE utf8mb4_unicode_ci DEFAULT '',
  `created_at` timestamp NULL DEFAULT NULL,
  `updated_at` timestamp NULL DEFAULT NULL,
  PRIMARY KEY (`id`),
  KEY `slugs_reference_id_index` (`reference_id`)
) ENGINE=InnoDB AUTO_INCREMENT=46 DEFAULT CHARSET=utf8mb4 COLLATE=utf8mb4_unicode_ci;
/*!40101 SET character_set_client = @saved_cs_client */;

--
-- Dumping data for table `slugs`
--

LOCK TABLES `slugs` WRITE;
/*!40000 ALTER TABLE `slugs` DISABLE KEYS */;
INSERT INTO `slugs` VALUES (1,'general',1,'Botble\\Blog\\Models\\Category','news','2023-06-02 01:09:08','2023-06-02 01:09:14'),(2,'hotel',2,'Botble\\Blog\\Models\\Category','news','2023-06-02 01:09:08','2023-06-02 01:09:14'),(3,'booking',3,'Botble\\Blog\\Models\\Category','news','2023-06-02 01:09:08','2023-06-02 01:09:14'),(4,'resort',4,'Botble\\Blog\\Models\\Category','news','2023-06-02 01:09:08','2023-06-02 01:09:14'),(5,'travel',5,'Botble\\Blog\\Models\\Category','news','2023-06-02 01:09:08','2023-06-02 01:09:14'),(6,'general',1,'Botble\\Blog\\Models\\Tag','tag','2023-06-02 01:09:08','2023-06-02 01:09:08'),(7,'hotel',2,'Botble\\Blog\\Models\\Tag','tag','2023-06-02 01:09:08','2023-06-02 01:09:08'),(8,'booking',3,'Botble\\Blog\\Models\\Tag','tag','2023-06-02 01:09:08','2023-06-02 01:09:08'),(9,'resort',4,'Botble\\Blog\\Models\\Tag','tag','2023-06-02 01:09:08','2023-06-02 01:09:08'),(10,'travel',5,'Botble\\Blog\\Models\\Tag','tag','2023-06-02 01:09:08','2023-06-02 01:09:08'),(11,'each-of-our-8-double-rooms-has-its-own-distinct',1,'Botble\\Blog\\Models\\Post','news','2023-06-02 01:09:08','2023-06-02 01:09:14'),(12,'essential-qualities-of-highly-successful-music',2,'Botble\\Blog\\Models\\Post','news','2023-06-02 01:09:08','2023-06-02 01:09:14'),(13,'9-things-i-love-about-shaving-my-head',3,'Botble\\Blog\\Models\\Post','news','2023-06-02 01:09:08','2023-06-02 01:09:14'),(14,'why-teamwork-really-makes-the-dream-work',4,'Botble\\Blog\\Models\\Post','news','2023-06-02 01:09:08','2023-06-02 01:09:14'),(15,'the-world-caters-to-average-people',5,'Botble\\Blog\\Models\\Post','news','2023-06-02 01:09:08','2023-06-02 01:09:14'),(16,'the-litigants-on-the-screen-are-not-actors',6,'Botble\\Blog\\Models\\Post','news','2023-06-02 01:09:08','2023-06-02 01:09:14'),(17,'luxury-hall-of-fame',1,'Botble\\Hotel\\Models\\Room','rooms','2023-06-02 01:09:09','2023-06-02 01:09:09'),(18,'pendora-fame',2,'Botble\\Hotel\\Models\\Room','rooms','2023-06-02 01:09:09','2023-06-02 01:09:09'),(19,'pacific-room',3,'Botble\\Hotel\\Models\\Room','rooms','2023-06-02 01:09:09','2023-06-02 01:09:09'),(20,'junior-suite',4,'Botble\\Hotel\\Models\\Room','rooms','2023-06-02 01:09:09','2023-06-02 01:09:09'),(21,'family-suite',5,'Botble\\Hotel\\Models\\Room','rooms','2023-06-02 01:09:09','2023-06-02 01:09:09'),(22,'relax-suite',6,'Botble\\Hotel\\Models\\Room','rooms','2023-06-02 01:09:09','2023-06-02 01:09:09'),(23,'luxury-suite',7,'Botble\\Hotel\\Models\\Room','rooms','2023-06-02 01:09:09','2023-06-02 01:09:09'),(24,'president-room',8,'Botble\\Hotel\\Models\\Room','rooms','2023-06-02 01:09:09','2023-06-02 01:09:09'),(25,'duplex-restaurant',1,'Botble\\Hotel\\Models\\Place','places','2023-06-02 01:09:11','2023-06-02 01:09:11'),(26,'duplex-restaurant',2,'Botble\\Hotel\\Models\\Place','places','2023-06-02 01:09:11','2023-06-02 01:09:11'),(27,'duplex-restaurant',3,'Botble\\Hotel\\Models\\Place','places','2023-06-02 01:09:11','2023-06-02 01:09:11'),(28,'duplex-restaurant',4,'Botble\\Hotel\\Models\\Place','places','2023-06-02 01:09:11','2023-06-02 01:09:11'),(29,'duplex-restaurant',5,'Botble\\Hotel\\Models\\Place','places','2023-06-02 01:09:11','2023-06-02 01:09:11'),(30,'duplex-restaurant',6,'Botble\\Hotel\\Models\\Place','places','2023-06-02 01:09:11','2023-06-02 01:09:11'),(31,'homepage',1,'Botble\\Page\\Models\\Page','','2023-06-02 01:09:11','2023-06-02 01:09:11'),(32,'news',2,'Botble\\Page\\Models\\Page','','2023-06-02 01:09:11','2023-06-02 01:09:11'),(33,'contact',3,'Botble\\Page\\Models\\Page','','2023-06-02 01:09:11','2023-06-02 01:09:11'),(34,'restaurant',4,'Botble\\Page\\Models\\Page','','2023-06-02 01:09:11','2023-06-02 01:09:11'),(35,'our-gallery',5,'Botble\\Page\\Models\\Page','','2023-06-02 01:09:11','2023-06-02 01:09:11'),(36,'about-us',6,'Botble\\Page\\Models\\Page','','2023-06-02 01:09:11','2023-06-02 01:09:11'),(37,'places',7,'Botble\\Page\\Models\\Page','','2023-06-02 01:09:11','2023-06-02 01:09:11'),(38,'our-offers',8,'Botble\\Page\\Models\\Page','','2023-06-02 01:09:11','2023-06-02 01:09:11'),(39,'cookie-policy',9,'Botble\\Page\\Models\\Page','','2023-06-02 01:09:11','2023-06-02 01:09:11'),(40,'duplex-restaurant',1,'Botble\\Gallery\\Models\\Gallery','galleries','2023-06-02 01:09:13','2023-06-02 01:09:13'),(41,'luxury-room',2,'Botble\\Gallery\\Models\\Gallery','galleries','2023-06-02 01:09:13','2023-06-02 01:09:13'),(42,'pacific-room',3,'Botble\\Gallery\\Models\\Gallery','galleries','2023-06-02 01:09:13','2023-06-02 01:09:13'),(43,'family-room',4,'Botble\\Gallery\\Models\\Gallery','galleries','2023-06-02 01:09:13','2023-06-02 01:09:13'),(44,'king-bed',5,'Botble\\Gallery\\Models\\Gallery','galleries','2023-06-02 01:09:13','2023-06-02 01:09:13'),(45,'special-foods',6,'Botble\\Gallery\\Models\\Gallery','galleries','2023-06-02 01:09:13','2023-06-02 01:09:13');
/*!40000 ALTER TABLE `slugs` ENABLE KEYS */;
UNLOCK TABLES;

--
-- Table structure for table `tags`
--

DROP TABLE IF EXISTS `tags`;
/*!40101 SET @saved_cs_client     = @@character_set_client */;
/*!50503 SET character_set_client = utf8mb4 */;
CREATE TABLE `tags` (
  `id` bigint unsigned NOT NULL AUTO_INCREMENT,
  `name` varchar(120) COLLATE utf8mb4_unicode_ci NOT NULL,
  `author_id` bigint unsigned NOT NULL,
  `author_type` varchar(255) CHARACTER SET utf8mb4 COLLATE utf8mb4_unicode_ci NOT NULL DEFAULT 'Botble\\ACL\\Models\\User',
  `description` varchar(400) COLLATE utf8mb4_unicode_ci DEFAULT '',
  `status` varchar(60) COLLATE utf8mb4_unicode_ci NOT NULL DEFAULT 'published',
  `created_at` timestamp NULL DEFAULT NULL,
  `updated_at` timestamp NULL DEFAULT NULL,
  PRIMARY KEY (`id`)
) ENGINE=InnoDB AUTO_INCREMENT=6 DEFAULT CHARSET=utf8mb4 COLLATE=utf8mb4_unicode_ci;
/*!40101 SET character_set_client = @saved_cs_client */;

--
-- Dumping data for table `tags`
--

LOCK TABLES `tags` WRITE;
/*!40000 ALTER TABLE `tags` DISABLE KEYS */;
INSERT INTO `tags` VALUES (1,'General',1,'Botble\\ACL\\Models\\User','','published','2023-06-02 01:09:08','2023-06-02 01:09:08'),(2,'Hotel',1,'Botble\\ACL\\Models\\User','','published','2023-06-02 01:09:08','2023-06-02 01:09:08'),(3,'Booking',1,'Botble\\ACL\\Models\\User','','published','2023-06-02 01:09:08','2023-06-02 01:09:08'),(4,'Resort',1,'Botble\\ACL\\Models\\User','','published','2023-06-02 01:09:08','2023-06-02 01:09:08'),(5,'Travel',1,'Botble\\ACL\\Models\\User','','published','2023-06-02 01:09:08','2023-06-02 01:09:08');
/*!40000 ALTER TABLE `tags` ENABLE KEYS */;
UNLOCK TABLES;

--
-- Table structure for table `tags_translations`
--

DROP TABLE IF EXISTS `tags_translations`;
/*!40101 SET @saved_cs_client     = @@character_set_client */;
/*!50503 SET character_set_client = utf8mb4 */;
CREATE TABLE `tags_translations` (
  `lang_code` varchar(191) COLLATE utf8mb4_unicode_ci NOT NULL,
  `tags_id` bigint unsigned NOT NULL,
  `name` varchar(255) COLLATE utf8mb4_unicode_ci DEFAULT NULL,
  `description` varchar(400) COLLATE utf8mb4_unicode_ci DEFAULT NULL,
  PRIMARY KEY (`lang_code`,`tags_id`)
) ENGINE=InnoDB DEFAULT CHARSET=utf8mb4 COLLATE=utf8mb4_unicode_ci;
/*!40101 SET character_set_client = @saved_cs_client */;

--
-- Dumping data for table `tags_translations`
--

LOCK TABLES `tags_translations` WRITE;
/*!40000 ALTER TABLE `tags_translations` DISABLE KEYS */;
INSERT INTO `tags_translations` VALUES ('vi',1,'Chung',NULL),('vi',2,'Khách sạn',NULL),('vi',3,'Đặt phòng',NULL),('vi',4,'Khu nghỉ dưỡng',NULL),('vi',5,'Du lịch',NULL);
/*!40000 ALTER TABLE `tags_translations` ENABLE KEYS */;
UNLOCK TABLES;

--
-- Table structure for table `testimonials`
--

DROP TABLE IF EXISTS `testimonials`;
/*!40101 SET @saved_cs_client     = @@character_set_client */;
/*!50503 SET character_set_client = utf8mb4 */;
CREATE TABLE `testimonials` (
  `id` bigint unsigned NOT NULL AUTO_INCREMENT,
  `name` varchar(120) COLLATE utf8mb4_unicode_ci NOT NULL,
  `content` text COLLATE utf8mb4_unicode_ci NOT NULL,
  `image` varchar(255) COLLATE utf8mb4_unicode_ci DEFAULT NULL,
  `company` varchar(120) COLLATE utf8mb4_unicode_ci DEFAULT NULL,
  `status` varchar(60) COLLATE utf8mb4_unicode_ci NOT NULL DEFAULT 'published',
  `created_at` timestamp NULL DEFAULT NULL,
  `updated_at` timestamp NULL DEFAULT NULL,
  PRIMARY KEY (`id`)
) ENGINE=InnoDB AUTO_INCREMENT=7 DEFAULT CHARSET=utf8mb4 COLLATE=utf8mb4_unicode_ci;
/*!40101 SET character_set_client = @saved_cs_client */;

--
-- Dumping data for table `testimonials`
--

LOCK TABLES `testimonials` WRITE;
/*!40000 ALTER TABLE `testimonials` DISABLE KEYS */;
INSERT INTO `testimonials` VALUES (1,'Adam Williams','Lorem ipsum dolor sit amet, consectetur adipiscing elit, sed do eiusmod tempor incididunt ut labore et dolore magna aliqua','testimonials/01.png','CEO Of Microsoft','published','2023-06-02 01:09:12','2023-06-02 01:09:12'),(2,'Retha Deowalim','Lorem ipsum dolor sit amet, consectetur adipiscing elit, sed do eiusmod tempor incididunt ut labore et dolore magna aliqua','testimonials/02.png','CEO Of Apple','published','2023-06-02 01:09:12','2023-06-02 01:09:12'),(3,'Sam J. Wasim','Lorem ipsum dolor sit amet, consectetur adipiscing elit, sed do eiusmod tempor incididunt ut labore et dolore magna aliqua','testimonials/03.png','Pio Founder','published','2023-06-02 01:09:12','2023-06-02 01:09:12'),(4,'Adam Williams','Lorem ipsum dolor sit amet, consectetur adipiscing elit, sed do eiusmod tempor incididunt ut labore et dolore magna aliqua','testimonials/01.png','Giám đốc Microsoft','published','2023-06-02 01:09:12','2023-06-02 01:09:12'),(5,'Retha Deowalim','Lorem ipsum dolor sit amet, consectetur adipiscing elit, sed do eiusmod tempor incididunt ut labore et dolore magna aliqua','testimonials/02.png','Giám đốc Apple','published','2023-06-02 01:09:12','2023-06-02 01:09:12'),(6,'Sam J. Wasim','Lorem ipsum dolor sit amet, consectetur adipiscing elit, sed do eiusmod tempor incididunt ut labore et dolore magna aliqua','testimonials/03.png','Nhà sáng lập Pio','published','2023-06-02 01:09:12','2023-06-02 01:09:12');
/*!40000 ALTER TABLE `testimonials` ENABLE KEYS */;
UNLOCK TABLES;

--
-- Table structure for table `testimonials_translations`
--

DROP TABLE IF EXISTS `testimonials_translations`;
/*!40101 SET @saved_cs_client     = @@character_set_client */;
/*!50503 SET character_set_client = utf8mb4 */;
CREATE TABLE `testimonials_translations` (
  `lang_code` varchar(191) COLLATE utf8mb4_unicode_ci NOT NULL,
  `testimonials_id` bigint unsigned NOT NULL,
  `name` varchar(255) COLLATE utf8mb4_unicode_ci DEFAULT NULL,
  `content` text COLLATE utf8mb4_unicode_ci,
  `company` varchar(120) COLLATE utf8mb4_unicode_ci DEFAULT NULL,
  PRIMARY KEY (`lang_code`,`testimonials_id`)
) ENGINE=InnoDB DEFAULT CHARSET=utf8mb4 COLLATE=utf8mb4_unicode_ci;
/*!40101 SET character_set_client = @saved_cs_client */;

--
-- Dumping data for table `testimonials_translations`
--

LOCK TABLES `testimonials_translations` WRITE;
/*!40000 ALTER TABLE `testimonials_translations` DISABLE KEYS */;
/*!40000 ALTER TABLE `testimonials_translations` ENABLE KEYS */;
UNLOCK TABLES;

--
-- Table structure for table `translations`
--

DROP TABLE IF EXISTS `translations`;
/*!40101 SET @saved_cs_client     = @@character_set_client */;
/*!50503 SET character_set_client = utf8mb4 */;
CREATE TABLE `translations` (
  `id` bigint unsigned NOT NULL AUTO_INCREMENT,
  `status` int NOT NULL DEFAULT '0',
  `locale` varchar(191) COLLATE utf8mb4_unicode_ci NOT NULL,
  `group` varchar(191) COLLATE utf8mb4_unicode_ci NOT NULL,
  `key` varchar(191) COLLATE utf8mb4_unicode_ci NOT NULL,
  `value` text COLLATE utf8mb4_unicode_ci,
  `created_at` timestamp NULL DEFAULT NULL,
  `updated_at` timestamp NULL DEFAULT NULL,
  PRIMARY KEY (`id`)
) ENGINE=InnoDB AUTO_INCREMENT=3253 DEFAULT CHARSET=utf8mb4 COLLATE=utf8mb4_unicode_ci;
/*!40101 SET character_set_client = @saved_cs_client */;

--
-- Dumping data for table `translations`
--

LOCK TABLES `translations` WRITE;
/*!40000 ALTER TABLE `translations` DISABLE KEYS */;
INSERT INTO `translations` VALUES (1,1,'en','auth','failed','These credentials do not match our records.','2023-06-02 01:09:16','2023-06-02 01:09:16'),(2,1,'en','auth','password','The provided password is incorrect.','2023-06-02 01:09:16','2023-06-02 01:09:16'),(3,1,'en','auth','throttle','Too many login attempts. Please try again in :seconds seconds.','2023-06-02 01:09:16','2023-06-02 01:09:16'),(4,1,'en','pagination','previous','&laquo; Previous','2023-06-02 01:09:16','2023-06-02 01:09:16'),(5,1,'en','pagination','next','Next &raquo;','2023-06-02 01:09:16','2023-06-02 01:09:16'),(6,1,'en','passwords','reset','Your password has been reset!','2023-06-02 01:09:16','2023-06-02 01:09:16'),(7,1,'en','passwords','sent','We have emailed your password reset link!','2023-06-02 01:09:16','2023-06-02 01:09:16'),(8,1,'en','passwords','throttled','Please wait before retrying.','2023-06-02 01:09:16','2023-06-02 01:09:16'),(9,1,'en','passwords','token','This password reset token is invalid.','2023-06-02 01:09:16','2023-06-02 01:09:16'),(10,1,'en','passwords','user','We can\'t find a user with that email address.','2023-06-02 01:09:16','2023-06-02 01:09:16'),(11,1,'en','validation','accepted','The :attribute must be accepted.','2023-06-02 01:09:16','2023-06-02 01:09:16'),(12,1,'en','validation','accepted_if','The :attribute must be accepted when :other is :value.','2023-06-02 01:09:16','2023-06-02 01:09:16'),(13,1,'en','validation','active_url','The :attribute is not a valid URL.','2023-06-02 01:09:16','2023-06-02 01:09:16'),(14,1,'en','validation','after','The :attribute must be a date after :date.','2023-06-02 01:09:16','2023-06-02 01:09:16'),(15,1,'en','validation','after_or_equal','The :attribute must be a date after or equal to :date.','2023-06-02 01:09:16','2023-06-02 01:09:16'),(16,1,'en','validation','alpha','The :attribute must only contain letters.','2023-06-02 01:09:16','2023-06-02 01:09:16'),(17,1,'en','validation','alpha_dash','The :attribute must only contain letters, numbers, dashes and underscores.','2023-06-02 01:09:16','2023-06-02 01:09:16'),(18,1,'en','validation','alpha_num','The :attribute must only contain letters and numbers.','2023-06-02 01:09:16','2023-06-02 01:09:16'),(19,1,'en','validation','array','The :attribute must be an array.','2023-06-02 01:09:16','2023-06-02 01:09:16'),(20,1,'en','validation','ascii','The :attribute must only contain single-byte alphanumeric characters and symbols.','2023-06-02 01:09:16','2023-06-02 01:09:16'),(21,1,'en','validation','before','The :attribute must be a date before :date.','2023-06-02 01:09:16','2023-06-02 01:09:16'),(22,1,'en','validation','before_or_equal','The :attribute must be a date before or equal to :date.','2023-06-02 01:09:16','2023-06-02 01:09:16'),(23,1,'en','validation','between.array','The :attribute must have between :min and :max items.','2023-06-02 01:09:16','2023-06-02 01:09:16'),(24,1,'en','validation','between.file','The :attribute must be between :min and :max kilobytes.','2023-06-02 01:09:16','2023-06-02 01:09:16'),(25,1,'en','validation','between.numeric','The :attribute must be between :min and :max.','2023-06-02 01:09:16','2023-06-02 01:09:16'),(26,1,'en','validation','between.string','The :attribute must be between :min and :max characters.','2023-06-02 01:09:16','2023-06-02 01:09:16'),(27,1,'en','validation','boolean','The :attribute field must be true or false.','2023-06-02 01:09:16','2023-06-02 01:09:16'),(28,1,'en','validation','confirmed','The :attribute confirmation does not match.','2023-06-02 01:09:16','2023-06-02 01:09:16'),(29,1,'en','validation','current_password','The password is incorrect.','2023-06-02 01:09:16','2023-06-02 01:09:16'),(30,1,'en','validation','date','The :attribute is not a valid date.','2023-06-02 01:09:16','2023-06-02 01:09:16'),(31,1,'en','validation','date_equals','The :attribute must be a date equal to :date.','2023-06-02 01:09:16','2023-06-02 01:09:16'),(32,1,'en','validation','date_format','The :attribute does not match the format :format.','2023-06-02 01:09:16','2023-06-02 01:09:16'),(33,1,'en','validation','decimal','The :attribute must have :decimal decimal places.','2023-06-02 01:09:16','2023-06-02 01:09:16'),(34,1,'en','validation','declined','The :attribute must be declined.','2023-06-02 01:09:16','2023-06-02 01:09:16'),(35,1,'en','validation','declined_if','The :attribute must be declined when :other is :value.','2023-06-02 01:09:16','2023-06-02 01:09:16'),(36,1,'en','validation','different','The :attribute and :other must be different.','2023-06-02 01:09:16','2023-06-02 01:09:16'),(37,1,'en','validation','digits','The :attribute must be :digits digits.','2023-06-02 01:09:16','2023-06-02 01:09:16'),(38,1,'en','validation','digits_between','The :attribute must be between :min and :max digits.','2023-06-02 01:09:16','2023-06-02 01:09:16'),(39,1,'en','validation','dimensions','The :attribute has invalid image dimensions.','2023-06-02 01:09:16','2023-06-02 01:09:16'),(40,1,'en','validation','distinct','The :attribute field has a duplicate value.','2023-06-02 01:09:16','2023-06-02 01:09:16'),(41,1,'en','validation','doesnt_end_with','The :attribute may not end with one of the following: :values.','2023-06-02 01:09:16','2023-06-02 01:09:16'),(42,1,'en','validation','doesnt_start_with','The :attribute may not start with one of the following: :values.','2023-06-02 01:09:16','2023-06-02 01:09:16'),(43,1,'en','validation','email','The :attribute must be a valid email address.','2023-06-02 01:09:16','2023-06-02 01:09:16'),(44,1,'en','validation','ends_with','The :attribute must end with one of the following: :values.','2023-06-02 01:09:16','2023-06-02 01:09:16'),(45,1,'en','validation','enum','The selected :attribute is invalid.','2023-06-02 01:09:16','2023-06-02 01:09:16'),(46,1,'en','validation','exists','The selected :attribute is invalid.','2023-06-02 01:09:16','2023-06-02 01:09:16'),(47,1,'en','validation','file','The :attribute must be a file.','2023-06-02 01:09:16','2023-06-02 01:09:16'),(48,1,'en','validation','filled','The :attribute field must have a value.','2023-06-02 01:09:16','2023-06-02 01:09:16'),(49,1,'en','validation','gt.array','The :attribute must have more than :value items.','2023-06-02 01:09:16','2023-06-02 01:09:16'),(50,1,'en','validation','gt.file','The :attribute must be greater than :value kilobytes.','2023-06-02 01:09:16','2023-06-02 01:09:16'),(51,1,'en','validation','gt.numeric','The :attribute must be greater than :value.','2023-06-02 01:09:16','2023-06-02 01:09:16'),(52,1,'en','validation','gt.string','The :attribute must be greater than :value characters.','2023-06-02 01:09:16','2023-06-02 01:09:16'),(53,1,'en','validation','gte.array','The :attribute must have :value items or more.','2023-06-02 01:09:16','2023-06-02 01:09:16'),(54,1,'en','validation','gte.file','The :attribute must be greater than or equal to :value kilobytes.','2023-06-02 01:09:16','2023-06-02 01:09:16'),(55,1,'en','validation','gte.numeric','The :attribute must be greater than or equal to :value.','2023-06-02 01:09:16','2023-06-02 01:09:16'),(56,1,'en','validation','gte.string','The :attribute must be greater than or equal to :value characters.','2023-06-02 01:09:16','2023-06-02 01:09:16'),(57,1,'en','validation','image','The :attribute must be an image.','2023-06-02 01:09:16','2023-06-02 01:09:16'),(58,1,'en','validation','in','The selected :attribute is invalid.','2023-06-02 01:09:16','2023-06-02 01:09:16'),(59,1,'en','validation','in_array','The :attribute field does not exist in :other.','2023-06-02 01:09:16','2023-06-02 01:09:16'),(60,1,'en','validation','integer','The :attribute must be an integer.','2023-06-02 01:09:16','2023-06-02 01:09:16'),(61,1,'en','validation','ip','The :attribute must be a valid IP address.','2023-06-02 01:09:16','2023-06-02 01:09:16'),(62,1,'en','validation','ipv4','The :attribute must be a valid IPv4 address.','2023-06-02 01:09:16','2023-06-02 01:09:16'),(63,1,'en','validation','ipv6','The :attribute must be a valid IPv6 address.','2023-06-02 01:09:16','2023-06-02 01:09:16'),(64,1,'en','validation','json','The :attribute must be a valid JSON string.','2023-06-02 01:09:16','2023-06-02 01:09:16'),(65,1,'en','validation','lowercase','The :attribute must be lowercase.','2023-06-02 01:09:16','2023-06-02 01:09:16'),(66,1,'en','validation','lt.array','The :attribute must have less than :value items.','2023-06-02 01:09:16','2023-06-02 01:09:16'),(67,1,'en','validation','lt.file','The :attribute must be less than :value kilobytes.','2023-06-02 01:09:16','2023-06-02 01:09:16'),(68,1,'en','validation','lt.numeric','The :attribute must be less than :value.','2023-06-02 01:09:16','2023-06-02 01:09:16'),(69,1,'en','validation','lt.string','The :attribute must be less than :value characters.','2023-06-02 01:09:16','2023-06-02 01:09:16'),(70,1,'en','validation','lte.array','The :attribute must not have more than :value items.','2023-06-02 01:09:16','2023-06-02 01:09:16'),(71,1,'en','validation','lte.file','The :attribute must be less than or equal to :value kilobytes.','2023-06-02 01:09:16','2023-06-02 01:09:16'),(72,1,'en','validation','lte.numeric','The :attribute must be less than or equal to :value.','2023-06-02 01:09:16','2023-06-02 01:09:16'),(73,1,'en','validation','lte.string','The :attribute must be less than or equal to :value characters.','2023-06-02 01:09:16','2023-06-02 01:09:16'),(74,1,'en','validation','mac_address','The :attribute must be a valid MAC address.','2023-06-02 01:09:16','2023-06-02 01:09:16'),(75,1,'en','validation','max.array','The :attribute must not have more than :max items.','2023-06-02 01:09:16','2023-06-02 01:09:16'),(76,1,'en','validation','max.file','The :attribute must not be greater than :max kilobytes.','2023-06-02 01:09:16','2023-06-02 01:09:16'),(77,1,'en','validation','max.numeric','The :attribute must not be greater than :max.','2023-06-02 01:09:16','2023-06-02 01:09:16'),(78,1,'en','validation','max.string','The :attribute must not be greater than :max characters.','2023-06-02 01:09:16','2023-06-02 01:09:16'),(79,1,'en','validation','max_digits','The :attribute must not have more than :max digits.','2023-06-02 01:09:16','2023-06-02 01:09:16'),(80,1,'en','validation','mimes','The :attribute must be a file of type: :values.','2023-06-02 01:09:16','2023-06-02 01:09:16'),(81,1,'en','validation','mimetypes','The :attribute must be a file of type: :values.','2023-06-02 01:09:16','2023-06-02 01:09:16'),(82,1,'en','validation','min.array','The :attribute must have at least :min items.','2023-06-02 01:09:16','2023-06-02 01:09:16'),(83,1,'en','validation','min.file','The :attribute must be at least :min kilobytes.','2023-06-02 01:09:16','2023-06-02 01:09:16'),(84,1,'en','validation','min.numeric','The :attribute must be at least :min.','2023-06-02 01:09:16','2023-06-02 01:09:16'),(85,1,'en','validation','min.string','The :attribute must be at least :min characters.','2023-06-02 01:09:16','2023-06-02 01:09:16'),(86,1,'en','validation','min_digits','The :attribute must have at least :min digits.','2023-06-02 01:09:16','2023-06-02 01:09:16'),(87,1,'en','validation','missing','The :attribute field must be missing.','2023-06-02 01:09:16','2023-06-02 01:09:16'),(88,1,'en','validation','missing_if','The :attribute field must be missing when :other is :value.','2023-06-02 01:09:16','2023-06-02 01:09:16'),(89,1,'en','validation','missing_unless','The :attribute field must be missing unless :other is :value.','2023-06-02 01:09:16','2023-06-02 01:09:16'),(90,1,'en','validation','missing_with','The :attribute field must be missing when :values is present.','2023-06-02 01:09:16','2023-06-02 01:09:16'),(91,1,'en','validation','missing_with_all','The :attribute field must be missing when :values are present.','2023-06-02 01:09:16','2023-06-02 01:09:16'),(92,1,'en','validation','multiple_of','The :attribute must be a multiple of :value.','2023-06-02 01:09:16','2023-06-02 01:09:16'),(93,1,'en','validation','not_in','The selected :attribute is invalid.','2023-06-02 01:09:16','2023-06-02 01:09:16'),(94,1,'en','validation','not_regex','The :attribute format is invalid.','2023-06-02 01:09:16','2023-06-02 01:09:16'),(95,1,'en','validation','numeric','The :attribute must be a number.','2023-06-02 01:09:16','2023-06-02 01:09:16'),(96,1,'en','validation','password.letters','The :attribute must contain at least one letter.','2023-06-02 01:09:16','2023-06-02 01:09:16'),(97,1,'en','validation','password.mixed','The :attribute must contain at least one uppercase and one lowercase letter.','2023-06-02 01:09:16','2023-06-02 01:09:16'),(98,1,'en','validation','password.numbers','The :attribute must contain at least one number.','2023-06-02 01:09:16','2023-06-02 01:09:16'),(99,1,'en','validation','password.symbols','The :attribute must contain at least one symbol.','2023-06-02 01:09:16','2023-06-02 01:09:16'),(100,1,'en','validation','password.uncompromised','The given :attribute has appeared in a data leak. Please choose a different :attribute.','2023-06-02 01:09:16','2023-06-02 01:09:16'),(101,1,'en','validation','present','The :attribute field must be present.','2023-06-02 01:09:16','2023-06-02 01:09:16'),(102,1,'en','validation','prohibited','The :attribute field is prohibited.','2023-06-02 01:09:16','2023-06-02 01:09:16'),(103,1,'en','validation','prohibited_if','The :attribute field is prohibited when :other is :value.','2023-06-02 01:09:16','2023-06-02 01:09:16'),(104,1,'en','validation','prohibited_unless','The :attribute field is prohibited unless :other is in :values.','2023-06-02 01:09:16','2023-06-02 01:09:16'),(105,1,'en','validation','prohibits','The :attribute field prohibits :other from being present.','2023-06-02 01:09:16','2023-06-02 01:09:16'),(106,1,'en','validation','regex','The :attribute format is invalid.','2023-06-02 01:09:16','2023-06-02 01:09:16'),(107,1,'en','validation','required','The :attribute field is required.','2023-06-02 01:09:16','2023-06-02 01:09:16'),(108,1,'en','validation','required_array_keys','The :attribute field must contain entries for: :values.','2023-06-02 01:09:16','2023-06-02 01:09:16'),(109,1,'en','validation','required_if','The :attribute field is required when :other is :value.','2023-06-02 01:09:16','2023-06-02 01:09:16'),(110,1,'en','validation','required_if_accepted','The :attribute field is required when :other is accepted.','2023-06-02 01:09:16','2023-06-02 01:09:16'),(111,1,'en','validation','required_unless','The :attribute field is required unless :other is in :values.','2023-06-02 01:09:16','2023-06-02 01:09:16'),(112,1,'en','validation','required_with','The :attribute field is required when :values is present.','2023-06-02 01:09:16','2023-06-02 01:09:16'),(113,1,'en','validation','required_with_all','The :attribute field is required when :values are present.','2023-06-02 01:09:16','2023-06-02 01:09:16'),(114,1,'en','validation','required_without','The :attribute field is required when :values is not present.','2023-06-02 01:09:16','2023-06-02 01:09:16'),(115,1,'en','validation','required_without_all','The :attribute field is required when none of :values are present.','2023-06-02 01:09:16','2023-06-02 01:09:16'),(116,1,'en','validation','same','The :attribute and :other must match.','2023-06-02 01:09:16','2023-06-02 01:09:16'),(117,1,'en','validation','size.array','The :attribute must contain :size items.','2023-06-02 01:09:16','2023-06-02 01:09:16'),(118,1,'en','validation','size.file','The :attribute must be :size kilobytes.','2023-06-02 01:09:16','2023-06-02 01:09:16'),(119,1,'en','validation','size.numeric','The :attribute must be :size.','2023-06-02 01:09:16','2023-06-02 01:09:16'),(120,1,'en','validation','size.string','The :attribute must be :size characters.','2023-06-02 01:09:16','2023-06-02 01:09:16'),(121,1,'en','validation','starts_with','The :attribute must start with one of the following: :values.','2023-06-02 01:09:16','2023-06-02 01:09:16'),(122,1,'en','validation','string','The :attribute must be a string.','2023-06-02 01:09:16','2023-06-02 01:09:16'),(123,1,'en','validation','timezone','The :attribute must be a valid timezone.','2023-06-02 01:09:16','2023-06-02 01:09:16'),(124,1,'en','validation','unique','The :attribute has already been taken.','2023-06-02 01:09:16','2023-06-02 01:09:16'),(125,1,'en','validation','uploaded','The :attribute failed to upload.','2023-06-02 01:09:16','2023-06-02 01:09:16'),(126,1,'en','validation','uppercase','The :attribute must be uppercase.','2023-06-02 01:09:16','2023-06-02 01:09:16'),(127,1,'en','validation','url','The :attribute must be a valid URL.','2023-06-02 01:09:16','2023-06-02 01:09:16'),(128,1,'en','validation','ulid','The :attribute must be a valid ULID.','2023-06-02 01:09:16','2023-06-02 01:09:16'),(129,1,'en','validation','uuid','The :attribute must be a valid UUID.','2023-06-02 01:09:16','2023-06-02 01:09:16'),(130,1,'en','validation','custom.attribute-name.rule-name','custom-message','2023-06-02 01:09:16','2023-06-02 01:09:16'),(131,1,'en','core/acl/auth','login.username','Email/Username','2023-06-02 01:09:16','2023-06-02 01:09:16'),(132,1,'en','core/acl/auth','login.email','Email','2023-06-02 01:09:16','2023-06-02 01:09:16'),(133,1,'en','core/acl/auth','login.password','Password','2023-06-02 01:09:16','2023-06-02 01:09:16'),(134,1,'en','core/acl/auth','login.title','User Login','2023-06-02 01:09:16','2023-06-02 01:09:16'),(135,1,'en','core/acl/auth','login.remember','Remember me?','2023-06-02 01:09:16','2023-06-02 01:09:16'),(136,1,'en','core/acl/auth','login.login','Sign in','2023-06-02 01:09:16','2023-06-02 01:09:16'),(137,1,'en','core/acl/auth','login.placeholder.username','Please enter your username','2023-06-02 01:09:16','2023-06-02 01:09:16'),(138,1,'en','core/acl/auth','login.placeholder.email','Please enter your email','2023-06-02 01:09:16','2023-06-02 01:09:16'),(139,1,'en','core/acl/auth','login.success','Login successfully!','2023-06-02 01:09:16','2023-06-02 01:09:16'),(140,1,'en','core/acl/auth','login.fail','Wrong username or password.','2023-06-02 01:09:16','2023-06-02 01:09:16'),(141,1,'en','core/acl/auth','login.not_active','Your account has not been activated yet!','2023-06-02 01:09:16','2023-06-02 01:09:16'),(142,1,'en','core/acl/auth','login.banned','This account is banned.','2023-06-02 01:09:16','2023-06-02 01:09:16'),(143,1,'en','core/acl/auth','login.logout_success','Logout successfully!','2023-06-02 01:09:16','2023-06-02 01:09:16'),(144,1,'en','core/acl/auth','login.dont_have_account','You don\'t have account on this system, please contact administrator for more information!','2023-06-02 01:09:16','2023-06-02 01:09:16'),(145,1,'en','core/acl/auth','forgot_password.title','Forgot Password','2023-06-02 01:09:16','2023-06-02 01:09:16'),(146,1,'en','core/acl/auth','forgot_password.message','<p>Have you forgotten your password?</p><p>Please enter your email account. System will send a email with active link to reset your password.</p>','2023-06-02 01:09:16','2023-06-02 01:09:16'),(147,1,'en','core/acl/auth','forgot_password.submit','Submit','2023-06-02 01:09:16','2023-06-02 01:09:16'),(148,1,'en','core/acl/auth','reset.new_password','New password','2023-06-02 01:09:16','2023-06-02 01:09:16'),(149,1,'en','core/acl/auth','reset.password_confirmation','Confirm new password','2023-06-02 01:09:16','2023-06-02 01:09:16'),(150,1,'en','core/acl/auth','reset.email','Email','2023-06-02 01:09:16','2023-06-02 01:09:16'),(151,1,'en','core/acl/auth','reset.title','Reset your password','2023-06-02 01:09:16','2023-06-02 01:09:16'),(152,1,'en','core/acl/auth','reset.update','Update','2023-06-02 01:09:16','2023-06-02 01:09:16'),(153,1,'en','core/acl/auth','reset.wrong_token','This link is invalid or expired. Please try using reset form again.','2023-06-02 01:09:16','2023-06-02 01:09:16'),(154,1,'en','core/acl/auth','reset.user_not_found','This username is not exist.','2023-06-02 01:09:16','2023-06-02 01:09:16'),(155,1,'en','core/acl/auth','reset.success','Reset password successfully!','2023-06-02 01:09:16','2023-06-02 01:09:16'),(156,1,'en','core/acl/auth','reset.fail','Token is invalid, the reset password link has been expired!','2023-06-02 01:09:16','2023-06-02 01:09:16'),(157,1,'en','core/acl/auth','reset.reset.title','Email reset password','2023-06-02 01:09:16','2023-06-02 01:09:16'),(158,1,'en','core/acl/auth','reset.send.success','A email was sent to your email account. Please check and complete this action.','2023-06-02 01:09:16','2023-06-02 01:09:16'),(159,1,'en','core/acl/auth','reset.send.fail','Can not send email in this time. Please try again later.','2023-06-02 01:09:16','2023-06-02 01:09:16'),(160,1,'en','core/acl/auth','reset.new-password','New password','2023-06-02 01:09:16','2023-06-02 01:09:16'),(161,1,'en','core/acl/auth','email.reminder.title','Email reset password','2023-06-02 01:09:16','2023-06-02 01:09:16'),(162,1,'en','core/acl/auth','password_confirmation','Password confirm','2023-06-02 01:09:16','2023-06-02 01:09:16'),(163,1,'en','core/acl/auth','failed','Failed','2023-06-02 01:09:16','2023-06-02 01:09:16'),(164,1,'en','core/acl/auth','throttle','Throttle','2023-06-02 01:09:16','2023-06-02 01:09:16'),(165,1,'en','core/acl/auth','not_member','Not a member yet?','2023-06-02 01:09:16','2023-06-02 01:09:16'),(166,1,'en','core/acl/auth','register_now','Register now','2023-06-02 01:09:16','2023-06-02 01:09:16'),(167,1,'en','core/acl/auth','lost_your_password','Lost your password?','2023-06-02 01:09:16','2023-06-02 01:09:16'),(168,1,'en','core/acl/auth','login_title','Admin','2023-06-02 01:09:16','2023-06-02 01:09:16'),(169,1,'en','core/acl/auth','login_via_social','Login with social networks','2023-06-02 01:09:16','2023-06-02 01:09:16'),(170,1,'en','core/acl/auth','back_to_login','Back to login page','2023-06-02 01:09:16','2023-06-02 01:09:16'),(171,1,'en','core/acl/auth','sign_in_below','Sign In Below','2023-06-02 01:09:16','2023-06-02 01:09:16'),(172,1,'en','core/acl/auth','languages','Languages','2023-06-02 01:09:16','2023-06-02 01:09:16'),(173,1,'en','core/acl/auth','reset_password','Reset Password','2023-06-02 01:09:16','2023-06-02 01:09:16'),(174,1,'en','core/acl/auth','settings.email.title','ACL','2023-06-02 01:09:16','2023-06-02 01:09:16'),(175,1,'en','core/acl/auth','settings.email.description','ACL email configuration','2023-06-02 01:09:16','2023-06-02 01:09:16'),(176,1,'en','core/acl/permissions','notices.role_in_use','Cannot delete this role, it is still in use!','2023-06-02 01:09:16','2023-06-02 01:09:16'),(177,1,'en','core/acl/permissions','notices.role_delete_belong_user','You are not able to delete this role; it belongs to someone else!','2023-06-02 01:09:16','2023-06-02 01:09:16'),(178,1,'en','core/acl/permissions','notices.role_edit_belong_user','You are not able to edit this role; it belongs to someone else!','2023-06-02 01:09:16','2023-06-02 01:09:16'),(179,1,'en','core/acl/permissions','notices.delete_global_role','You are not allowed to delete global roles!','2023-06-02 01:09:16','2023-06-02 01:09:16'),(180,1,'en','core/acl/permissions','notices.delete_success','The selected role was deleted successfully!','2023-06-02 01:09:16','2023-06-02 01:09:16'),(181,1,'en','core/acl/permissions','notices.modified_success','The selected role was modified successfully!','2023-06-02 01:09:16','2023-06-02 01:09:16'),(182,1,'en','core/acl/permissions','notices.create_success','The new role was successfully created','2023-06-02 01:09:16','2023-06-02 01:09:16'),(183,1,'en','core/acl/permissions','notices.duplicated_success','The selected role was duplicated successfully','2023-06-02 01:09:17','2023-06-02 01:09:17'),(184,1,'en','core/acl/permissions','notices.no_select','Please select at least one record to take this action!','2023-06-02 01:09:17','2023-06-02 01:09:17'),(185,1,'en','core/acl/permissions','notices.not_found','Role not found','2023-06-02 01:09:17','2023-06-02 01:09:17'),(186,1,'en','core/acl/permissions','name','Name','2023-06-02 01:09:17','2023-06-02 01:09:17'),(187,1,'en','core/acl/permissions','current_role','Current Role','2023-06-02 01:09:17','2023-06-02 01:09:17'),(188,1,'en','core/acl/permissions','no_role_assigned','No role assigned','2023-06-02 01:09:17','2023-06-02 01:09:17'),(189,1,'en','core/acl/permissions','role_assigned','Assigned Role','2023-06-02 01:09:17','2023-06-02 01:09:17'),(190,1,'en','core/acl/permissions','create_role','Create New Role','2023-06-02 01:09:17','2023-06-02 01:09:17'),(191,1,'en','core/acl/permissions','role_name','Name','2023-06-02 01:09:17','2023-06-02 01:09:17'),(192,1,'en','core/acl/permissions','role_description','Description','2023-06-02 01:09:17','2023-06-02 01:09:17'),(193,1,'en','core/acl/permissions','permission_flags','Permission Flags','2023-06-02 01:09:17','2023-06-02 01:09:17'),(194,1,'en','core/acl/permissions','cancel','Cancel','2023-06-02 01:09:17','2023-06-02 01:09:17'),(195,1,'en','core/acl/permissions','reset','Reset','2023-06-02 01:09:17','2023-06-02 01:09:17'),(196,1,'en','core/acl/permissions','save','Save','2023-06-02 01:09:17','2023-06-02 01:09:17'),(197,1,'en','core/acl/permissions','global_role_msg','This is a global role and cannot be modified.  You can use the Duplicate button to make a copy of this role that you can then modify.','2023-06-02 01:09:17','2023-06-02 01:09:17'),(198,1,'en','core/acl/permissions','details','Details','2023-06-02 01:09:17','2023-06-02 01:09:17'),(199,1,'en','core/acl/permissions','duplicate','Duplicate','2023-06-02 01:09:17','2023-06-02 01:09:17'),(200,1,'en','core/acl/permissions','all','All Permissions','2023-06-02 01:09:17','2023-06-02 01:09:17'),(201,1,'en','core/acl/permissions','list_role','List Roles','2023-06-02 01:09:17','2023-06-02 01:09:17'),(202,1,'en','core/acl/permissions','created_on','Created On','2023-06-02 01:09:17','2023-06-02 01:09:17'),(203,1,'en','core/acl/permissions','created_by','Created By','2023-06-02 01:09:17','2023-06-02 01:09:17'),(204,1,'en','core/acl/permissions','actions','Actions','2023-06-02 01:09:17','2023-06-02 01:09:17'),(205,1,'en','core/acl/permissions','role_in_use','Cannot delete this role, it is still in use!','2023-06-02 01:09:17','2023-06-02 01:09:17'),(206,1,'en','core/acl/permissions','role_delete_belong_user','You are not able to delete this role; it belongs to someone else!','2023-06-02 01:09:17','2023-06-02 01:09:17'),(207,1,'en','core/acl/permissions','delete_global_role','Can not delete global role','2023-06-02 01:09:17','2023-06-02 01:09:17'),(208,1,'en','core/acl/permissions','delete_success','Delete role successfully','2023-06-02 01:09:17','2023-06-02 01:09:17'),(209,1,'en','core/acl/permissions','no_select','Please select at least one role to take this action!','2023-06-02 01:09:17','2023-06-02 01:09:17'),(210,1,'en','core/acl/permissions','not_found','No role found!','2023-06-02 01:09:17','2023-06-02 01:09:17'),(211,1,'en','core/acl/permissions','role_edit_belong_user','You are not able to edit this role; it belongs to someone else!','2023-06-02 01:09:17','2023-06-02 01:09:17'),(212,1,'en','core/acl/permissions','modified_success','Modified successfully','2023-06-02 01:09:17','2023-06-02 01:09:17'),(213,1,'en','core/acl/permissions','create_success','Create successfully','2023-06-02 01:09:17','2023-06-02 01:09:17'),(214,1,'en','core/acl/permissions','duplicated_success','Duplicated successfully','2023-06-02 01:09:17','2023-06-02 01:09:17'),(215,1,'en','core/acl/permissions','options','Options','2023-06-02 01:09:17','2023-06-02 01:09:17'),(216,1,'en','core/acl/permissions','access_denied_message','You are not allowed to do this action','2023-06-02 01:09:17','2023-06-02 01:09:17'),(217,1,'en','core/acl/permissions','roles','Roles','2023-06-02 01:09:17','2023-06-02 01:09:17'),(218,1,'en','core/acl/permissions','role_permission','Roles and Permissions','2023-06-02 01:09:17','2023-06-02 01:09:17'),(219,1,'en','core/acl/permissions','user_management','User Management','2023-06-02 01:09:17','2023-06-02 01:09:17'),(220,1,'en','core/acl/permissions','super_user_management','Super User Management','2023-06-02 01:09:17','2023-06-02 01:09:17'),(221,1,'en','core/acl/permissions','action_unauthorized','This action is unauthorized.','2023-06-02 01:09:17','2023-06-02 01:09:17'),(222,1,'en','core/acl/reminders','password','Passwords must be at least six characters and match the confirmation.','2023-06-02 01:09:17','2023-06-02 01:09:17'),(223,1,'en','core/acl/reminders','user','We can\'t find a user with that e-mail address.','2023-06-02 01:09:17','2023-06-02 01:09:17'),(224,1,'en','core/acl/reminders','token','This password reset token is invalid.','2023-06-02 01:09:17','2023-06-02 01:09:17'),(225,1,'en','core/acl/reminders','sent','Password reminder sent!','2023-06-02 01:09:17','2023-06-02 01:09:17'),(226,1,'en','core/acl/reminders','reset','Password has been reset!','2023-06-02 01:09:17','2023-06-02 01:09:17'),(227,1,'en','core/acl/users','delete_user_logged_in','Can\'t delete this user. This user is logged on!','2023-06-02 01:09:17','2023-06-02 01:09:17'),(228,1,'en','core/acl/users','no_select','Please select at least one record to take this action!','2023-06-02 01:09:17','2023-06-02 01:09:17'),(229,1,'en','core/acl/users','lock_user_logged_in','Can\'t lock this user. This user is logged on!','2023-06-02 01:09:17','2023-06-02 01:09:17'),(230,1,'en','core/acl/users','update_success','Update status successfully!','2023-06-02 01:09:17','2023-06-02 01:09:17'),(231,1,'en','core/acl/users','save_setting_failed','Something went wrong when save your setting','2023-06-02 01:09:17','2023-06-02 01:09:17'),(232,1,'en','core/acl/users','not_found','User not found','2023-06-02 01:09:17','2023-06-02 01:09:17'),(233,1,'en','core/acl/users','email_exist','That email address already belongs to an existing account','2023-06-02 01:09:17','2023-06-02 01:09:17'),(234,1,'en','core/acl/users','username_exist','That username address already belongs to an existing account','2023-06-02 01:09:17','2023-06-02 01:09:17'),(235,1,'en','core/acl/users','update_profile_success','Your profile changes were successfully saved','2023-06-02 01:09:17','2023-06-02 01:09:17'),(236,1,'en','core/acl/users','password_update_success','Password successfully changed','2023-06-02 01:09:17','2023-06-02 01:09:17'),(237,1,'en','core/acl/users','current_password_not_valid','Current password is not valid','2023-06-02 01:09:17','2023-06-02 01:09:17'),(238,1,'en','core/acl/users','user_exist_in','User is already a member','2023-06-02 01:09:17','2023-06-02 01:09:17'),(239,1,'en','core/acl/users','email','Email','2023-06-02 01:09:17','2023-06-02 01:09:17'),(240,1,'en','core/acl/users','role','Role','2023-06-02 01:09:17','2023-06-02 01:09:17'),(241,1,'en','core/acl/users','username','Username','2023-06-02 01:09:17','2023-06-02 01:09:17'),(242,1,'en','core/acl/users','last_name','Last Name','2023-06-02 01:09:17','2023-06-02 01:09:17'),(243,1,'en','core/acl/users','first_name','First Name','2023-06-02 01:09:17','2023-06-02 01:09:17'),(244,1,'en','core/acl/users','message','Message','2023-06-02 01:09:17','2023-06-02 01:09:17'),(245,1,'en','core/acl/users','cancel_btn','Cancel','2023-06-02 01:09:17','2023-06-02 01:09:17'),(246,1,'en','core/acl/users','change_password','Change password','2023-06-02 01:09:17','2023-06-02 01:09:17'),(247,1,'en','core/acl/users','current_password','Current password','2023-06-02 01:09:17','2023-06-02 01:09:17'),(248,1,'en','core/acl/users','new_password','New Password','2023-06-02 01:09:17','2023-06-02 01:09:17'),(249,1,'en','core/acl/users','confirm_new_password','Confirm New Password','2023-06-02 01:09:17','2023-06-02 01:09:17'),(250,1,'en','core/acl/users','password','Password','2023-06-02 01:09:17','2023-06-02 01:09:17'),(251,1,'en','core/acl/users','save','Save','2023-06-02 01:09:17','2023-06-02 01:09:17'),(252,1,'en','core/acl/users','cannot_delete','User could not be deleted','2023-06-02 01:09:17','2023-06-02 01:09:17'),(253,1,'en','core/acl/users','deleted','User deleted','2023-06-02 01:09:17','2023-06-02 01:09:17'),(254,1,'en','core/acl/users','last_login','Last Login','2023-06-02 01:09:17','2023-06-02 01:09:17'),(255,1,'en','core/acl/users','error_update_profile_image','Error when update profile image','2023-06-02 01:09:17','2023-06-02 01:09:17'),(256,1,'en','core/acl/users','email_reminder_template','<h3>Hello :name</h3><p>The system has received a request to restore the password for your account, to complete this task please click the link below.</p><p><a href=\":link\">Reset password now</a></p><p>If not you ask recover password, please ignore this email.</p><p>This email is valid for 60 minutes after receiving the email.</p>','2023-06-02 01:09:17','2023-06-02 01:09:17'),(257,1,'en','core/acl/users','change_profile_image','Change Profile Image','2023-06-02 01:09:17','2023-06-02 01:09:17'),(258,1,'en','core/acl/users','new_image','New Image','2023-06-02 01:09:17','2023-06-02 01:09:17'),(259,1,'en','core/acl/users','loading','Loading','2023-06-02 01:09:17','2023-06-02 01:09:17'),(260,1,'en','core/acl/users','close','Close','2023-06-02 01:09:17','2023-06-02 01:09:17'),(261,1,'en','core/acl/users','update','Update','2023-06-02 01:09:17','2023-06-02 01:09:17'),(262,1,'en','core/acl/users','read_image_failed','Failed to read the image file','2023-06-02 01:09:17','2023-06-02 01:09:17'),(263,1,'en','core/acl/users','users','Users','2023-06-02 01:09:17','2023-06-02 01:09:17'),(264,1,'en','core/acl/users','update_avatar_success','Update profile image successfully!','2023-06-02 01:09:17','2023-06-02 01:09:17'),(265,1,'en','core/acl/users','info.title','User profile','2023-06-02 01:09:17','2023-06-02 01:09:17'),(266,1,'en','core/acl/users','info.first_name','First Name','2023-06-02 01:09:17','2023-06-02 01:09:17'),(267,1,'en','core/acl/users','info.last_name','Last Name','2023-06-02 01:09:17','2023-06-02 01:09:17'),(268,1,'en','core/acl/users','total_users','Total users','2023-06-02 01:09:17','2023-06-02 01:09:17'),(269,1,'en','core/acl/users','statuses.activated','Activated','2023-06-02 01:09:17','2023-06-02 01:09:17'),(270,1,'en','core/acl/users','statuses.deactivated','Deactivated','2023-06-02 01:09:17','2023-06-02 01:09:17'),(271,1,'en','core/acl/users','make_super','Make super','2023-06-02 01:09:17','2023-06-02 01:09:17'),(272,1,'en','core/acl/users','remove_super','Remove super','2023-06-02 01:09:17','2023-06-02 01:09:17'),(273,1,'en','core/acl/users','is_super','Is super?','2023-06-02 01:09:17','2023-06-02 01:09:17'),(274,1,'en','core/acl/users','email_placeholder','Ex: example@gmail.com','2023-06-02 01:09:17','2023-06-02 01:09:17'),(275,1,'en','core/acl/users','password_confirmation','Re-type password','2023-06-02 01:09:17','2023-06-02 01:09:17'),(276,1,'en','core/acl/users','select_role','Select role','2023-06-02 01:09:17','2023-06-02 01:09:17'),(277,1,'en','core/acl/users','create_new_user','Create a new user','2023-06-02 01:09:17','2023-06-02 01:09:17'),(278,1,'en','core/acl/users','cannot_delete_super_user','Permission denied. Cannot delete a super user!','2023-06-02 01:09:17','2023-06-02 01:09:17'),(279,1,'en','core/acl/users','assigned_role','Assigned Role','2023-06-02 01:09:17','2023-06-02 01:09:17'),(280,1,'en','core/acl/users','no_role_assigned','No role assigned','2023-06-02 01:09:17','2023-06-02 01:09:17'),(281,1,'en','core/acl/users','view_user_profile','View user\'s profile','2023-06-02 01:09:17','2023-06-02 01:09:17'),(282,1,'vi','core/acl/auth','login.username','Email/Tên truy cập','2023-06-02 01:09:17','2023-06-02 01:09:17'),(283,1,'vi','core/acl/auth','login.password','Mật khẩu','2023-06-02 01:09:17','2023-06-02 01:09:17'),(284,1,'vi','core/acl/auth','login.title','Đăng nhập vào quản trị','2023-06-02 01:09:17','2023-06-02 01:09:17'),(285,1,'vi','core/acl/auth','login.remember','Nhớ mật khẩu?','2023-06-02 01:09:17','2023-06-02 01:09:17'),(286,1,'vi','core/acl/auth','login.login','Đăng nhập','2023-06-02 01:09:17','2023-06-02 01:09:17'),(287,1,'vi','core/acl/auth','login.placeholder.username','Vui lòng nhập tên truy cập','2023-06-02 01:09:17','2023-06-02 01:09:17'),(288,1,'vi','core/acl/auth','login.placeholder.email','Vui lòng nhập email','2023-06-02 01:09:17','2023-06-02 01:09:17'),(289,1,'vi','core/acl/auth','login.success','Đăng nhập thành công!','2023-06-02 01:09:17','2023-06-02 01:09:17'),(290,1,'vi','core/acl/auth','login.fail','Sai tên truy cập hoặc mật khẩu.','2023-06-02 01:09:17','2023-06-02 01:09:17'),(291,1,'vi','core/acl/auth','login.not_active','Tài khoản của bạn chưa được kích hoạt!','2023-06-02 01:09:17','2023-06-02 01:09:17'),(292,1,'vi','core/acl/auth','login.banned','Tài khoản này đã bị khóa.','2023-06-02 01:09:17','2023-06-02 01:09:17'),(293,1,'vi','core/acl/auth','login.logout_success','Đăng xuất thành công!','2023-06-02 01:09:17','2023-06-02 01:09:17'),(294,1,'vi','core/acl/auth','login.dont_have_account','Bạn không có tài khoản trong hệ thống, vui lòng liên hệ quản trị viên!','2023-06-02 01:09:17','2023-06-02 01:09:17'),(295,1,'vi','core/acl/auth','login.email','Email','2023-06-02 01:09:17','2023-06-02 01:09:17'),(296,1,'vi','core/acl/auth','forgot_password.title','Quên mật khẩu','2023-06-02 01:09:17','2023-06-02 01:09:17'),(297,1,'vi','core/acl/auth','forgot_password.message','<p>Quên mật khẩu?</p><p>Vui lòng nhập email đăng nhập tài khoản của bạn để hệ thống gửi liên kết khôi phục mật khẩu.</p>','2023-06-02 01:09:17','2023-06-02 01:09:17'),(298,1,'vi','core/acl/auth','forgot_password.submit','Hoàn tất','2023-06-02 01:09:17','2023-06-02 01:09:17'),(299,1,'vi','core/acl/auth','reset.new_password','Mật khẩu mới','2023-06-02 01:09:17','2023-06-02 01:09:17'),(300,1,'vi','core/acl/auth','reset.title','Khôi phục mật khẩu','2023-06-02 01:09:17','2023-06-02 01:09:17'),(301,1,'vi','core/acl/auth','reset.update','Cập nhật','2023-06-02 01:09:17','2023-06-02 01:09:17'),(302,1,'vi','core/acl/auth','reset.wrong_token','Liên kết này không chính xác hoặc đã hết hiệu lực, vui lòng yêu cầu khôi phục mật khẩu lại!','2023-06-02 01:09:17','2023-06-02 01:09:17'),(303,1,'vi','core/acl/auth','reset.user_not_found','Tên đăng nhập không tồn tại.','2023-06-02 01:09:17','2023-06-02 01:09:17'),(304,1,'vi','core/acl/auth','reset.success','Khôi phục mật khẩu thành công!','2023-06-02 01:09:17','2023-06-02 01:09:17'),(305,1,'vi','core/acl/auth','reset.fail','Token không hợp lệ hoặc liên kết khôi phục mật khẩu đã hết thời gian hiệu lực!','2023-06-02 01:09:17','2023-06-02 01:09:17'),(306,1,'vi','core/acl/auth','reset.reset.title','Email khôi phục mật khẩu','2023-06-02 01:09:17','2023-06-02 01:09:17'),(307,1,'vi','core/acl/auth','reset.send.success','Một email khôi phục mật khẩu đã được gửi tới email của bạn, vui lòng kiểm tra và hoàn tất yêu cầu.','2023-06-02 01:09:17','2023-06-02 01:09:17'),(308,1,'vi','core/acl/auth','reset.send.fail','Không thể gửi email trong lúc này. Vui lòng thực hiện lại sau.','2023-06-02 01:09:17','2023-06-02 01:09:17'),(309,1,'vi','core/acl/auth','reset.new-password','Mật khẩu mới','2023-06-02 01:09:17','2023-06-02 01:09:17'),(310,1,'vi','core/acl/auth','reset.email','Email','2023-06-02 01:09:17','2023-06-02 01:09:17'),(311,1,'vi','core/acl/auth','reset.password_confirmation','Xác nhận mật khẩu mới','2023-06-02 01:09:17','2023-06-02 01:09:17'),(312,1,'vi','core/acl/auth','email.reminder.title','Email khôi phục mật khẩu','2023-06-02 01:09:17','2023-06-02 01:09:17'),(313,1,'vi','core/acl/auth','failed','Không thành công','2023-06-02 01:09:17','2023-06-02 01:09:17'),(314,1,'vi','core/acl/auth','throttle','Throttle','2023-06-02 01:09:17','2023-06-02 01:09:17'),(315,1,'vi','core/acl/auth','back_to_login','Quay lại trang đăng nhập','2023-06-02 01:09:17','2023-06-02 01:09:17'),(316,1,'vi','core/acl/auth','login_title','Đăng nhập vào quản trị','2023-06-02 01:09:17','2023-06-02 01:09:17'),(317,1,'vi','core/acl/auth','login_via_social','Đăng nhập thông qua mạng xã hội','2023-06-02 01:09:17','2023-06-02 01:09:17'),(318,1,'vi','core/acl/auth','lost_your_password','Quên mật khẩu?','2023-06-02 01:09:17','2023-06-02 01:09:17'),(319,1,'vi','core/acl/auth','not_member','Chưa là thành viên?','2023-06-02 01:09:17','2023-06-02 01:09:17'),(320,1,'vi','core/acl/auth','register_now','Đăng ký ngay','2023-06-02 01:09:17','2023-06-02 01:09:17'),(321,1,'vi','core/acl/auth','languages','Ngôn ngữ','2023-06-02 01:09:17','2023-06-02 01:09:17'),(322,1,'vi','core/acl/auth','password_confirmation','Xác nhận mật khẩu','2023-06-02 01:09:17','2023-06-02 01:09:17'),(323,1,'vi','core/acl/auth','reset_password','Khôi phục mật khẩu','2023-06-02 01:09:17','2023-06-02 01:09:17'),(324,1,'vi','core/acl/auth','sign_in_below','Đăng nhập','2023-06-02 01:09:17','2023-06-02 01:09:17'),(325,1,'vi','core/acl/permissions','notices.role_in_use','Không thể xóa quyền người dùng này vì nó đang được sử dụng!','2023-06-02 01:09:17','2023-06-02 01:09:17'),(326,1,'vi','core/acl/permissions','notices.role_delete_belong_user','Không thể xóa quyền hạn này vì nó thuộc về người khác!','2023-06-02 01:09:17','2023-06-02 01:09:17'),(327,1,'vi','core/acl/permissions','notices.role_edit_belong_user','Bạn không được phép sửa quyền này vì nó thuộc về người khác','2023-06-02 01:09:17','2023-06-02 01:09:17'),(328,1,'vi','core/acl/permissions','notices.delete_global_role','Bạn không thể xóa quyền người dùng hệ thống!','2023-06-02 01:09:17','2023-06-02 01:09:17'),(329,1,'vi','core/acl/permissions','notices.delete_success','Quyền người dùng đã được xóa!','2023-06-02 01:09:17','2023-06-02 01:09:17'),(330,1,'vi','core/acl/permissions','notices.modified_success','Quyền người dùng đã được cập nhật thành công!','2023-06-02 01:09:17','2023-06-02 01:09:17'),(331,1,'vi','core/acl/permissions','notices.create_success','Quyền người dùng mới đã được tạo thành công!','2023-06-02 01:09:17','2023-06-02 01:09:17'),(332,1,'vi','core/acl/permissions','notices.duplicated_success','Quyền người dùng đã được sao chép thành công!','2023-06-02 01:09:17','2023-06-02 01:09:17'),(333,1,'vi','core/acl/permissions','notices.no_select','Hãy chọn ít nhất một quyền người dùng để thực hiện hành động này!','2023-06-02 01:09:17','2023-06-02 01:09:17'),(334,1,'vi','core/acl/permissions','notices.not_found','Không tìm thấy quyền người dùng này','2023-06-02 01:09:17','2023-06-02 01:09:17'),(335,1,'vi','core/acl/permissions','name','Tên','2023-06-02 01:09:17','2023-06-02 01:09:17'),(336,1,'vi','core/acl/permissions','current_role','Quyền hiện tại','2023-06-02 01:09:17','2023-06-02 01:09:17'),(337,1,'vi','core/acl/permissions','no_role_assigned','Không có quyền hạn nào','2023-06-02 01:09:17','2023-06-02 01:09:17'),(338,1,'vi','core/acl/permissions','role_assigned','Quyền đã được gán','2023-06-02 01:09:17','2023-06-02 01:09:17'),(339,1,'vi','core/acl/permissions','create_role','Tạo quyền mới','2023-06-02 01:09:17','2023-06-02 01:09:17'),(340,1,'vi','core/acl/permissions','role_name','Tên','2023-06-02 01:09:17','2023-06-02 01:09:17'),(341,1,'vi','core/acl/permissions','role_description','Mô tả','2023-06-02 01:09:17','2023-06-02 01:09:17'),(342,1,'vi','core/acl/permissions','permission_flags','Cờ đánh dấu quyền hạn','2023-06-02 01:09:17','2023-06-02 01:09:17'),(343,1,'vi','core/acl/permissions','cancel','Hủy bỏ','2023-06-02 01:09:17','2023-06-02 01:09:17'),(344,1,'vi','core/acl/permissions','reset','Làm lại','2023-06-02 01:09:17','2023-06-02 01:09:17'),(345,1,'vi','core/acl/permissions','save','Lưu','2023-06-02 01:09:17','2023-06-02 01:09:17'),(346,1,'vi','core/acl/permissions','global_role_msg','Đây là một phân quyền toàn cục và không thể thay đổi.  Bạn có thể sử dụng nút \"Nhân bản\" để tạo một bản sao chép cho phân quyền này và chỉnh sửa.','2023-06-02 01:09:17','2023-06-02 01:09:17'),(347,1,'vi','core/acl/permissions','details','Chi tiết','2023-06-02 01:09:17','2023-06-02 01:09:17'),(348,1,'vi','core/acl/permissions','duplicate','Nhân bản','2023-06-02 01:09:17','2023-06-02 01:09:17'),(349,1,'vi','core/acl/permissions','all','Tất cả phân quyền','2023-06-02 01:09:17','2023-06-02 01:09:17'),(350,1,'vi','core/acl/permissions','list_role','Danh sách quyền','2023-06-02 01:09:17','2023-06-02 01:09:17'),(351,1,'vi','core/acl/permissions','created_on','Ngày tạo','2023-06-02 01:09:17','2023-06-02 01:09:17'),(352,1,'vi','core/acl/permissions','created_by','Được tạo bởi','2023-06-02 01:09:17','2023-06-02 01:09:17'),(353,1,'vi','core/acl/permissions','actions','Tác vụ','2023-06-02 01:09:17','2023-06-02 01:09:17'),(354,1,'vi','core/acl/permissions','create_success','Tạo thành công!','2023-06-02 01:09:17','2023-06-02 01:09:17'),(355,1,'vi','core/acl/permissions','delete_global_role','Không thể xóa quyền hệ thống','2023-06-02 01:09:17','2023-06-02 01:09:17'),(356,1,'vi','core/acl/permissions','delete_success','Xóa quyền thành công','2023-06-02 01:09:17','2023-06-02 01:09:17'),(357,1,'vi','core/acl/permissions','duplicated_success','Nhân bản thành công','2023-06-02 01:09:17','2023-06-02 01:09:17'),(358,1,'vi','core/acl/permissions','modified_success','Sửa thành công','2023-06-02 01:09:17','2023-06-02 01:09:17'),(359,1,'vi','core/acl/permissions','no_select','Hãy chọn ít nhất một quyền để thực hiện hành động này!','2023-06-02 01:09:17','2023-06-02 01:09:17'),(360,1,'vi','core/acl/permissions','not_found','Không tìm thấy quyền thành viên nào!','2023-06-02 01:09:17','2023-06-02 01:09:17'),(361,1,'vi','core/acl/permissions','options','Tùy chọn','2023-06-02 01:09:17','2023-06-02 01:09:17'),(362,1,'vi','core/acl/permissions','role_delete_belong_user','Không thể xóa quyền hạn này vì nó thuộc về người khác!','2023-06-02 01:09:17','2023-06-02 01:09:17'),(363,1,'vi','core/acl/permissions','role_edit_belong_user','Bạn không được phép sửa quyền này vì nó thuộc về người khác','2023-06-02 01:09:17','2023-06-02 01:09:17'),(364,1,'vi','core/acl/permissions','role_in_use','Không thể xóa quyền người dùng này vì nó đang được sử dụng!','2023-06-02 01:09:17','2023-06-02 01:09:17'),(365,1,'vi','core/acl/permissions','access_denied_message','Bạn không có quyền sử dụng chức năng này!','2023-06-02 01:09:17','2023-06-02 01:09:17'),(366,1,'vi','core/acl/permissions','roles','Quyền','2023-06-02 01:09:17','2023-06-02 01:09:17'),(367,1,'vi','core/acl/permissions','role_permission','Nhóm và phân quyền','2023-06-02 01:09:17','2023-06-02 01:09:17'),(368,1,'vi','core/acl/permissions','user_management','Quản lý người dùng hệ thống','2023-06-02 01:09:17','2023-06-02 01:09:17'),(369,1,'vi','core/acl/permissions','super_user_management','Quản lý người dùng cấp cao','2023-06-02 01:09:17','2023-06-02 01:09:17'),(370,1,'vi','core/acl/permissions','action_unauthorized','Hành động này không được phép','2023-06-02 01:09:17','2023-06-02 01:09:17'),(371,1,'vi','core/acl/reminders','password','Mật khẩu phải ít nhất 6 kí tự và trùng khớp với mật khẩu xác nhận.','2023-06-02 01:09:17','2023-06-02 01:09:17'),(372,1,'vi','core/acl/reminders','user','Hệ thống không thể tìm thấy tài khoản với email này.','2023-06-02 01:09:17','2023-06-02 01:09:17'),(373,1,'vi','core/acl/reminders','token','Mã khôi phục mật khẩu này không hợp lệ.','2023-06-02 01:09:17','2023-06-02 01:09:17'),(374,1,'vi','core/acl/reminders','sent','Liên kết khôi phục mật khẩu đã được gửi!','2023-06-02 01:09:17','2023-06-02 01:09:17'),(375,1,'vi','core/acl/reminders','reset','Mật khẩu đã được thay đổi!','2023-06-02 01:09:17','2023-06-02 01:09:17'),(376,1,'vi','core/acl/users','delete_user_logged_in','Không thể xóa người dùng đang đăng nhập hệ thống!','2023-06-02 01:09:17','2023-06-02 01:09:17'),(377,1,'vi','core/acl/users','no_select','Hãy chọn ít nhất một trường để thực hiện hành động này!','2023-06-02 01:09:17','2023-06-02 01:09:17'),(378,1,'vi','core/acl/users','lock_user_logged_in','Không thể khóa người dùng đang đăng nhập hệ thống!','2023-06-02 01:09:17','2023-06-02 01:09:17'),(379,1,'vi','core/acl/users','update_success','Cập nhật trạng thái thành công!','2023-06-02 01:09:17','2023-06-02 01:09:17'),(380,1,'vi','core/acl/users','save_setting_failed','Có lỗi xảy ra trong quá trình lưu cài đặt của người dùng','2023-06-02 01:09:17','2023-06-02 01:09:17'),(381,1,'vi','core/acl/users','not_found','Không tìm thấy người dùng','2023-06-02 01:09:17','2023-06-02 01:09:17'),(382,1,'vi','core/acl/users','email_exist','Email này đã được sử dụng bởi người dùng khác trong hệ thống','2023-06-02 01:09:17','2023-06-02 01:09:17'),(383,1,'vi','core/acl/users','username_exist','Tên đăng nhập này đã được sử dụng bởi người dùng khác trong hệ thống','2023-06-02 01:09:17','2023-06-02 01:09:17'),(384,1,'vi','core/acl/users','update_profile_success','Thông tin tài khoản của bạn đã được cập nhật thành công','2023-06-02 01:09:17','2023-06-02 01:09:17'),(385,1,'vi','core/acl/users','password_update_success','Cập nhật mật khẩu thành công','2023-06-02 01:09:17','2023-06-02 01:09:17'),(386,1,'vi','core/acl/users','current_password_not_valid','Mật khẩu hiện tại không chính xác','2023-06-02 01:09:17','2023-06-02 01:09:17'),(387,1,'vi','core/acl/users','user_exist_in','Người dùng đã là thành viên','2023-06-02 01:09:17','2023-06-02 01:09:17'),(388,1,'vi','core/acl/users','email','Email','2023-06-02 01:09:17','2023-06-02 01:09:17'),(389,1,'vi','core/acl/users','username','Tên đăng nhập','2023-06-02 01:09:17','2023-06-02 01:09:17'),(390,1,'vi','core/acl/users','role','Phân quyền','2023-06-02 01:09:17','2023-06-02 01:09:17'),(391,1,'vi','core/acl/users','first_name','Họ','2023-06-02 01:09:17','2023-06-02 01:09:17'),(392,1,'vi','core/acl/users','last_name','Tên','2023-06-02 01:09:17','2023-06-02 01:09:17'),(393,1,'vi','core/acl/users','message','Thông điệp','2023-06-02 01:09:17','2023-06-02 01:09:17'),(394,1,'vi','core/acl/users','cancel_btn','Hủy bỏ','2023-06-02 01:09:17','2023-06-02 01:09:17'),(395,1,'vi','core/acl/users','password','Mật khẩu','2023-06-02 01:09:17','2023-06-02 01:09:17'),(396,1,'vi','core/acl/users','new_password','Mật khẩu mới','2023-06-02 01:09:17','2023-06-02 01:09:17'),(397,1,'vi','core/acl/users','save','Lưu','2023-06-02 01:09:17','2023-06-02 01:09:17'),(398,1,'vi','core/acl/users','confirm_new_password','Xác nhận mật khẩu mới','2023-06-02 01:09:17','2023-06-02 01:09:17'),(399,1,'vi','core/acl/users','deleted','Xóa thành viên thành công','2023-06-02 01:09:17','2023-06-02 01:09:17'),(400,1,'vi','core/acl/users','cannot_delete','Không thể xóa thành viên','2023-06-02 01:09:17','2023-06-02 01:09:17'),(401,1,'vi','core/acl/users','last_login','Lần cuối đăng nhập','2023-06-02 01:09:17','2023-06-02 01:09:17'),(402,1,'vi','core/acl/users','error_update_profile_image','Có lỗi trong quá trình đổi ảnh đại diện','2023-06-02 01:09:17','2023-06-02 01:09:17'),(403,1,'vi','core/acl/users','email_reminder_template','<h3>Xin chào :name</h3><p>Hệ thống vừa nhận được yêu cầu khôi phục mật khẩu cho tài khoản của bạn, để hoàn tất tác vụ này vui lòng click vào đường link bên dưới.</p><p><a href=\":link\">Khôi phục mật khẩu</a></p><p>Nếu không phải bạn yêu cầu khôi phục mật khẩu, vui lòng bỏ qua email này.</p><p>Email này có giá trị trong vòng 60 phút kể từ lúc nhận được email.</p>','2023-06-02 01:09:17','2023-06-02 01:09:17'),(404,1,'vi','core/acl/users','change_profile_image','Thay đổi ảnh đại diện','2023-06-02 01:09:17','2023-06-02 01:09:17'),(405,1,'vi','core/acl/users','new_image','Ảnh mới','2023-06-02 01:09:17','2023-06-02 01:09:17'),(406,1,'vi','core/acl/users','loading','Đang tải','2023-06-02 01:09:17','2023-06-02 01:09:17'),(407,1,'vi','core/acl/users','close','Đóng','2023-06-02 01:09:17','2023-06-02 01:09:17'),(408,1,'vi','core/acl/users','update','Cập nhật','2023-06-02 01:09:17','2023-06-02 01:09:17'),(409,1,'vi','core/acl/users','read_image_failed','Không đọc được nội dung của hình ảnh','2023-06-02 01:09:17','2023-06-02 01:09:17'),(410,1,'vi','core/acl/users','update_avatar_success','Cập nhật ảnh đại diện thành công!','2023-06-02 01:09:17','2023-06-02 01:09:17'),(411,1,'vi','core/acl/users','users','Quản trị viên','2023-06-02 01:09:17','2023-06-02 01:09:17'),(412,1,'vi','core/acl/users','info.title','Thông tin người dùng','2023-06-02 01:09:17','2023-06-02 01:09:17'),(413,1,'vi','core/acl/users','info.first_name','Họ','2023-06-02 01:09:17','2023-06-02 01:09:17'),(414,1,'vi','core/acl/users','info.last_name','Tên','2023-06-02 01:09:17','2023-06-02 01:09:17'),(415,1,'vi','core/acl/users','statuses.activated','Đang hoạt động','2023-06-02 01:09:17','2023-06-02 01:09:17'),(416,1,'vi','core/acl/users','statuses.deactivated','Đã khoá','2023-06-02 01:09:17','2023-06-02 01:09:17'),(417,1,'vi','core/acl/users','change_password','Thay đổi mật khẩu','2023-06-02 01:09:17','2023-06-02 01:09:17'),(418,1,'vi','core/acl/users','current_password','Mật khẩu hiện tại','2023-06-02 01:09:17','2023-06-02 01:09:17'),(419,1,'vi','core/acl/users','make_super','Thiết lập quyền cao nhất','2023-06-02 01:09:17','2023-06-02 01:09:17'),(420,1,'vi','core/acl/users','remove_super','Loại bỏ quyền cao nhất','2023-06-02 01:09:17','2023-06-02 01:09:17'),(421,1,'vi','core/acl/users','is_super','Quyền cao nhất?','2023-06-02 01:09:17','2023-06-02 01:09:17'),(422,1,'vi','core/acl/users','email_placeholder','Ex: example@gmail.com','2023-06-02 01:09:17','2023-06-02 01:09:17'),(423,1,'vi','core/acl/users','password_confirmation','Nhập lại mật khẩu','2023-06-02 01:09:17','2023-06-02 01:09:17'),(424,1,'vi','core/acl/users','select_role','Chọn nhóm','2023-06-02 01:09:17','2023-06-02 01:09:17'),(425,1,'vi','core/acl/users','create_new_user','Tạo tài khoản quản trị viên mới','2023-06-02 01:09:17','2023-06-02 01:09:17'),(426,1,'vi','core/acl/users','cannot_delete_super_user','Vượt quyền hạn, không thể xoá quản trị viên cấp cao nhất!','2023-06-02 01:09:17','2023-06-02 01:09:17'),(427,1,'vi','core/acl/users','assigned_role','Cấp quyền','2023-06-02 01:09:17','2023-06-02 01:09:17'),(428,1,'vi','core/acl/users','total_users','Tổng số người dùng','2023-06-02 01:09:17','2023-06-02 01:09:17'),(429,1,'vi','core/acl/users','view_user_profile','Xem thông tin người dùng','2023-06-02 01:09:17','2023-06-02 01:09:17'),(430,1,'vi','core/acl/users','no_role_assigned','Chưa có quyền nào','2023-06-02 01:09:17','2023-06-02 01:09:17'),(431,1,'en','core/base/base','yes','Yes','2023-06-02 01:09:17','2023-06-02 01:09:17'),(432,1,'en','core/base/base','no','No','2023-06-02 01:09:17','2023-06-02 01:09:17'),(433,1,'en','core/base/base','is_default','Is default?','2023-06-02 01:09:17','2023-06-02 01:09:17'),(434,1,'en','core/base/base','proc_close_disabled_error','Function proc_close() is disabled. Please contact your hosting provider to enable\n    it. Or you can add to .env: CAN_EXECUTE_COMMAND=false to disable this feature.','2023-06-02 01:09:17','2023-06-02 01:09:17'),(435,1,'en','core/base/base','email_template.header','Email template header','2023-06-02 01:09:17','2023-06-02 01:09:17'),(436,1,'en','core/base/base','email_template.footer','Email template footer','2023-06-02 01:09:17','2023-06-02 01:09:17'),(437,1,'en','core/base/base','email_template.site_title','Site title','2023-06-02 01:09:17','2023-06-02 01:09:17'),(438,1,'en','core/base/base','email_template.site_url','Site URL','2023-06-02 01:09:17','2023-06-02 01:09:17'),(439,1,'en','core/base/base','email_template.site_logo','Site Logo','2023-06-02 01:09:17','2023-06-02 01:09:17'),(440,1,'en','core/base/base','email_template.date_time','Current date time','2023-06-02 01:09:17','2023-06-02 01:09:17'),(441,1,'en','core/base/base','email_template.date_year','Current year','2023-06-02 01:09:17','2023-06-02 01:09:17'),(442,1,'en','core/base/base','email_template.site_admin_email','Site admin email','2023-06-02 01:09:17','2023-06-02 01:09:17'),(443,1,'en','core/base/base','change_image','Change image','2023-06-02 01:09:17','2023-06-02 01:09:17'),(444,1,'en','core/base/base','delete_image','Delete image','2023-06-02 01:09:17','2023-06-02 01:09:17'),(445,1,'en','core/base/base','preview_image','Preview image','2023-06-02 01:09:17','2023-06-02 01:09:17'),(446,1,'en','core/base/base','image','Image','2023-06-02 01:09:17','2023-06-02 01:09:17'),(447,1,'en','core/base/base','using_button','Using button','2023-06-02 01:09:17','2023-06-02 01:09:17'),(448,1,'en','core/base/base','select_image','Select image','2023-06-02 01:09:17','2023-06-02 01:09:17'),(449,1,'en','core/base/base','to_add_more_image','to add more images','2023-06-02 01:09:17','2023-06-02 01:09:17'),(450,1,'en','core/base/base','add_image','Add image','2023-06-02 01:09:17','2023-06-02 01:09:17'),(451,1,'en','core/base/base','tools','Tools','2023-06-02 01:09:17','2023-06-02 01:09:17'),(452,1,'en','core/base/cache','cache_management','Cache management','2023-06-02 01:09:17','2023-06-02 01:09:17'),(453,1,'en','core/base/cache','cache_commands','Clear cache commands','2023-06-02 01:09:17','2023-06-02 01:09:17'),(454,1,'en','core/base/cache','commands.clear_cms_cache.title','Clear all CMS cache','2023-06-02 01:09:17','2023-06-02 01:09:17'),(455,1,'en','core/base/cache','commands.clear_cms_cache.description','Clear CMS caching: database caching, static blocks... Run this command when you don\'t see the changes after updating data.','2023-06-02 01:09:17','2023-06-02 01:09:17'),(456,1,'en','core/base/cache','commands.clear_cms_cache.success_msg','Cache cleaned','2023-06-02 01:09:17','2023-06-02 01:09:17'),(457,1,'en','core/base/cache','commands.refresh_compiled_views.title','Refresh compiled views','2023-06-02 01:09:17','2023-06-02 01:09:17'),(458,1,'en','core/base/cache','commands.refresh_compiled_views.description','Clear compiled views to make views up to date.','2023-06-02 01:09:17','2023-06-02 01:09:17'),(459,1,'en','core/base/cache','commands.refresh_compiled_views.success_msg','Cache view refreshed','2023-06-02 01:09:17','2023-06-02 01:09:17'),(460,1,'en','core/base/cache','commands.clear_config_cache.title','Clear config cache','2023-06-02 01:09:17','2023-06-02 01:09:17'),(461,1,'en','core/base/cache','commands.clear_config_cache.description','You might need to refresh the config caching when you change something on production environment.','2023-06-02 01:09:17','2023-06-02 01:09:17'),(462,1,'en','core/base/cache','commands.clear_config_cache.success_msg','Config cache cleaned','2023-06-02 01:09:17','2023-06-02 01:09:17'),(463,1,'en','core/base/cache','commands.clear_route_cache.title','Clear route cache','2023-06-02 01:09:17','2023-06-02 01:09:17'),(464,1,'en','core/base/cache','commands.clear_route_cache.description','Clear cache routing.','2023-06-02 01:09:17','2023-06-02 01:09:17'),(465,1,'en','core/base/cache','commands.clear_route_cache.success_msg','The route cache has been cleaned','2023-06-02 01:09:17','2023-06-02 01:09:17'),(466,1,'en','core/base/cache','commands.clear_log.title','Clear log','2023-06-02 01:09:17','2023-06-02 01:09:17'),(467,1,'en','core/base/cache','commands.clear_log.description','Clear system log files','2023-06-02 01:09:17','2023-06-02 01:09:17'),(468,1,'en','core/base/cache','commands.clear_log.success_msg','The system log has been cleaned','2023-06-02 01:09:17','2023-06-02 01:09:17'),(469,1,'en','core/base/enums','statuses.draft','Draft','2023-06-02 01:09:17','2023-06-02 01:09:17'),(470,1,'en','core/base/enums','statuses.pending','Pending','2023-06-02 01:09:17','2023-06-02 01:09:17'),(471,1,'en','core/base/enums','statuses.published','Published','2023-06-02 01:09:17','2023-06-02 01:09:17'),(472,1,'en','core/base/errors','401_title','Permission Denied','2023-06-02 01:09:17','2023-06-02 01:09:17'),(473,1,'en','core/base/errors','401_msg','<li>You have not been granted access to the section by the administrator.</li>\n	                <li>You may have the wrong account type.</li>\n	                <li>You are not authorized to view the requested resource.</li>\n	                <li>Your subscription may have expired.</li>','2023-06-02 01:09:17','2023-06-02 01:09:17'),(474,1,'en','core/base/errors','404_title','Page could not be found','2023-06-02 01:09:17','2023-06-02 01:09:17'),(475,1,'en','core/base/errors','404_msg','<li>The page you requested does not exist.</li>\n	                <li>The link you clicked is no longer.</li>\n	                <li>The page may have moved to a new location.</li>\n	                <li>An error may have occurred.</li>\n	                <li>You are not authorized to view the requested resource.</li>','2023-06-02 01:09:17','2023-06-02 01:09:17'),(476,1,'en','core/base/errors','500_title','Page could not be loaded','2023-06-02 01:09:17','2023-06-02 01:09:17'),(477,1,'en','core/base/errors','500_msg','<li>The page you requested does not exist.</li>\n	                <li>The link you clicked is no longer.</li>\n	                <li>The page may have moved to a new location.</li>\n	                <li>An error may have occurred.</li>\n	                <li>You are not authorized to view the requested resource.</li>','2023-06-02 01:09:17','2023-06-02 01:09:17'),(478,1,'en','core/base/errors','reasons','This may have occurred because of several reasons','2023-06-02 01:09:17','2023-06-02 01:09:17'),(479,1,'en','core/base/errors','try_again','Please try again in a few minutes, or alternatively return to the homepage by <a href=\":link\">clicking here</a>.','2023-06-02 01:09:18','2023-06-02 01:09:18'),(480,1,'en','core/base/errors','not_found','Not Found','2023-06-02 01:09:18','2023-06-02 01:09:18'),(481,1,'en','core/base/errors','results_not_found','Results not found!','2023-06-02 01:09:18','2023-06-02 01:09:18'),(482,1,'en','core/base/forms','choose_image','Choose image','2023-06-02 01:09:18','2023-06-02 01:09:18'),(483,1,'en','core/base/forms','actions','Actions','2023-06-02 01:09:18','2023-06-02 01:09:18'),(484,1,'en','core/base/forms','save','Save & Exit','2023-06-02 01:09:18','2023-06-02 01:09:18'),(485,1,'en','core/base/forms','save_and_continue','Save','2023-06-02 01:09:18','2023-06-02 01:09:18'),(486,1,'en','core/base/forms','image','Image','2023-06-02 01:09:18','2023-06-02 01:09:18'),(487,1,'en','core/base/forms','image_placeholder','Insert path of image or click upload button','2023-06-02 01:09:18','2023-06-02 01:09:18'),(488,1,'en','core/base/forms','create','Create','2023-06-02 01:09:18','2023-06-02 01:09:18'),(489,1,'en','core/base/forms','edit','Edit','2023-06-02 01:09:18','2023-06-02 01:09:18'),(490,1,'en','core/base/forms','permalink','Permalink','2023-06-02 01:09:18','2023-06-02 01:09:18'),(491,1,'en','core/base/forms','ok','OK','2023-06-02 01:09:18','2023-06-02 01:09:18'),(492,1,'en','core/base/forms','cancel','Cancel','2023-06-02 01:09:18','2023-06-02 01:09:18'),(493,1,'en','core/base/forms','character_remain','character(s) remain','2023-06-02 01:09:18','2023-06-02 01:09:18'),(494,1,'en','core/base/forms','template','Template','2023-06-02 01:09:18','2023-06-02 01:09:18'),(495,1,'en','core/base/forms','choose_file','Choose file','2023-06-02 01:09:18','2023-06-02 01:09:18'),(496,1,'en','core/base/forms','file','File','2023-06-02 01:09:18','2023-06-02 01:09:18'),(497,1,'en','core/base/forms','content','Content','2023-06-02 01:09:18','2023-06-02 01:09:18'),(498,1,'en','core/base/forms','description','Description','2023-06-02 01:09:18','2023-06-02 01:09:18'),(499,1,'en','core/base/forms','name','Name','2023-06-02 01:09:18','2023-06-02 01:09:18'),(500,1,'en','core/base/forms','slug','Slug','2023-06-02 01:09:18','2023-06-02 01:09:18'),(501,1,'en','core/base/forms','title','Title','2023-06-02 01:09:18','2023-06-02 01:09:18'),(502,1,'en','core/base/forms','value','Value','2023-06-02 01:09:18','2023-06-02 01:09:18'),(503,1,'en','core/base/forms','name_placeholder','Name','2023-06-02 01:09:18','2023-06-02 01:09:18'),(504,1,'en','core/base/forms','alias_placeholder','Alias','2023-06-02 01:09:18','2023-06-02 01:09:18'),(505,1,'en','core/base/forms','description_placeholder','Short description','2023-06-02 01:09:18','2023-06-02 01:09:18'),(506,1,'en','core/base/forms','parent','Parent','2023-06-02 01:09:18','2023-06-02 01:09:18'),(507,1,'en','core/base/forms','icon','Icon','2023-06-02 01:09:18','2023-06-02 01:09:18'),(508,1,'en','core/base/forms','icon_placeholder','Ex: fa fa-home','2023-06-02 01:09:18','2023-06-02 01:09:18'),(509,1,'en','core/base/forms','order_by','Order by','2023-06-02 01:09:18','2023-06-02 01:09:18'),(510,1,'en','core/base/forms','order_by_placeholder','Order by','2023-06-02 01:09:18','2023-06-02 01:09:18'),(511,1,'en','core/base/forms','is_featured','Is featured?','2023-06-02 01:09:18','2023-06-02 01:09:18'),(512,1,'en','core/base/forms','is_default','Is default?','2023-06-02 01:09:18','2023-06-02 01:09:18'),(513,1,'en','core/base/forms','update','Update','2023-06-02 01:09:18','2023-06-02 01:09:18'),(514,1,'en','core/base/forms','publish','Publish','2023-06-02 01:09:18','2023-06-02 01:09:18'),(515,1,'en','core/base/forms','remove_image','Remove image','2023-06-02 01:09:18','2023-06-02 01:09:18'),(516,1,'en','core/base/forms','remove_file','Remove file','2023-06-02 01:09:18','2023-06-02 01:09:18'),(517,1,'en','core/base/forms','order','Order','2023-06-02 01:09:18','2023-06-02 01:09:18'),(518,1,'en','core/base/forms','alias','Alias','2023-06-02 01:09:18','2023-06-02 01:09:18'),(519,1,'en','core/base/forms','basic_information','Basic information','2023-06-02 01:09:18','2023-06-02 01:09:18'),(520,1,'en','core/base/forms','short_code','Shortcode','2023-06-02 01:09:18','2023-06-02 01:09:18'),(521,1,'en','core/base/forms','add_short_code','Add a shortcode','2023-06-02 01:09:18','2023-06-02 01:09:18'),(522,1,'en','core/base/forms','add','Add','2023-06-02 01:09:18','2023-06-02 01:09:18'),(523,1,'en','core/base/forms','link','Link','2023-06-02 01:09:18','2023-06-02 01:09:18'),(524,1,'en','core/base/forms','show_hide_editor','Show/Hide Editor','2023-06-02 01:09:18','2023-06-02 01:09:18'),(525,1,'en','core/base/forms','basic_info_title','Basic information','2023-06-02 01:09:18','2023-06-02 01:09:18'),(526,1,'en','core/base/forms','expand_all','Expand all','2023-06-02 01:09:18','2023-06-02 01:09:18'),(527,1,'en','core/base/forms','collapse_all','Collapse all','2023-06-02 01:09:18','2023-06-02 01:09:18'),(528,1,'en','core/base/forms','view_new_tab','Open in new tab','2023-06-02 01:09:18','2023-06-02 01:09:18'),(529,1,'en','core/base/forms','view_preview_image','View preview image','2023-06-02 01:09:18','2023-06-02 01:09:18'),(530,1,'en','core/base/forms','edit_item','Edit \":name\"','2023-06-02 01:09:18','2023-06-02 01:09:18'),(531,1,'en','core/base/layouts','platform_admin','Platform Administration','2023-06-02 01:09:18','2023-06-02 01:09:18'),(532,1,'en','core/base/layouts','dashboard','Dashboard','2023-06-02 01:09:18','2023-06-02 01:09:18'),(533,1,'en','core/base/layouts','widgets','Widgets','2023-06-02 01:09:18','2023-06-02 01:09:18'),(534,1,'en','core/base/layouts','plugins','Plugins','2023-06-02 01:09:18','2023-06-02 01:09:18'),(535,1,'en','core/base/layouts','settings','Settings','2023-06-02 01:09:18','2023-06-02 01:09:18'),(536,1,'en','core/base/layouts','setting_general','General','2023-06-02 01:09:18','2023-06-02 01:09:18'),(537,1,'en','core/base/layouts','setting_email','Email','2023-06-02 01:09:18','2023-06-02 01:09:18'),(538,1,'en','core/base/layouts','system_information','System information','2023-06-02 01:09:18','2023-06-02 01:09:18'),(539,1,'en','core/base/layouts','theme','Theme','2023-06-02 01:09:18','2023-06-02 01:09:18'),(540,1,'en','core/base/layouts','copyright','Copyright :year &copy; :company. Version: <span>:version</span>','2023-06-02 01:09:18','2023-06-02 01:09:18'),(541,1,'en','core/base/layouts','profile','Profile','2023-06-02 01:09:18','2023-06-02 01:09:18'),(542,1,'en','core/base/layouts','logout','Logout','2023-06-02 01:09:18','2023-06-02 01:09:18'),(543,1,'en','core/base/layouts','no_search_result','No results found, please try with different keywords.','2023-06-02 01:09:18','2023-06-02 01:09:18'),(544,1,'en','core/base/layouts','home','Home','2023-06-02 01:09:18','2023-06-02 01:09:18'),(545,1,'en','core/base/layouts','search','Search','2023-06-02 01:09:18','2023-06-02 01:09:18'),(546,1,'en','core/base/layouts','add_new','Add new','2023-06-02 01:09:18','2023-06-02 01:09:18'),(547,1,'en','core/base/layouts','n_a','N/A','2023-06-02 01:09:18','2023-06-02 01:09:18'),(548,1,'en','core/base/layouts','page_loaded_time','Page loaded in','2023-06-02 01:09:18','2023-06-02 01:09:18'),(549,1,'en','core/base/layouts','view_website','View website','2023-06-02 01:09:18','2023-06-02 01:09:18'),(550,1,'en','core/base/mail','send-fail','Send email failed','2023-06-02 01:09:18','2023-06-02 01:09:18'),(551,1,'en','core/base/notices','create_success_message','Created successfully','2023-06-02 01:09:18','2023-06-02 01:09:18'),(552,1,'en','core/base/notices','update_success_message','Updated successfully','2023-06-02 01:09:18','2023-06-02 01:09:18'),(553,1,'en','core/base/notices','delete_success_message','Deleted successfully','2023-06-02 01:09:18','2023-06-02 01:09:18'),(554,1,'en','core/base/notices','success_header','Success!','2023-06-02 01:09:18','2023-06-02 01:09:18'),(555,1,'en','core/base/notices','error_header','Error!','2023-06-02 01:09:18','2023-06-02 01:09:18'),(556,1,'en','core/base/notices','no_select','Please select at least one record to perform this action!','2023-06-02 01:09:18','2023-06-02 01:09:18'),(557,1,'en','core/base/notices','processing_request','We are processing your request.','2023-06-02 01:09:18','2023-06-02 01:09:18'),(558,1,'en','core/base/notices','error','Error!','2023-06-02 01:09:18','2023-06-02 01:09:18'),(559,1,'en','core/base/notices','success','Success!','2023-06-02 01:09:18','2023-06-02 01:09:18'),(560,1,'en','core/base/notices','info','Info!','2023-06-02 01:09:18','2023-06-02 01:09:18'),(561,1,'en','core/base/notices','enum.validate_message','The :attribute value you have entered is invalid.','2023-06-02 01:09:18','2023-06-02 01:09:18'),(562,1,'en','core/base/notifications','notifications','Notifications','2023-06-02 01:09:18','2023-06-02 01:09:18'),(563,1,'en','core/base/notifications','mark_as_read','Mark as read','2023-06-02 01:09:18','2023-06-02 01:09:18'),(564,1,'en','core/base/notifications','clear','Clear','2023-06-02 01:09:18','2023-06-02 01:09:18'),(565,1,'en','core/base/notifications','no_notification_here','No notifications here','2023-06-02 01:09:18','2023-06-02 01:09:18'),(566,1,'en','core/base/notifications','please_check_again_later','Please check again later','2023-06-02 01:09:18','2023-06-02 01:09:18'),(567,1,'en','core/base/notifications','view_more','View more...','2023-06-02 01:09:18','2023-06-02 01:09:18'),(568,1,'en','core/base/notifications','view','View','2023-06-02 01:09:18','2023-06-02 01:09:18'),(569,1,'en','core/base/notifications','show_more','Show more','2023-06-02 01:09:18','2023-06-02 01:09:18'),(570,1,'en','core/base/notifications','show_less','Show less','2023-06-02 01:09:18','2023-06-02 01:09:18'),(571,1,'en','core/base/system','no_select','Please select at least one record to take this action!','2023-06-02 01:09:18','2023-06-02 01:09:18'),(572,1,'en','core/base/system','cannot_find_user','Unable to find specified user','2023-06-02 01:09:18','2023-06-02 01:09:18'),(573,1,'en','core/base/system','supper_revoked','Super user access revoked','2023-06-02 01:09:18','2023-06-02 01:09:18'),(574,1,'en','core/base/system','cannot_revoke_yourself','Can not revoke supper user access permission yourself!','2023-06-02 01:09:18','2023-06-02 01:09:18'),(575,1,'en','core/base/system','cant_remove_supper','You don\'t has permission to remove this super user','2023-06-02 01:09:18','2023-06-02 01:09:18'),(576,1,'en','core/base/system','cant_find_user_with_email','Unable to find user with specified email address','2023-06-02 01:09:18','2023-06-02 01:09:18'),(577,1,'en','core/base/system','supper_granted','Super user access granted','2023-06-02 01:09:18','2023-06-02 01:09:18'),(578,1,'en','core/base/system','delete_log_success','Delete log file successfully!','2023-06-02 01:09:18','2023-06-02 01:09:18'),(579,1,'en','core/base/system','get_member_success','Member list retrieved successfully','2023-06-02 01:09:18','2023-06-02 01:09:18'),(580,1,'en','core/base/system','error_occur','The following errors occurred','2023-06-02 01:09:18','2023-06-02 01:09:18'),(581,1,'en','core/base/system','user_management','User Management','2023-06-02 01:09:18','2023-06-02 01:09:18'),(582,1,'en','core/base/system','user_management_description','Manage users.','2023-06-02 01:09:18','2023-06-02 01:09:18'),(583,1,'en','core/base/system','role_and_permission','Roles and Permissions','2023-06-02 01:09:18','2023-06-02 01:09:18'),(584,1,'en','core/base/system','role_and_permission_description','Manage the available roles.','2023-06-02 01:09:18','2023-06-02 01:09:18'),(585,1,'en','core/base/system','user.list_super','List Super Users','2023-06-02 01:09:18','2023-06-02 01:09:18'),(586,1,'en','core/base/system','user.email','Email','2023-06-02 01:09:18','2023-06-02 01:09:18'),(587,1,'en','core/base/system','user.last_login','Last Login','2023-06-02 01:09:18','2023-06-02 01:09:18'),(588,1,'en','core/base/system','user.username','Username','2023-06-02 01:09:18','2023-06-02 01:09:18'),(589,1,'en','core/base/system','user.add_user','Add Super User','2023-06-02 01:09:18','2023-06-02 01:09:18'),(590,1,'en','core/base/system','user.cancel','Cancel','2023-06-02 01:09:18','2023-06-02 01:09:18'),(591,1,'en','core/base/system','user.create','Create','2023-06-02 01:09:18','2023-06-02 01:09:18'),(592,1,'en','core/base/system','options.features','Feature Access Control','2023-06-02 01:09:18','2023-06-02 01:09:18'),(593,1,'en','core/base/system','options.feature_description','Manage the available.','2023-06-02 01:09:18','2023-06-02 01:09:18'),(594,1,'en','core/base/system','options.manage_super','Super User Management','2023-06-02 01:09:18','2023-06-02 01:09:18'),(595,1,'en','core/base/system','options.manage_super_description','Add/remove super users.','2023-06-02 01:09:18','2023-06-02 01:09:18'),(596,1,'en','core/base/system','options.info','System information','2023-06-02 01:09:18','2023-06-02 01:09:18'),(597,1,'en','core/base/system','options.info_description','All information about current system configuration.','2023-06-02 01:09:18','2023-06-02 01:09:18'),(598,1,'en','core/base/system','info.title','System information','2023-06-02 01:09:18','2023-06-02 01:09:18'),(599,1,'en','core/base/system','info.cache','Cache','2023-06-02 01:09:18','2023-06-02 01:09:18'),(600,1,'en','core/base/system','info.locale','Active locale','2023-06-02 01:09:18','2023-06-02 01:09:18'),(601,1,'en','core/base/system','info.environment','Environment','2023-06-02 01:09:18','2023-06-02 01:09:18'),(602,1,'en','core/base/system','disabled_in_demo_mode','You cannot do it in demo mode!','2023-06-02 01:09:18','2023-06-02 01:09:18'),(603,1,'en','core/base/system','report_description','Please share this information for troubleshooting','2023-06-02 01:09:18','2023-06-02 01:09:18'),(604,1,'en','core/base/system','get_system_report','Get System Report','2023-06-02 01:09:18','2023-06-02 01:09:18'),(605,1,'en','core/base/system','system_environment','System Environment','2023-06-02 01:09:18','2023-06-02 01:09:18'),(606,1,'en','core/base/system','framework_version','Framework Version','2023-06-02 01:09:18','2023-06-02 01:09:18'),(607,1,'en','core/base/system','timezone','Timezone','2023-06-02 01:09:18','2023-06-02 01:09:18'),(608,1,'en','core/base/system','debug_mode','Debug Mode','2023-06-02 01:09:18','2023-06-02 01:09:18'),(609,1,'en','core/base/system','debug_mode_off','Debug Mode Off','2023-06-02 01:09:18','2023-06-02 01:09:18'),(610,1,'en','core/base/system','storage_dir_writable','Storage Dir Writable','2023-06-02 01:09:18','2023-06-02 01:09:18'),(611,1,'en','core/base/system','cache_dir_writable','Cache Dir Writable','2023-06-02 01:09:18','2023-06-02 01:09:18'),(612,1,'en','core/base/system','app_size','App Size','2023-06-02 01:09:18','2023-06-02 01:09:18'),(613,1,'en','core/base/system','server_environment','Server Environment','2023-06-02 01:09:18','2023-06-02 01:09:18'),(614,1,'en','core/base/system','php_version','PHP Version','2023-06-02 01:09:18','2023-06-02 01:09:18'),(615,1,'en','core/base/system','php_version_error','PHP must be >= :version','2023-06-02 01:09:18','2023-06-02 01:09:18'),(616,1,'en','core/base/system','server_software','Server Software','2023-06-02 01:09:18','2023-06-02 01:09:18'),(617,1,'en','core/base/system','server_os','Server OS','2023-06-02 01:09:18','2023-06-02 01:09:18'),(618,1,'en','core/base/system','database','Database','2023-06-02 01:09:18','2023-06-02 01:09:18'),(619,1,'en','core/base/system','ssl_installed','SSL Installed','2023-06-02 01:09:18','2023-06-02 01:09:18'),(620,1,'en','core/base/system','cache_driver','Cache Driver','2023-06-02 01:09:18','2023-06-02 01:09:18'),(621,1,'en','core/base/system','session_driver','Session Driver','2023-06-02 01:09:18','2023-06-02 01:09:18'),(622,1,'en','core/base/system','queue_connection','Queue Connection','2023-06-02 01:09:18','2023-06-02 01:09:18'),(623,1,'en','core/base/system','mbstring_ext','Mbstring Ext','2023-06-02 01:09:18','2023-06-02 01:09:18'),(624,1,'en','core/base/system','openssl_ext','OpenSSL Ext','2023-06-02 01:09:18','2023-06-02 01:09:18'),(625,1,'en','core/base/system','pdo_ext','PDO Ext','2023-06-02 01:09:18','2023-06-02 01:09:18'),(626,1,'en','core/base/system','curl_ext','CURL Ext','2023-06-02 01:09:18','2023-06-02 01:09:18'),(627,1,'en','core/base/system','exif_ext','Exif Ext','2023-06-02 01:09:18','2023-06-02 01:09:18'),(628,1,'en','core/base/system','file_info_ext','File info Ext','2023-06-02 01:09:18','2023-06-02 01:09:18'),(629,1,'en','core/base/system','tokenizer_ext','Tokenizer Ext','2023-06-02 01:09:18','2023-06-02 01:09:18'),(630,1,'en','core/base/system','extra_stats','Extra Stats','2023-06-02 01:09:18','2023-06-02 01:09:18'),(631,1,'en','core/base/system','installed_packages','Installed packages and their version numbers','2023-06-02 01:09:18','2023-06-02 01:09:18'),(632,1,'en','core/base/system','extra_information','Extra Information','2023-06-02 01:09:18','2023-06-02 01:09:18'),(633,1,'en','core/base/system','copy_report','Copy Report','2023-06-02 01:09:18','2023-06-02 01:09:18'),(634,1,'en','core/base/system','package_name','Package Name','2023-06-02 01:09:18','2023-06-02 01:09:18'),(635,1,'en','core/base/system','dependency_name','Dependency Name','2023-06-02 01:09:18','2023-06-02 01:09:18'),(636,1,'en','core/base/system','version','Version','2023-06-02 01:09:18','2023-06-02 01:09:18'),(637,1,'en','core/base/system','cms_version','CMS Version','2023-06-02 01:09:18','2023-06-02 01:09:18'),(638,1,'en','core/base/system','imagick_or_gd_ext','Imagick/GD Ext','2023-06-02 01:09:18','2023-06-02 01:09:18'),(639,1,'en','core/base/system','updater','System Updater','2023-06-02 01:09:18','2023-06-02 01:09:18'),(640,1,'en','core/base/system','zip','Zip Ext','2023-06-02 01:09:18','2023-06-02 01:09:18'),(641,1,'en','core/base/system','iconv','Iconv Ext','2023-06-02 01:09:18','2023-06-02 01:09:18'),(642,1,'en','core/base/system','memory_limit','Memory limit','2023-06-02 01:09:18','2023-06-02 01:09:18'),(643,1,'en','core/base/system','max_execution_time','Max execution time (s)','2023-06-02 01:09:18','2023-06-02 01:09:18'),(644,1,'en','core/base/system','allow_url_fopen_enabled','allow_url_fopen enabled','2023-06-02 01:09:18','2023-06-02 01:09:18'),(645,1,'en','core/base/system','cleanup.title','Cleanup System','2023-06-02 01:09:18','2023-06-02 01:09:18'),(646,1,'en','core/base/system','cleanup.table.name','Table Name','2023-06-02 01:09:18','2023-06-02 01:09:18'),(647,1,'en','core/base/system','cleanup.table.count','Records','2023-06-02 01:09:18','2023-06-02 01:09:18'),(648,1,'en','core/base/system','cleanup.backup_alert','Please backup your database and script files before cleanup, it will clear your data in database.','2023-06-02 01:09:18','2023-06-02 01:09:18'),(649,1,'en','core/base/system','cleanup.messenger_choose_without_table','Please choose to ignore tables that do not want to be cleaned','2023-06-02 01:09:18','2023-06-02 01:09:18'),(650,1,'en','core/base/system','cleanup.messenger_confirm_cleanup','Are you sure you want to database cleanup action, it will clear your data in database?','2023-06-02 01:09:18','2023-06-02 01:09:18'),(651,1,'en','core/base/system','cleanup.submit_button','Cleanup','2023-06-02 01:09:18','2023-06-02 01:09:18'),(652,1,'en','core/base/system','cleanup.success_message','Cleaned data successfully','2023-06-02 01:09:18','2023-06-02 01:09:18'),(653,1,'en','core/base/system','cleanup.not_enabled_yet','This featured is not enabled yet. <br />Please add into .env: <code>CMS_ENABLED_CLEANUP_DATABASE=true</code> to enable this feature!','2023-06-02 01:09:18','2023-06-02 01:09:18'),(654,1,'en','core/base/tables','id','ID','2023-06-02 01:09:18','2023-06-02 01:09:18'),(655,1,'en','core/base/tables','name','Name','2023-06-02 01:09:18','2023-06-02 01:09:18'),(656,1,'en','core/base/tables','slug','Slug','2023-06-02 01:09:18','2023-06-02 01:09:18'),(657,1,'en','core/base/tables','title','Title','2023-06-02 01:09:18','2023-06-02 01:09:18'),(658,1,'en','core/base/tables','order_by','Order By','2023-06-02 01:09:18','2023-06-02 01:09:18'),(659,1,'en','core/base/tables','order','Order','2023-06-02 01:09:18','2023-06-02 01:09:18'),(660,1,'en','core/base/tables','status','Status','2023-06-02 01:09:18','2023-06-02 01:09:18'),(661,1,'en','core/base/tables','created_at','Created At','2023-06-02 01:09:18','2023-06-02 01:09:18'),(662,1,'en','core/base/tables','updated_at','Updated At','2023-06-02 01:09:18','2023-06-02 01:09:18'),(663,1,'en','core/base/tables','description','Description','2023-06-02 01:09:18','2023-06-02 01:09:18'),(664,1,'en','core/base/tables','operations','Operations','2023-06-02 01:09:18','2023-06-02 01:09:18'),(665,1,'en','core/base/tables','url','URL','2023-06-02 01:09:18','2023-06-02 01:09:18'),(666,1,'en','core/base/tables','author','Author','2023-06-02 01:09:18','2023-06-02 01:09:18'),(667,1,'en','core/base/tables','notes','Notes','2023-06-02 01:09:18','2023-06-02 01:09:18'),(668,1,'en','core/base/tables','column','Column','2023-06-02 01:09:18','2023-06-02 01:09:18'),(669,1,'en','core/base/tables','origin','Origin','2023-06-02 01:09:18','2023-06-02 01:09:18'),(670,1,'en','core/base/tables','after_change','After changes','2023-06-02 01:09:19','2023-06-02 01:09:19'),(671,1,'en','core/base/tables','views','Views','2023-06-02 01:09:19','2023-06-02 01:09:19'),(672,1,'en','core/base/tables','browser','Browser','2023-06-02 01:09:19','2023-06-02 01:09:19'),(673,1,'en','core/base/tables','session','Session','2023-06-02 01:09:19','2023-06-02 01:09:19'),(674,1,'en','core/base/tables','activated','activated','2023-06-02 01:09:19','2023-06-02 01:09:19'),(675,1,'en','core/base/tables','deactivated','deactivated','2023-06-02 01:09:19','2023-06-02 01:09:19'),(676,1,'en','core/base/tables','is_featured','Is featured','2023-06-02 01:09:19','2023-06-02 01:09:19'),(677,1,'en','core/base/tables','edit','Edit','2023-06-02 01:09:19','2023-06-02 01:09:19'),(678,1,'en','core/base/tables','delete','Delete','2023-06-02 01:09:19','2023-06-02 01:09:19'),(679,1,'en','core/base/tables','restore','Restore','2023-06-02 01:09:19','2023-06-02 01:09:19'),(680,1,'en','core/base/tables','activate','Activate','2023-06-02 01:09:19','2023-06-02 01:09:19'),(681,1,'en','core/base/tables','deactivate','Deactivate','2023-06-02 01:09:19','2023-06-02 01:09:19'),(682,1,'en','core/base/tables','excel','Excel','2023-06-02 01:09:19','2023-06-02 01:09:19'),(683,1,'en','core/base/tables','export','Export','2023-06-02 01:09:19','2023-06-02 01:09:19'),(684,1,'en','core/base/tables','csv','CSV','2023-06-02 01:09:19','2023-06-02 01:09:19'),(685,1,'en','core/base/tables','pdf','PDF','2023-06-02 01:09:19','2023-06-02 01:09:19'),(686,1,'en','core/base/tables','print','Print','2023-06-02 01:09:19','2023-06-02 01:09:19'),(687,1,'en','core/base/tables','reset','Reset','2023-06-02 01:09:19','2023-06-02 01:09:19'),(688,1,'en','core/base/tables','reload','Reload','2023-06-02 01:09:19','2023-06-02 01:09:19'),(689,1,'en','core/base/tables','display','Display','2023-06-02 01:09:19','2023-06-02 01:09:19'),(690,1,'en','core/base/tables','all','All','2023-06-02 01:09:19','2023-06-02 01:09:19'),(691,1,'en','core/base/tables','add_new','Add New','2023-06-02 01:09:19','2023-06-02 01:09:19'),(692,1,'en','core/base/tables','action','Actions','2023-06-02 01:09:19','2023-06-02 01:09:19'),(693,1,'en','core/base/tables','delete_entry','Delete','2023-06-02 01:09:19','2023-06-02 01:09:19'),(694,1,'en','core/base/tables','view','View Detail','2023-06-02 01:09:19','2023-06-02 01:09:19'),(695,1,'en','core/base/tables','save','Save','2023-06-02 01:09:19','2023-06-02 01:09:19'),(696,1,'en','core/base/tables','show_from','Show from','2023-06-02 01:09:19','2023-06-02 01:09:19'),(697,1,'en','core/base/tables','to','to','2023-06-02 01:09:19','2023-06-02 01:09:19'),(698,1,'en','core/base/tables','in','in','2023-06-02 01:09:19','2023-06-02 01:09:19'),(699,1,'en','core/base/tables','records','records','2023-06-02 01:09:19','2023-06-02 01:09:19'),(700,1,'en','core/base/tables','no_data','No data to display','2023-06-02 01:09:19','2023-06-02 01:09:19'),(701,1,'en','core/base/tables','no_record','No record','2023-06-02 01:09:19','2023-06-02 01:09:19'),(702,1,'en','core/base/tables','confirm_delete','Confirm delete','2023-06-02 01:09:19','2023-06-02 01:09:19'),(703,1,'en','core/base/tables','confirm_delete_msg','Do you really want to delete this record?','2023-06-02 01:09:19','2023-06-02 01:09:19'),(704,1,'en','core/base/tables','confirm_delete_many_msg','Do you really want to delete selected record(s)?','2023-06-02 01:09:19','2023-06-02 01:09:19'),(705,1,'en','core/base/tables','cancel','Cancel','2023-06-02 01:09:19','2023-06-02 01:09:19'),(706,1,'en','core/base/tables','template','Template','2023-06-02 01:09:19','2023-06-02 01:09:19'),(707,1,'en','core/base/tables','email','Email','2023-06-02 01:09:19','2023-06-02 01:09:19'),(708,1,'en','core/base/tables','last_login','Last login','2023-06-02 01:09:19','2023-06-02 01:09:19'),(709,1,'en','core/base/tables','shortcode','Shortcode','2023-06-02 01:09:19','2023-06-02 01:09:19'),(710,1,'en','core/base/tables','image','Image','2023-06-02 01:09:19','2023-06-02 01:09:19'),(711,1,'en','core/base/tables','bulk_changes','Bulk changes','2023-06-02 01:09:19','2023-06-02 01:09:19'),(712,1,'en','core/base/tables','submit','Submit','2023-06-02 01:09:19','2023-06-02 01:09:19'),(713,1,'en','core/base/tables','please_select_record','Please select at least one record to perform this action!','2023-06-02 01:09:19','2023-06-02 01:09:19'),(714,1,'en','core/base/tabs','detail','Detail','2023-06-02 01:09:19','2023-06-02 01:09:19'),(715,1,'en','core/base/tabs','file','Files','2023-06-02 01:09:19','2023-06-02 01:09:19'),(716,1,'en','core/base/tabs','record_note','Record Note','2023-06-02 01:09:19','2023-06-02 01:09:19'),(717,1,'en','core/base/tabs','revision','Revision History','2023-06-02 01:09:19','2023-06-02 01:09:19'),(718,1,'vi','core/base/base','yes','Có','2023-06-02 01:09:19','2023-06-02 01:09:19'),(719,1,'vi','core/base/base','no','Không','2023-06-02 01:09:19','2023-06-02 01:09:19'),(720,1,'vi','core/base/base','is_default','Mặc định?','2023-06-02 01:09:19','2023-06-02 01:09:19'),(721,1,'vi','core/base/base','proc_close_disabled_error','Hàm proc_close() đã bị tắt. Vui lòng liên hệ nhà cung cấp hosting để mở hàm này. Hoặc có thể thêm vào .env: CAN_EXECUTE_COMMAND=false để tắt tính năng này.','2023-06-02 01:09:19','2023-06-02 01:09:19'),(722,1,'vi','core/base/base','add_image','Thêm ảnh','2023-06-02 01:09:19','2023-06-02 01:09:19'),(723,1,'vi','core/base/base','change_image','Đổi ảnh','2023-06-02 01:09:19','2023-06-02 01:09:19'),(724,1,'vi','core/base/base','delete_image','Xóa ảnh','2023-06-02 01:09:19','2023-06-02 01:09:19'),(725,1,'vi','core/base/base','email_template.date_time','Ngày giờ hiện tại','2023-06-02 01:09:19','2023-06-02 01:09:19'),(726,1,'vi','core/base/base','email_template.date_year','Năm hiện tại','2023-06-02 01:09:19','2023-06-02 01:09:19'),(727,1,'vi','core/base/base','email_template.footer','Mẫu chân trang email','2023-06-02 01:09:19','2023-06-02 01:09:19'),(728,1,'vi','core/base/base','email_template.header','Mẫu đầu trang email','2023-06-02 01:09:19','2023-06-02 01:09:19'),(729,1,'vi','core/base/base','email_template.site_admin_email','Email quản trị viên','2023-06-02 01:09:19','2023-06-02 01:09:19'),(730,1,'vi','core/base/base','email_template.site_logo','Logo của trang','2023-06-02 01:09:19','2023-06-02 01:09:19'),(731,1,'vi','core/base/base','email_template.site_title','Tiêu đề trang','2023-06-02 01:09:19','2023-06-02 01:09:19'),(732,1,'vi','core/base/base','email_template.site_url','URL trang','2023-06-02 01:09:19','2023-06-02 01:09:19'),(733,1,'vi','core/base/base','image','Hình ảnh','2023-06-02 01:09:19','2023-06-02 01:09:19'),(734,1,'vi','core/base/base','preview_image','Ảnh xem trước','2023-06-02 01:09:19','2023-06-02 01:09:19'),(735,1,'vi','core/base/base','select_image','Chọn ảnh','2023-06-02 01:09:19','2023-06-02 01:09:19'),(736,1,'vi','core/base/base','to_add_more_image','để thêm hình ảnh','2023-06-02 01:09:19','2023-06-02 01:09:19'),(737,1,'vi','core/base/base','using_button','Sử dụng nút','2023-06-02 01:09:19','2023-06-02 01:09:19'),(738,1,'vi','core/base/cache','cache_management','Quản lý bộ nhớ đệm','2023-06-02 01:09:19','2023-06-02 01:09:19'),(739,1,'vi','core/base/cache','cache_commands','Các lệnh xoá bộ nhớ đệm cơ bản','2023-06-02 01:09:19','2023-06-02 01:09:19'),(740,1,'vi','core/base/cache','commands.clear_cms_cache.title','Xóa tất cả bộ đệm hiện có của ứng dụng','2023-06-02 01:09:19','2023-06-02 01:09:19'),(741,1,'vi','core/base/cache','commands.clear_cms_cache.description','Xóa các bộ nhớ đệm của ứng dụng: cơ sở dữ liệu, nội dung tĩnh... Chạy lệnh này khi bạn thử cập nhật dữ liệu nhưng giao diện không thay đổi','2023-06-02 01:09:19','2023-06-02 01:09:19'),(742,1,'vi','core/base/cache','commands.clear_cms_cache.success_msg','Bộ đệm đã được xóa','2023-06-02 01:09:19','2023-06-02 01:09:19'),(743,1,'vi','core/base/cache','commands.refresh_compiled_views.title','Làm mới bộ đệm giao diện','2023-06-02 01:09:19','2023-06-02 01:09:19'),(744,1,'vi','core/base/cache','commands.refresh_compiled_views.description','Làm mới bộ đệm giao diện giúp phần giao diện luôn mới nhất','2023-06-02 01:09:19','2023-06-02 01:09:19'),(745,1,'vi','core/base/cache','commands.refresh_compiled_views.success_msg','Bộ đệm giao diện đã được làm mới','2023-06-02 01:09:19','2023-06-02 01:09:19'),(746,1,'vi','core/base/cache','commands.clear_config_cache.title','Xóa bộ nhớ đệm của phần cấu hình','2023-06-02 01:09:19','2023-06-02 01:09:19'),(747,1,'vi','core/base/cache','commands.clear_config_cache.description','Bạn cần làm mới bộ đệm cấu hình khi bạn tạo ra sự thay đổi nào đó ở môi trường thành phẩm.','2023-06-02 01:09:19','2023-06-02 01:09:19'),(748,1,'vi','core/base/cache','commands.clear_config_cache.success_msg','Bộ đệm cấu hình đã được xóa','2023-06-02 01:09:19','2023-06-02 01:09:19'),(749,1,'vi','core/base/cache','commands.clear_route_cache.title','Xoá cache đường dẫn','2023-06-02 01:09:19','2023-06-02 01:09:19'),(750,1,'vi','core/base/cache','commands.clear_route_cache.description','Cần thực hiện thao tác này khi thấy không xuất hiện đường dẫn mới.','2023-06-02 01:09:19','2023-06-02 01:09:19'),(751,1,'vi','core/base/cache','commands.clear_route_cache.success_msg','Bộ đệm điều hướng đã bị xóa','2023-06-02 01:09:19','2023-06-02 01:09:19'),(752,1,'vi','core/base/cache','commands.clear_log.description','Xoá lịch sử lỗi','2023-06-02 01:09:19','2023-06-02 01:09:19'),(753,1,'vi','core/base/cache','commands.clear_log.success_msg','Lịch sử lỗi đã được làm sạch','2023-06-02 01:09:19','2023-06-02 01:09:19'),(754,1,'vi','core/base/cache','commands.clear_log.title','Xoá lịch sử lỗi','2023-06-02 01:09:19','2023-06-02 01:09:19'),(755,1,'vi','core/base/enums','statuses.draft','Bản nháp','2023-06-02 01:09:19','2023-06-02 01:09:19'),(756,1,'vi','core/base/enums','statuses.pending','Đang chờ xử lý','2023-06-02 01:09:19','2023-06-02 01:09:19'),(757,1,'vi','core/base/enums','statuses.published','Đã xuất bản','2023-06-02 01:09:19','2023-06-02 01:09:19'),(758,1,'vi','core/base/errors','401_title','Bạn không có quyền truy cập trang này','2023-06-02 01:09:19','2023-06-02 01:09:19'),(759,1,'vi','core/base/errors','401_msg','<li>Bạn không được cấp quyền truy cập bởi quản trị viên.</li>\n	                <li>Bạn sử dụng sai loại tài khoản.</li>\n	                <li>Bạn không được cấp quyền để có thể truy cập trang này</li>','2023-06-02 01:09:19','2023-06-02 01:09:19'),(760,1,'vi','core/base/errors','404_title','Không tìm thấy trang yêu cầu','2023-06-02 01:09:19','2023-06-02 01:09:19'),(761,1,'vi','core/base/errors','404_msg','<li>Trang bạn yêu cầu không tồn tại.</li>\n	                <li>Liên kết bạn vừa nhấn không còn được sử dụng.</li>\n	                <li>Trang này có thể đã được chuyển sang vị trí khác.</li>\n	                <li>Có thể có lỗi xảy ra.</li>\n	                <li>Bạn không được cấp quyền để có thể truy cập trang này</li>','2023-06-02 01:09:19','2023-06-02 01:09:19'),(762,1,'vi','core/base/errors','500_title','Không thể tải trang','2023-06-02 01:09:19','2023-06-02 01:09:19'),(763,1,'vi','core/base/errors','500_msg','<li>Trang bạn yêu cầu không tồn tại.</li>\n	                <li>Liên kết bạn vừa nhấn không còn được sử dụng.</li>\n	                <li>Trang này có thể đã được chuyển sang vị trí khác.</li>\n	                <li>Có thể có lỗi xảy ra.</li>\n	                <li>Bạn không được cấp quyền để có thể truy cập trang này</li>','2023-06-02 01:09:19','2023-06-02 01:09:19'),(764,1,'vi','core/base/errors','reasons','Điều này có thể xảy ra vì nhiều lý do.','2023-06-02 01:09:19','2023-06-02 01:09:19'),(765,1,'vi','core/base/errors','try_again','Vui lòng thử lại trong vài phút, hoặc quay trở lại trang chủ bằng cách <a href=\"http://cms.local/admin\"> nhấn vào đây </a>.','2023-06-02 01:09:19','2023-06-02 01:09:19'),(766,1,'vi','core/base/errors','not_found','Không tìm thấy','2023-06-02 01:09:19','2023-06-02 01:09:19'),(767,1,'vi','core/base/forms','choose_image','Chọn ảnh','2023-06-02 01:09:19','2023-06-02 01:09:19'),(768,1,'vi','core/base/forms','actions','Tác vụ','2023-06-02 01:09:19','2023-06-02 01:09:19'),(769,1,'vi','core/base/forms','save','Lưu','2023-06-02 01:09:19','2023-06-02 01:09:19'),(770,1,'vi','core/base/forms','save_and_continue','Lưu & chỉnh sửa','2023-06-02 01:09:19','2023-06-02 01:09:19'),(771,1,'vi','core/base/forms','image','Hình ảnh','2023-06-02 01:09:19','2023-06-02 01:09:19'),(772,1,'vi','core/base/forms','image_placeholder','Chèn đường dẫn hình ảnh hoặc nhấn nút để chọn hình','2023-06-02 01:09:19','2023-06-02 01:09:19'),(773,1,'vi','core/base/forms','create','Tạo mới','2023-06-02 01:09:19','2023-06-02 01:09:19'),(774,1,'vi','core/base/forms','edit','Sửa','2023-06-02 01:09:19','2023-06-02 01:09:19'),(775,1,'vi','core/base/forms','permalink','Đường dẫn','2023-06-02 01:09:19','2023-06-02 01:09:19'),(776,1,'vi','core/base/forms','ok','OK','2023-06-02 01:09:19','2023-06-02 01:09:19'),(777,1,'vi','core/base/forms','cancel','Hủy bỏ','2023-06-02 01:09:19','2023-06-02 01:09:19'),(778,1,'vi','core/base/forms','character_remain','kí tự còn lại','2023-06-02 01:09:19','2023-06-02 01:09:19'),(779,1,'vi','core/base/forms','template','Template','2023-06-02 01:09:19','2023-06-02 01:09:19'),(780,1,'vi','core/base/forms','choose_file','Chọn tập tin','2023-06-02 01:09:19','2023-06-02 01:09:19'),(781,1,'vi','core/base/forms','file','Tập tin','2023-06-02 01:09:19','2023-06-02 01:09:19'),(782,1,'vi','core/base/forms','content','Nội dung','2023-06-02 01:09:19','2023-06-02 01:09:19'),(783,1,'vi','core/base/forms','description','Mô tả','2023-06-02 01:09:19','2023-06-02 01:09:19'),(784,1,'vi','core/base/forms','name','Tên','2023-06-02 01:09:19','2023-06-02 01:09:19'),(785,1,'vi','core/base/forms','name_placeholder','Nhập tên','2023-06-02 01:09:19','2023-06-02 01:09:19'),(786,1,'vi','core/base/forms','description_placeholder','Mô tả ngắn','2023-06-02 01:09:19','2023-06-02 01:09:19'),(787,1,'vi','core/base/forms','parent','Cha','2023-06-02 01:09:19','2023-06-02 01:09:19'),(788,1,'vi','core/base/forms','icon','Biểu tượng','2023-06-02 01:09:19','2023-06-02 01:09:19'),(789,1,'vi','core/base/forms','order_by','Sắp xếp','2023-06-02 01:09:19','2023-06-02 01:09:19'),(790,1,'vi','core/base/forms','order_by_placeholder','Sắp xếp','2023-06-02 01:09:19','2023-06-02 01:09:19'),(791,1,'vi','core/base/forms','slug','Slug','2023-06-02 01:09:19','2023-06-02 01:09:19'),(792,1,'vi','core/base/forms','is_featured','Nổi bật?','2023-06-02 01:09:19','2023-06-02 01:09:19'),(793,1,'vi','core/base/forms','is_default','Mặc định?','2023-06-02 01:09:19','2023-06-02 01:09:19'),(794,1,'vi','core/base/forms','icon_placeholder','Ví dụ: fa fa-home','2023-06-02 01:09:19','2023-06-02 01:09:19'),(795,1,'vi','core/base/forms','update','Cập nhật','2023-06-02 01:09:19','2023-06-02 01:09:19'),(796,1,'vi','core/base/forms','publish','Xuất bản','2023-06-02 01:09:19','2023-06-02 01:09:19'),(797,1,'vi','core/base/forms','remove_image','Xoá ảnh','2023-06-02 01:09:19','2023-06-02 01:09:19'),(798,1,'vi','core/base/forms','add','Thêm','2023-06-02 01:09:19','2023-06-02 01:09:19'),(799,1,'vi','core/base/forms','add_short_code','Thêm shortcode','2023-06-02 01:09:19','2023-06-02 01:09:19'),(800,1,'vi','core/base/forms','alias','Mã thay thế','2023-06-02 01:09:19','2023-06-02 01:09:19'),(801,1,'vi','core/base/forms','alias_placeholder','Mã thay thế','2023-06-02 01:09:19','2023-06-02 01:09:19'),(802,1,'vi','core/base/forms','basic_information','Thông tin cơ bản','2023-06-02 01:09:19','2023-06-02 01:09:19'),(803,1,'vi','core/base/forms','link','Liên kết','2023-06-02 01:09:19','2023-06-02 01:09:19'),(804,1,'vi','core/base/forms','order','Thứ tự','2023-06-02 01:09:19','2023-06-02 01:09:19'),(805,1,'vi','core/base/forms','short_code','Shortcode','2023-06-02 01:09:19','2023-06-02 01:09:19'),(806,1,'vi','core/base/forms','title','Tiêu đề','2023-06-02 01:09:19','2023-06-02 01:09:19'),(807,1,'vi','core/base/forms','value','Giá trị','2023-06-02 01:09:19','2023-06-02 01:09:19'),(808,1,'vi','core/base/forms','show_hide_editor','Ẩn/Hiện trình soạn thảo','2023-06-02 01:09:19','2023-06-02 01:09:19'),(809,1,'vi','core/base/forms','basic_info_title','Thông tin cơ bản','2023-06-02 01:09:19','2023-06-02 01:09:19'),(810,1,'vi','core/base/forms','remove_file','Xóa tập tin','2023-06-02 01:09:19','2023-06-02 01:09:19'),(811,1,'vi','core/base/layouts','platform_admin','Quản trị hệ thống','2023-06-02 01:09:19','2023-06-02 01:09:19'),(812,1,'vi','core/base/layouts','dashboard','Bảng điều khiển','2023-06-02 01:09:19','2023-06-02 01:09:19'),(813,1,'vi','core/base/layouts','widgets','Tiện ích','2023-06-02 01:09:19','2023-06-02 01:09:19'),(814,1,'vi','core/base/layouts','plugins','Tiện ích mở rộng','2023-06-02 01:09:19','2023-06-02 01:09:19'),(815,1,'vi','core/base/layouts','settings','Cài đặt','2023-06-02 01:09:19','2023-06-02 01:09:19'),(816,1,'vi','core/base/layouts','setting_general','Cơ bản','2023-06-02 01:09:19','2023-06-02 01:09:19'),(817,1,'vi','core/base/layouts','system_information','Thông tin hệ thống','2023-06-02 01:09:19','2023-06-02 01:09:19'),(818,1,'vi','core/base/layouts','theme','Giao diện','2023-06-02 01:09:19','2023-06-02 01:09:19'),(819,1,'vi','core/base/layouts','copyright','Bản quyền :year &copy; :company. Phiên bản: <span>:version</span>','2023-06-02 01:09:19','2023-06-02 01:09:19'),(820,1,'vi','core/base/layouts','profile','Thông tin cá nhân','2023-06-02 01:09:19','2023-06-02 01:09:19'),(821,1,'vi','core/base/layouts','logout','Đăng xuất','2023-06-02 01:09:19','2023-06-02 01:09:19'),(822,1,'vi','core/base/layouts','no_search_result','Không có kết quả tìm kiếm, hãy thử lại với từ khóa khác.','2023-06-02 01:09:19','2023-06-02 01:09:19'),(823,1,'vi','core/base/layouts','home','Trang chủ','2023-06-02 01:09:19','2023-06-02 01:09:19'),(824,1,'vi','core/base/layouts','search','Tìm kiếm','2023-06-02 01:09:19','2023-06-02 01:09:19'),(825,1,'vi','core/base/layouts','add_new','Thêm mới','2023-06-02 01:09:19','2023-06-02 01:09:19'),(826,1,'vi','core/base/layouts','n_a','N/A','2023-06-02 01:09:19','2023-06-02 01:09:19'),(827,1,'vi','core/base/layouts','page_loaded_time','Trang tải xong trong','2023-06-02 01:09:19','2023-06-02 01:09:19'),(828,1,'vi','core/base/layouts','view_website','Xem trang ngoài','2023-06-02 01:09:19','2023-06-02 01:09:19'),(829,1,'vi','core/base/layouts','setting_email','Email','2023-06-02 01:09:19','2023-06-02 01:09:19'),(830,1,'vi','core/base/mail','send-fail','Gửi email không thành công','2023-06-02 01:09:19','2023-06-02 01:09:19'),(831,1,'vi','core/base/notices','create_success_message','Tạo thành công','2023-06-02 01:09:19','2023-06-02 01:09:19'),(832,1,'vi','core/base/notices','update_success_message','Cập nhật thành công','2023-06-02 01:09:19','2023-06-02 01:09:19'),(833,1,'vi','core/base/notices','delete_success_message','Xóa thành công','2023-06-02 01:09:19','2023-06-02 01:09:19'),(834,1,'vi','core/base/notices','success_header','Thành công!','2023-06-02 01:09:19','2023-06-02 01:09:19'),(835,1,'vi','core/base/notices','error_header','Lỗi!','2023-06-02 01:09:19','2023-06-02 01:09:19'),(836,1,'vi','core/base/notices','no_select','Chọn ít nhất 1 trường để thực hiện hành động này!','2023-06-02 01:09:19','2023-06-02 01:09:19'),(837,1,'vi','core/base/notices','processing_request','Hệ thống đang xử lý yêu cầu.','2023-06-02 01:09:19','2023-06-02 01:09:19'),(838,1,'vi','core/base/notices','error','Lỗi!','2023-06-02 01:09:19','2023-06-02 01:09:19'),(839,1,'vi','core/base/notices','success','Thành công!','2023-06-02 01:09:19','2023-06-02 01:09:19'),(840,1,'vi','core/base/notices','info','Thông tin!','2023-06-02 01:09:19','2023-06-02 01:09:19'),(841,1,'vi','core/base/notices','enum.validate_message','Giá trị của :attribute không hợp lệ','2023-06-02 01:09:19','2023-06-02 01:09:19'),(842,1,'vi','core/base/system','no_select','Hãy chọn ít nhất 1 trường để thực hiện hành động này!','2023-06-02 01:09:19','2023-06-02 01:09:19'),(843,1,'vi','core/base/system','cannot_find_user','Không thể tải được thông tin người dùng','2023-06-02 01:09:19','2023-06-02 01:09:19'),(844,1,'vi','core/base/system','supper_revoked','Quyền quản trị viên cao nhất đã được gỡ bỏ','2023-06-02 01:09:19','2023-06-02 01:09:19'),(845,1,'vi','core/base/system','cannot_revoke_yourself','Không thể gỡ bỏ quyền quản trị cấp cao của chính bạn!','2023-06-02 01:09:19','2023-06-02 01:09:19'),(846,1,'vi','core/base/system','cant_remove_supper','Bạn không có quyền xóa quản trị viên cấp cao','2023-06-02 01:09:19','2023-06-02 01:09:19'),(847,1,'vi','core/base/system','cant_find_user_with_email','Không thể tìm thấy người dùng với email này','2023-06-02 01:09:19','2023-06-02 01:09:19'),(848,1,'vi','core/base/system','supper_granted','Quyền quản trị cao nhất đã được gán','2023-06-02 01:09:19','2023-06-02 01:09:19'),(849,1,'vi','core/base/system','delete_log_success','Xóa tập tin log thành công!','2023-06-02 01:09:19','2023-06-02 01:09:19'),(850,1,'vi','core/base/system','get_member_success','Hiển thị danh sách thành viên thành công','2023-06-02 01:09:19','2023-06-02 01:09:19'),(851,1,'vi','core/base/system','error_occur','Có lỗi dưới đây','2023-06-02 01:09:19','2023-06-02 01:09:19'),(852,1,'vi','core/base/system','role_and_permission','Phân quyền hệ thống','2023-06-02 01:09:19','2023-06-02 01:09:19'),(853,1,'vi','core/base/system','role_and_permission_description','Quản lý những phân quyền trong hệ thống','2023-06-02 01:09:19','2023-06-02 01:09:19'),(854,1,'vi','core/base/system','user.list_super','Danh sách quản trị viên cấp cao','2023-06-02 01:09:19','2023-06-02 01:09:19'),(855,1,'vi','core/base/system','user.username','Tên đăng nhập','2023-06-02 01:09:19','2023-06-02 01:09:19'),(856,1,'vi','core/base/system','user.email','Email','2023-06-02 01:09:19','2023-06-02 01:09:19'),(857,1,'vi','core/base/system','user.last_login','Đăng nhập lần cuối	','2023-06-02 01:09:19','2023-06-02 01:09:19'),(858,1,'vi','core/base/system','user.add_user','Thêm quản trị viên cấp cao','2023-06-02 01:09:19','2023-06-02 01:09:19'),(859,1,'vi','core/base/system','user.cancel','Hủy bỏ','2023-06-02 01:09:19','2023-06-02 01:09:19'),(860,1,'vi','core/base/system','user.create','Thêm','2023-06-02 01:09:19','2023-06-02 01:09:19'),(861,1,'vi','core/base/system','options.features','Kiểm soát truy cập các tính năng','2023-06-02 01:09:19','2023-06-02 01:09:19'),(862,1,'vi','core/base/system','options.feature_description','Bật/tắt các tính năng.','2023-06-02 01:09:19','2023-06-02 01:09:19'),(863,1,'vi','core/base/system','options.manage_super','Quản lý quản trị viên cấp cao','2023-06-02 01:09:19','2023-06-02 01:09:19'),(864,1,'vi','core/base/system','options.manage_super_description','Thêm/xóa quản trị viên cấp cao','2023-06-02 01:09:19','2023-06-02 01:09:19'),(865,1,'vi','core/base/system','options.info','Thông tin hệ thống','2023-06-02 01:09:20','2023-06-02 01:09:20'),(866,1,'vi','core/base/system','options.info_description','Những thông tin về cấu hình hiện tại của hệ thống.','2023-06-02 01:09:20','2023-06-02 01:09:20'),(867,1,'vi','core/base/system','info.title','Thông tin hệ thống','2023-06-02 01:09:20','2023-06-02 01:09:20'),(868,1,'vi','core/base/system','info.cache','Bộ nhớ đệm','2023-06-02 01:09:20','2023-06-02 01:09:20'),(869,1,'vi','core/base/system','info.environment','Môi trường','2023-06-02 01:09:20','2023-06-02 01:09:20'),(870,1,'vi','core/base/system','info.locale','Ngôn ngữ hệ thống','2023-06-02 01:09:20','2023-06-02 01:09:20'),(871,1,'vi','core/base/system','user_management','Quản lý thành viên','2023-06-02 01:09:20','2023-06-02 01:09:20'),(872,1,'vi','core/base/system','user_management_description','Quản lý người dùng trong hệ thống','2023-06-02 01:09:20','2023-06-02 01:09:20'),(873,1,'vi','core/base/system','app_size','Kích thước ứng dụng','2023-06-02 01:09:20','2023-06-02 01:09:20'),(874,1,'vi','core/base/system','cache_dir_writable','Có thể ghi bộ nhớ đệm','2023-06-02 01:09:20','2023-06-02 01:09:20'),(875,1,'vi','core/base/system','cache_driver','Loại lưu trữ bộ nhớ đệm','2023-06-02 01:09:20','2023-06-02 01:09:20'),(876,1,'vi','core/base/system','copy_report','Sao chép báo cáo','2023-06-02 01:09:20','2023-06-02 01:09:20'),(877,1,'vi','core/base/system','curl_ext','CURL Ext','2023-06-02 01:09:20','2023-06-02 01:09:20'),(878,1,'vi','core/base/system','database','Hệ thống dữ liệu','2023-06-02 01:09:20','2023-06-02 01:09:20'),(879,1,'vi','core/base/system','debug_mode','Chế độ sửa lỗi','2023-06-02 01:09:20','2023-06-02 01:09:20'),(880,1,'vi','core/base/system','dependency_name','Tên gói','2023-06-02 01:09:20','2023-06-02 01:09:20'),(881,1,'vi','core/base/system','exif_ext','Exif Ext','2023-06-02 01:09:20','2023-06-02 01:09:20'),(882,1,'vi','core/base/system','extra_information','Thông tin mở rộng','2023-06-02 01:09:20','2023-06-02 01:09:20'),(883,1,'vi','core/base/system','extra_stats','Thống kê thêm','2023-06-02 01:09:20','2023-06-02 01:09:20'),(884,1,'vi','core/base/system','file_info_ext','File info Ext','2023-06-02 01:09:20','2023-06-02 01:09:20'),(885,1,'vi','core/base/system','framework_version','Phiên bản framework','2023-06-02 01:09:20','2023-06-02 01:09:20'),(886,1,'vi','core/base/system','get_system_report','Lấy thông tin hệ thống','2023-06-02 01:09:20','2023-06-02 01:09:20'),(887,1,'vi','core/base/system','installed_packages','Các gói đã cài đặt và phiên bản','2023-06-02 01:09:20','2023-06-02 01:09:20'),(888,1,'vi','core/base/system','mbstring_ext','Mbstring Ext','2023-06-02 01:09:20','2023-06-02 01:09:20'),(889,1,'vi','core/base/system','openssl_ext','OpenSSL Ext','2023-06-02 01:09:20','2023-06-02 01:09:20'),(890,1,'vi','core/base/system','package_name','Tên gói','2023-06-02 01:09:20','2023-06-02 01:09:20'),(891,1,'vi','core/base/system','pdo_ext','PDO Ext','2023-06-02 01:09:20','2023-06-02 01:09:20'),(892,1,'vi','core/base/system','php_version','Phiên bản PHP','2023-06-02 01:09:20','2023-06-02 01:09:20'),(893,1,'vi','core/base/system','report_description','Vui lòng chia sẻ thông tin này nhằm mục đích điều tra nguyên nhân gây lỗi','2023-06-02 01:09:20','2023-06-02 01:09:20'),(894,1,'vi','core/base/system','server_environment','Môi trường máy chủ','2023-06-02 01:09:20','2023-06-02 01:09:20'),(895,1,'vi','core/base/system','server_os','Hệ điều hành của máy chủ','2023-06-02 01:09:20','2023-06-02 01:09:20'),(896,1,'vi','core/base/system','server_software','Phần mềm','2023-06-02 01:09:20','2023-06-02 01:09:20'),(897,1,'vi','core/base/system','session_driver','Loại lưu trữ phiên làm việc','2023-06-02 01:09:20','2023-06-02 01:09:20'),(898,1,'vi','core/base/system','ssl_installed','Đã cài đặt chứng chỉ SSL','2023-06-02 01:09:20','2023-06-02 01:09:20'),(899,1,'vi','core/base/system','storage_dir_writable','Có thể lưu trữ dữ liệu tạm','2023-06-02 01:09:20','2023-06-02 01:09:20'),(900,1,'vi','core/base/system','system_environment','Môi trường hệ thống','2023-06-02 01:09:20','2023-06-02 01:09:20'),(901,1,'vi','core/base/system','timezone','Múi giờ','2023-06-02 01:09:20','2023-06-02 01:09:20'),(902,1,'vi','core/base/system','tokenizer_ext','Tokenizer Ext','2023-06-02 01:09:20','2023-06-02 01:09:20'),(903,1,'vi','core/base/system','version','Phiên bản','2023-06-02 01:09:20','2023-06-02 01:09:20'),(904,1,'vi','core/base/system','cms_version','Phiên bản CMS','2023-06-02 01:09:20','2023-06-02 01:09:20'),(905,1,'vi','core/base/system','queue_connection','Queue Connection','2023-06-02 01:09:20','2023-06-02 01:09:20'),(906,1,'vi','core/base/system','disabled_in_demo_mode','Bạn không thể thực hiện hành động này ở chế độ demo!','2023-06-02 01:09:20','2023-06-02 01:09:20'),(907,1,'vi','core/base/system','imagick_or_gd_ext','Imagick/GD Ext','2023-06-02 01:09:20','2023-06-02 01:09:20'),(908,1,'vi','core/base/system','php_version_error','Phiên bản PHP phải >= :version','2023-06-02 01:09:20','2023-06-02 01:09:20'),(909,1,'vi','core/base/system','updater','Nâng cấp hệ thống','2023-06-02 01:09:20','2023-06-02 01:09:20'),(910,1,'vi','core/base/tables','id','ID','2023-06-02 01:09:20','2023-06-02 01:09:20'),(911,1,'vi','core/base/tables','name','Tên','2023-06-02 01:09:20','2023-06-02 01:09:20'),(912,1,'vi','core/base/tables','order_by','Thứ tự','2023-06-02 01:09:20','2023-06-02 01:09:20'),(913,1,'vi','core/base/tables','status','Trạng thái','2023-06-02 01:09:20','2023-06-02 01:09:20'),(914,1,'vi','core/base/tables','created_at','Ngày tạo','2023-06-02 01:09:20','2023-06-02 01:09:20'),(915,1,'vi','core/base/tables','updated_at','Ngày cập nhật','2023-06-02 01:09:20','2023-06-02 01:09:20'),(916,1,'vi','core/base/tables','operations','Tác vụ','2023-06-02 01:09:20','2023-06-02 01:09:20'),(917,1,'vi','core/base/tables','url','URL','2023-06-02 01:09:20','2023-06-02 01:09:20'),(918,1,'vi','core/base/tables','author','Người tạo','2023-06-02 01:09:20','2023-06-02 01:09:20'),(919,1,'vi','core/base/tables','column','Cột','2023-06-02 01:09:20','2023-06-02 01:09:20'),(920,1,'vi','core/base/tables','origin','Bản cũ','2023-06-02 01:09:20','2023-06-02 01:09:20'),(921,1,'vi','core/base/tables','after_change','Sau khi thay đổi','2023-06-02 01:09:20','2023-06-02 01:09:20'),(922,1,'vi','core/base/tables','notes','Ghi chú','2023-06-02 01:09:20','2023-06-02 01:09:20'),(923,1,'vi','core/base/tables','activated','kích hoạt','2023-06-02 01:09:20','2023-06-02 01:09:20'),(924,1,'vi','core/base/tables','browser','Trình duyệt','2023-06-02 01:09:20','2023-06-02 01:09:20'),(925,1,'vi','core/base/tables','deactivated','hủy kích hoạt','2023-06-02 01:09:20','2023-06-02 01:09:20'),(926,1,'vi','core/base/tables','description','Mô tả','2023-06-02 01:09:20','2023-06-02 01:09:20'),(927,1,'vi','core/base/tables','session','Phiên','2023-06-02 01:09:20','2023-06-02 01:09:20'),(928,1,'vi','core/base/tables','views','Lượt xem','2023-06-02 01:09:20','2023-06-02 01:09:20'),(929,1,'vi','core/base/tables','restore','Khôi phục','2023-06-02 01:09:20','2023-06-02 01:09:20'),(930,1,'vi','core/base/tables','edit','Sửa','2023-06-02 01:09:20','2023-06-02 01:09:20'),(931,1,'vi','core/base/tables','delete','Xóa','2023-06-02 01:09:20','2023-06-02 01:09:20'),(932,1,'vi','core/base/tables','action','Hành động','2023-06-02 01:09:20','2023-06-02 01:09:20'),(933,1,'vi','core/base/tables','activate','Kích hoạt','2023-06-02 01:09:20','2023-06-02 01:09:20'),(934,1,'vi','core/base/tables','add_new','Thêm mới','2023-06-02 01:09:20','2023-06-02 01:09:20'),(935,1,'vi','core/base/tables','all','Tất cả','2023-06-02 01:09:20','2023-06-02 01:09:20'),(936,1,'vi','core/base/tables','cancel','Hủy bỏ','2023-06-02 01:09:20','2023-06-02 01:09:20'),(937,1,'vi','core/base/tables','confirm_delete','Xác nhận xóa','2023-06-02 01:09:20','2023-06-02 01:09:20'),(938,1,'vi','core/base/tables','confirm_delete_msg','Bạn có chắc chắn muốn xóa bản ghi này?','2023-06-02 01:09:20','2023-06-02 01:09:20'),(939,1,'vi','core/base/tables','csv','CSV','2023-06-02 01:09:20','2023-06-02 01:09:20'),(940,1,'vi','core/base/tables','deactivate','Hủy kích hoạt','2023-06-02 01:09:20','2023-06-02 01:09:20'),(941,1,'vi','core/base/tables','delete_entry','Xóa bản ghi','2023-06-02 01:09:20','2023-06-02 01:09:20'),(942,1,'vi','core/base/tables','display','Hiển thị','2023-06-02 01:09:20','2023-06-02 01:09:20'),(943,1,'vi','core/base/tables','excel','Excel','2023-06-02 01:09:20','2023-06-02 01:09:20'),(944,1,'vi','core/base/tables','export','Xuất bản','2023-06-02 01:09:20','2023-06-02 01:09:20'),(945,1,'vi','core/base/tables','in','trong tổng số','2023-06-02 01:09:20','2023-06-02 01:09:20'),(946,1,'vi','core/base/tables','no_data','Không có dữ liệu để hiển thị','2023-06-02 01:09:20','2023-06-02 01:09:20'),(947,1,'vi','core/base/tables','no_record','Không có dữ liệu','2023-06-02 01:09:20','2023-06-02 01:09:20'),(948,1,'vi','core/base/tables','pdf','PDF','2023-06-02 01:09:20','2023-06-02 01:09:20'),(949,1,'vi','core/base/tables','print','In','2023-06-02 01:09:20','2023-06-02 01:09:20'),(950,1,'vi','core/base/tables','records','bản ghi','2023-06-02 01:09:20','2023-06-02 01:09:20'),(951,1,'vi','core/base/tables','reload','Tải lại','2023-06-02 01:09:20','2023-06-02 01:09:20'),(952,1,'vi','core/base/tables','reset','Làm mới','2023-06-02 01:09:20','2023-06-02 01:09:20'),(953,1,'vi','core/base/tables','save','Lưu','2023-06-02 01:09:20','2023-06-02 01:09:20'),(954,1,'vi','core/base/tables','show_from','Hiển thị từ','2023-06-02 01:09:20','2023-06-02 01:09:20'),(955,1,'vi','core/base/tables','template','Giao diện','2023-06-02 01:09:20','2023-06-02 01:09:20'),(956,1,'vi','core/base/tables','to','đến','2023-06-02 01:09:20','2023-06-02 01:09:20'),(957,1,'vi','core/base/tables','view','Xem chi tiết','2023-06-02 01:09:20','2023-06-02 01:09:20'),(958,1,'vi','core/base/tables','email','Email','2023-06-02 01:09:20','2023-06-02 01:09:20'),(959,1,'vi','core/base/tables','image','Hình ảnh','2023-06-02 01:09:20','2023-06-02 01:09:20'),(960,1,'vi','core/base/tables','is_featured','Nổi bật','2023-06-02 01:09:20','2023-06-02 01:09:20'),(961,1,'vi','core/base/tables','last_login','Lần cuối đăng nhập','2023-06-02 01:09:20','2023-06-02 01:09:20'),(962,1,'vi','core/base/tables','order','Thứ tự','2023-06-02 01:09:20','2023-06-02 01:09:20'),(963,1,'vi','core/base/tables','shortcode','Shortcode','2023-06-02 01:09:20','2023-06-02 01:09:20'),(964,1,'vi','core/base/tables','slug','Slug','2023-06-02 01:09:20','2023-06-02 01:09:20'),(965,1,'vi','core/base/tables','title','Tiêu đề','2023-06-02 01:09:20','2023-06-02 01:09:20'),(966,1,'vi','core/base/tables','bulk_changes','Thay đổi hàng loạt','2023-06-02 01:09:20','2023-06-02 01:09:20'),(967,1,'vi','core/base/tables','confirm_delete_many_msg','Bạn có chắc chắn muốn xóa những bản ghi này?','2023-06-02 01:09:20','2023-06-02 01:09:20'),(968,1,'vi','core/base/tables','submit','Hoàn tất','2023-06-02 01:09:20','2023-06-02 01:09:20'),(969,1,'vi','core/base/tables','please_select_record','Vui lòng chọn ít nhất 1 bản ghi để thực hiện hành động này!','2023-06-02 01:09:20','2023-06-02 01:09:20'),(970,1,'vi','core/base/tabs','detail','Chi tiết','2023-06-02 01:09:20','2023-06-02 01:09:20'),(971,1,'vi','core/base/tabs','file','Tập tin','2023-06-02 01:09:20','2023-06-02 01:09:20'),(972,1,'vi','core/base/tabs','record_note','Ghi chú','2023-06-02 01:09:20','2023-06-02 01:09:20'),(973,1,'vi','core/base/tabs','revision','Lịch sử thay đổi','2023-06-02 01:09:20','2023-06-02 01:09:20'),(974,1,'en','core/dashboard/dashboard','update_position_success','Update widget position successfully!','2023-06-02 01:09:20','2023-06-02 01:09:20'),(975,1,'en','core/dashboard/dashboard','hide_success','Update widget successfully!','2023-06-02 01:09:20','2023-06-02 01:09:20'),(976,1,'en','core/dashboard/dashboard','confirm_hide','Are you sure?','2023-06-02 01:09:20','2023-06-02 01:09:20'),(977,1,'en','core/dashboard/dashboard','hide_message','Do you really want to hide this widget? It will be disappear on Dashboard!','2023-06-02 01:09:20','2023-06-02 01:09:20'),(978,1,'en','core/dashboard/dashboard','confirm_hide_btn','Yes, hide this widget','2023-06-02 01:09:20','2023-06-02 01:09:20'),(979,1,'en','core/dashboard/dashboard','cancel_hide_btn','Cancel','2023-06-02 01:09:20','2023-06-02 01:09:20'),(980,1,'en','core/dashboard/dashboard','collapse_expand','Collapse/Expand','2023-06-02 01:09:20','2023-06-02 01:09:20'),(981,1,'en','core/dashboard/dashboard','hide','Hide','2023-06-02 01:09:20','2023-06-02 01:09:20'),(982,1,'en','core/dashboard/dashboard','reload','Reload','2023-06-02 01:09:20','2023-06-02 01:09:20'),(983,1,'en','core/dashboard/dashboard','save_setting_success','Save widget settings successfully!','2023-06-02 01:09:20','2023-06-02 01:09:20'),(984,1,'en','core/dashboard/dashboard','widget_not_exists','Widget is not exits!','2023-06-02 01:09:20','2023-06-02 01:09:20'),(985,1,'en','core/dashboard/dashboard','manage_widgets','Manage Widgets','2023-06-02 01:09:20','2023-06-02 01:09:20'),(986,1,'en','core/dashboard/dashboard','fullscreen','Full screen','2023-06-02 01:09:20','2023-06-02 01:09:20'),(987,1,'en','core/dashboard/dashboard','title','Dashboard','2023-06-02 01:09:20','2023-06-02 01:09:20'),(988,1,'en','core/dashboard/dashboard','predefined_ranges.today','Today','2023-06-02 01:09:20','2023-06-02 01:09:20'),(989,1,'en','core/dashboard/dashboard','predefined_ranges.yesterday','Yesterday','2023-06-02 01:09:20','2023-06-02 01:09:20'),(990,1,'en','core/dashboard/dashboard','predefined_ranges.this_week','This Week','2023-06-02 01:09:20','2023-06-02 01:09:20'),(991,1,'en','core/dashboard/dashboard','predefined_ranges.last_7_days','Last 7 Days','2023-06-02 01:09:20','2023-06-02 01:09:20'),(992,1,'en','core/dashboard/dashboard','predefined_ranges.this_month','This Month','2023-06-02 01:09:20','2023-06-02 01:09:20'),(993,1,'en','core/dashboard/dashboard','predefined_ranges.last_30_days','Last 30 Days','2023-06-02 01:09:20','2023-06-02 01:09:20'),(994,1,'en','core/dashboard/dashboard','predefined_ranges.this_year','This Year','2023-06-02 01:09:20','2023-06-02 01:09:20'),(995,1,'vi','core/dashboard/dashboard','cancel_hide_btn','Hủy bỏ','2023-06-02 01:09:20','2023-06-02 01:09:20'),(996,1,'vi','core/dashboard/dashboard','collapse_expand','Mở rộng','2023-06-02 01:09:20','2023-06-02 01:09:20'),(997,1,'vi','core/dashboard/dashboard','confirm_hide','Bạn có chắc?','2023-06-02 01:09:20','2023-06-02 01:09:20'),(998,1,'vi','core/dashboard/dashboard','confirm_hide_btn','Vâng, ẩn tiện ích này','2023-06-02 01:09:20','2023-06-02 01:09:20'),(999,1,'vi','core/dashboard/dashboard','hide','Ẩn','2023-06-02 01:09:20','2023-06-02 01:09:20'),(1000,1,'vi','core/dashboard/dashboard','hide_message','Bạn có chắc chắn muốn ẩn tiện ích này? Nó sẽ không được hiển thị trên trang chủ nữa!','2023-06-02 01:09:20','2023-06-02 01:09:20'),(1001,1,'vi','core/dashboard/dashboard','hide_success','Ẩn tiện ích thành công!','2023-06-02 01:09:20','2023-06-02 01:09:20'),(1002,1,'vi','core/dashboard/dashboard','manage_widgets','Quản lý tiện ích','2023-06-02 01:09:20','2023-06-02 01:09:20'),(1003,1,'vi','core/dashboard/dashboard','reload','Làm mới','2023-06-02 01:09:20','2023-06-02 01:09:20'),(1004,1,'vi','core/dashboard/dashboard','save_setting_success','Lưu tiện ích thành công','2023-06-02 01:09:20','2023-06-02 01:09:20'),(1005,1,'vi','core/dashboard/dashboard','update_position_success','Cập nhật vị trí tiện ích thành công!','2023-06-02 01:09:20','2023-06-02 01:09:20'),(1006,1,'vi','core/dashboard/dashboard','widget_not_exists','Tiện ích này không tồn tại!','2023-06-02 01:09:20','2023-06-02 01:09:20'),(1007,1,'vi','core/dashboard/dashboard','fullscreen','Toàn màn hình','2023-06-02 01:09:20','2023-06-02 01:09:20'),(1008,1,'vi','core/dashboard/dashboard','title','Trang quản trị','2023-06-02 01:09:20','2023-06-02 01:09:20'),(1009,1,'en','core/media/media','filter','Filter','2023-06-02 01:09:20','2023-06-02 01:09:20'),(1010,1,'en','core/media/media','everything','Everything','2023-06-02 01:09:20','2023-06-02 01:09:20'),(1011,1,'en','core/media/media','image','Image','2023-06-02 01:09:20','2023-06-02 01:09:20'),(1012,1,'en','core/media/media','video','Video','2023-06-02 01:09:20','2023-06-02 01:09:20'),(1013,1,'en','core/media/media','document','Document','2023-06-02 01:09:20','2023-06-02 01:09:20'),(1014,1,'en','core/media/media','view_in','View in','2023-06-02 01:09:20','2023-06-02 01:09:20'),(1015,1,'en','core/media/media','all_media','All media','2023-06-02 01:09:20','2023-06-02 01:09:20'),(1016,1,'en','core/media/media','trash','Trash','2023-06-02 01:09:20','2023-06-02 01:09:20'),(1017,1,'en','core/media/media','recent','Recent','2023-06-02 01:09:20','2023-06-02 01:09:20'),(1018,1,'en','core/media/media','favorites','Favorites','2023-06-02 01:09:20','2023-06-02 01:09:20'),(1019,1,'en','core/media/media','upload','Upload','2023-06-02 01:09:20','2023-06-02 01:09:20'),(1020,1,'en','core/media/media','create_folder','Create folder','2023-06-02 01:09:20','2023-06-02 01:09:20'),(1021,1,'en','core/media/media','refresh','Refresh','2023-06-02 01:09:20','2023-06-02 01:09:20'),(1022,1,'en','core/media/media','empty_trash','Empty trash','2023-06-02 01:09:20','2023-06-02 01:09:20'),(1023,1,'en','core/media/media','search_file_and_folder','Search in current folder','2023-06-02 01:09:20','2023-06-02 01:09:20'),(1024,1,'en','core/media/media','sort','Sort','2023-06-02 01:09:20','2023-06-02 01:09:20'),(1025,1,'en','core/media/media','file_name_asc','File name - ASC','2023-06-02 01:09:20','2023-06-02 01:09:20'),(1026,1,'en','core/media/media','file_name_desc','File name - DESC','2023-06-02 01:09:20','2023-06-02 01:09:20'),(1027,1,'en','core/media/media','uploaded_date_asc','Uploaded date - ASC','2023-06-02 01:09:20','2023-06-02 01:09:20'),(1028,1,'en','core/media/media','uploaded_date_desc','Uploaded date - DESC','2023-06-02 01:09:20','2023-06-02 01:09:20'),(1029,1,'en','core/media/media','size_asc','Size - ASC','2023-06-02 01:09:20','2023-06-02 01:09:20'),(1030,1,'en','core/media/media','size_desc','Size - DESC','2023-06-02 01:09:20','2023-06-02 01:09:20'),(1031,1,'en','core/media/media','actions','Actions','2023-06-02 01:09:20','2023-06-02 01:09:20'),(1032,1,'en','core/media/media','nothing_is_selected','Nothing is selected','2023-06-02 01:09:20','2023-06-02 01:09:20'),(1033,1,'en','core/media/media','insert','Insert','2023-06-02 01:09:20','2023-06-02 01:09:20'),(1034,1,'en','core/media/media','folder_name','Folder name','2023-06-02 01:09:20','2023-06-02 01:09:20'),(1035,1,'en','core/media/media','create','Create','2023-06-02 01:09:20','2023-06-02 01:09:20'),(1036,1,'en','core/media/media','rename','Rename','2023-06-02 01:09:20','2023-06-02 01:09:20'),(1037,1,'en','core/media/media','crop','Crop','2023-06-02 01:09:20','2023-06-02 01:09:20'),(1038,1,'en','core/media/media','close','Close','2023-06-02 01:09:20','2023-06-02 01:09:20'),(1039,1,'en','core/media/media','save_changes','Save changes','2023-06-02 01:09:20','2023-06-02 01:09:20'),(1040,1,'en','core/media/media','move_to_trash','Move items to trash','2023-06-02 01:09:20','2023-06-02 01:09:20'),(1041,1,'en','core/media/media','confirm_trash','Are you sure you want to move these items to trash?','2023-06-02 01:09:20','2023-06-02 01:09:20'),(1042,1,'en','core/media/media','confirm','Confirm','2023-06-02 01:09:20','2023-06-02 01:09:20'),(1043,1,'en','core/media/media','confirm_delete','Delete item(s)','2023-06-02 01:09:20','2023-06-02 01:09:20'),(1044,1,'en','core/media/media','confirm_delete_description','Your request cannot rollback. Are you sure you wanna delete these items?','2023-06-02 01:09:20','2023-06-02 01:09:20'),(1045,1,'en','core/media/media','empty_trash_title','Empty trash','2023-06-02 01:09:20','2023-06-02 01:09:20'),(1046,1,'en','core/media/media','empty_trash_description','Your request cannot rollback. Are you sure you wanna remove all items in trash?','2023-06-02 01:09:20','2023-06-02 01:09:20'),(1047,1,'en','core/media/media','up_level','Up one level','2023-06-02 01:09:21','2023-06-02 01:09:21'),(1048,1,'en','core/media/media','upload_progress','Upload progress','2023-06-02 01:09:21','2023-06-02 01:09:21'),(1049,1,'en','core/media/media','alt_text','Alt text','2023-06-02 01:09:21','2023-06-02 01:09:21'),(1050,1,'en','core/media/media','folder_created','Folder is created successfully!','2023-06-02 01:09:21','2023-06-02 01:09:21'),(1051,1,'en','core/media/media','gallery','Media gallery','2023-06-02 01:09:21','2023-06-02 01:09:21'),(1052,1,'en','core/media/media','trash_error','Error when delete selected item(s)','2023-06-02 01:09:21','2023-06-02 01:09:21'),(1053,1,'en','core/media/media','trash_success','Moved selected item(s) to trash successfully!','2023-06-02 01:09:21','2023-06-02 01:09:21'),(1054,1,'en','core/media/media','restore_error','Error when restore selected item(s)','2023-06-02 01:09:21','2023-06-02 01:09:21'),(1055,1,'en','core/media/media','restore_success','Restore selected item(s) successfully!','2023-06-02 01:09:21','2023-06-02 01:09:21'),(1056,1,'en','core/media/media','copy_success','Copied selected item(s) successfully!','2023-06-02 01:09:21','2023-06-02 01:09:21'),(1057,1,'en','core/media/media','delete_success','Deleted selected item(s) successfully!','2023-06-02 01:09:21','2023-06-02 01:09:21'),(1058,1,'en','core/media/media','favorite_success','Favorite selected item(s) successfully!','2023-06-02 01:09:21','2023-06-02 01:09:21'),(1059,1,'en','core/media/media','remove_favorite_success','Remove selected item(s) from favorites successfully!','2023-06-02 01:09:21','2023-06-02 01:09:21'),(1060,1,'en','core/media/media','rename_error','Error when rename item(s)','2023-06-02 01:09:21','2023-06-02 01:09:21'),(1061,1,'en','core/media/media','rename_success','Rename selected item(s) successfully!','2023-06-02 01:09:21','2023-06-02 01:09:21'),(1062,1,'en','core/media/media','crop_success','Crop image successfully!','2023-06-02 01:09:21','2023-06-02 01:09:21'),(1063,1,'en','core/media/media','empty_trash_success','Empty trash successfully!','2023-06-02 01:09:21','2023-06-02 01:09:21'),(1064,1,'en','core/media/media','invalid_action','Invalid action!','2023-06-02 01:09:21','2023-06-02 01:09:21'),(1065,1,'en','core/media/media','file_not_exists','File is not exists!','2023-06-02 01:09:21','2023-06-02 01:09:21'),(1066,1,'en','core/media/media','download_file_error','Error when downloading files!','2023-06-02 01:09:21','2023-06-02 01:09:21'),(1067,1,'en','core/media/media','missing_zip_archive_extension','Please enable ZipArchive extension to download file!','2023-06-02 01:09:21','2023-06-02 01:09:21'),(1068,1,'en','core/media/media','can_not_download_file','Can not download this file!','2023-06-02 01:09:21','2023-06-02 01:09:21'),(1069,1,'en','core/media/media','invalid_request','Invalid request!','2023-06-02 01:09:21','2023-06-02 01:09:21'),(1070,1,'en','core/media/media','add_success','Add item successfully!','2023-06-02 01:09:21','2023-06-02 01:09:21'),(1071,1,'en','core/media/media','file_too_big','File too big. Max file upload is :size bytes','2023-06-02 01:09:21','2023-06-02 01:09:21'),(1072,1,'en','core/media/media','file_too_big_readable_size','File too big. Max file upload is :size.','2023-06-02 01:09:21','2023-06-02 01:09:21'),(1073,1,'en','core/media/media','can_not_detect_file_type','File type is not allowed or can not detect file type!','2023-06-02 01:09:21','2023-06-02 01:09:21'),(1074,1,'en','core/media/media','upload_failed','The file is NOT uploaded completely. The server allows max upload file size is :size . Please check your file size OR try to upload again in case of having network errors','2023-06-02 01:09:21','2023-06-02 01:09:21'),(1075,1,'en','core/media/media','failed_to_crop_image','The file cropping must be image type','2023-06-02 01:09:21','2023-06-02 01:09:21'),(1076,1,'en','core/media/media','menu_name','Media','2023-06-02 01:09:21','2023-06-02 01:09:21'),(1077,1,'en','core/media/media','add','Add media','2023-06-02 01:09:21','2023-06-02 01:09:21'),(1078,1,'en','core/media/media','javascript.name','Name','2023-06-02 01:09:21','2023-06-02 01:09:21'),(1079,1,'en','core/media/media','javascript.url','URL','2023-06-02 01:09:21','2023-06-02 01:09:21'),(1080,1,'en','core/media/media','javascript.full_url','Full URL','2023-06-02 01:09:21','2023-06-02 01:09:21'),(1081,1,'en','core/media/media','javascript.alt','Alt text','2023-06-02 01:09:21','2023-06-02 01:09:21'),(1082,1,'en','core/media/media','javascript.size','Size','2023-06-02 01:09:21','2023-06-02 01:09:21'),(1083,1,'en','core/media/media','javascript.mime_type','Type','2023-06-02 01:09:21','2023-06-02 01:09:21'),(1084,1,'en','core/media/media','javascript.created_at','Uploaded at','2023-06-02 01:09:21','2023-06-02 01:09:21'),(1085,1,'en','core/media/media','javascript.updated_at','Modified at','2023-06-02 01:09:21','2023-06-02 01:09:21'),(1086,1,'en','core/media/media','javascript.nothing_selected','Nothing is selected','2023-06-02 01:09:21','2023-06-02 01:09:21'),(1087,1,'en','core/media/media','javascript.visit_link','Open link','2023-06-02 01:09:21','2023-06-02 01:09:21'),(1088,1,'en','core/media/media','javascript.no_item.all_media.icon','fas fa-cloud-upload-alt','2023-06-02 01:09:21','2023-06-02 01:09:21'),(1089,1,'en','core/media/media','javascript.no_item.all_media.title','Drop files and folders here','2023-06-02 01:09:21','2023-06-02 01:09:21'),(1090,1,'en','core/media/media','javascript.no_item.all_media.message','Or use the upload button above','2023-06-02 01:09:21','2023-06-02 01:09:21'),(1091,1,'en','core/media/media','javascript.no_item.trash.icon','fas fa-trash-alt','2023-06-02 01:09:21','2023-06-02 01:09:21'),(1092,1,'en','core/media/media','javascript.no_item.trash.title','There is nothing in your trash currently','2023-06-02 01:09:21','2023-06-02 01:09:21'),(1093,1,'en','core/media/media','javascript.no_item.trash.message','Delete files to move them to trash automatically. Delete files from trash to remove them permanently','2023-06-02 01:09:21','2023-06-02 01:09:21'),(1094,1,'en','core/media/media','javascript.no_item.favorites.icon','fas fa-star','2023-06-02 01:09:21','2023-06-02 01:09:21'),(1095,1,'en','core/media/media','javascript.no_item.favorites.title','You have not added anything to your favorites yet','2023-06-02 01:09:21','2023-06-02 01:09:21'),(1096,1,'en','core/media/media','javascript.no_item.favorites.message','Add files to favorites to easily find them later','2023-06-02 01:09:21','2023-06-02 01:09:21'),(1097,1,'en','core/media/media','javascript.no_item.recent.icon','far fa-clock','2023-06-02 01:09:21','2023-06-02 01:09:21'),(1098,1,'en','core/media/media','javascript.no_item.recent.title','You did not opened anything yet','2023-06-02 01:09:21','2023-06-02 01:09:21'),(1099,1,'en','core/media/media','javascript.no_item.recent.message','All recent files that you opened will be appeared here','2023-06-02 01:09:21','2023-06-02 01:09:21'),(1100,1,'en','core/media/media','javascript.no_item.default.icon','fas fa-sync','2023-06-02 01:09:21','2023-06-02 01:09:21'),(1101,1,'en','core/media/media','javascript.no_item.default.title','No items','2023-06-02 01:09:21','2023-06-02 01:09:21'),(1102,1,'en','core/media/media','javascript.no_item.default.message','This directory has no item','2023-06-02 01:09:21','2023-06-02 01:09:21'),(1103,1,'en','core/media/media','javascript.clipboard.success','These file links has been copied to clipboard','2023-06-02 01:09:21','2023-06-02 01:09:21'),(1104,1,'en','core/media/media','javascript.message.error_header','Error','2023-06-02 01:09:21','2023-06-02 01:09:21'),(1105,1,'en','core/media/media','javascript.message.success_header','Success','2023-06-02 01:09:21','2023-06-02 01:09:21'),(1106,1,'en','core/media/media','javascript.download.error','No files selected or cannot download these files','2023-06-02 01:09:21','2023-06-02 01:09:21'),(1107,1,'en','core/media/media','javascript.actions_list.basic.preview','Preview','2023-06-02 01:09:21','2023-06-02 01:09:21'),(1108,1,'en','core/media/media','javascript.actions_list.basic.crop','Crop','2023-06-02 01:09:21','2023-06-02 01:09:21'),(1109,1,'en','core/media/media','javascript.actions_list.file.copy_link','Copy link','2023-06-02 01:09:21','2023-06-02 01:09:21'),(1110,1,'en','core/media/media','javascript.actions_list.file.rename','Rename','2023-06-02 01:09:21','2023-06-02 01:09:21'),(1111,1,'en','core/media/media','javascript.actions_list.file.make_copy','Make a copy','2023-06-02 01:09:21','2023-06-02 01:09:21'),(1112,1,'en','core/media/media','javascript.actions_list.user.favorite','Add to favorite','2023-06-02 01:09:21','2023-06-02 01:09:21'),(1113,1,'en','core/media/media','javascript.actions_list.user.remove_favorite','Remove favorite','2023-06-02 01:09:21','2023-06-02 01:09:21'),(1114,1,'en','core/media/media','javascript.actions_list.other.download','Download','2023-06-02 01:09:21','2023-06-02 01:09:21'),(1115,1,'en','core/media/media','javascript.actions_list.other.trash','Move to trash','2023-06-02 01:09:21','2023-06-02 01:09:21'),(1116,1,'en','core/media/media','javascript.actions_list.other.delete','Delete permanently','2023-06-02 01:09:21','2023-06-02 01:09:21'),(1117,1,'en','core/media/media','javascript.actions_list.other.restore','Restore','2023-06-02 01:09:21','2023-06-02 01:09:21'),(1118,1,'en','core/media/media','javascript.change_image','Change image','2023-06-02 01:09:21','2023-06-02 01:09:21'),(1119,1,'en','core/media/media','javascript.delete_image','Delete image','2023-06-02 01:09:21','2023-06-02 01:09:21'),(1120,1,'en','core/media/media','javascript.choose_image','Choose image','2023-06-02 01:09:21','2023-06-02 01:09:21'),(1121,1,'en','core/media/media','javascript.preview_image','Preview image','2023-06-02 01:09:21','2023-06-02 01:09:21'),(1122,1,'en','core/media/media','name_invalid','The folder name has invalid character(s).','2023-06-02 01:09:21','2023-06-02 01:09:21'),(1123,1,'en','core/media/media','url_invalid','Please provide a valid URL','2023-06-02 01:09:21','2023-06-02 01:09:21'),(1124,1,'en','core/media/media','path_invalid','Please provide a valid path','2023-06-02 01:09:21','2023-06-02 01:09:21'),(1125,1,'en','core/media/media','download_link','Download','2023-06-02 01:09:21','2023-06-02 01:09:21'),(1126,1,'en','core/media/media','url','URL','2023-06-02 01:09:21','2023-06-02 01:09:21'),(1127,1,'en','core/media/media','download_explain','Enter one URL per line.','2023-06-02 01:09:21','2023-06-02 01:09:21'),(1128,1,'en','core/media/media','downloading','Downloading...','2023-06-02 01:09:21','2023-06-02 01:09:21'),(1129,1,'en','core/media/media','prepare_file_to_download','Preparing file to download...','2023-06-02 01:09:21','2023-06-02 01:09:21'),(1130,1,'en','core/media/media','update_alt_text_success','Update alt text successfully!','2023-06-02 01:09:21','2023-06-02 01:09:21'),(1131,1,'en','core/media/media','cropper.height','Height','2023-06-02 01:09:21','2023-06-02 01:09:21'),(1132,1,'en','core/media/media','cropper.width','Width','2023-06-02 01:09:21','2023-06-02 01:09:21'),(1133,1,'en','core/media/media','cropper.aspect_ratio','Aspect ratio?','2023-06-02 01:09:21','2023-06-02 01:09:21'),(1134,1,'en','core/media/media','unable_to_write','Unable to write file. Please chmod folder \":folder\" to make it writeable!','2023-06-02 01:09:21','2023-06-02 01:09:21'),(1135,1,'vi','core/media/media','filter','Lọc','2023-06-02 01:09:21','2023-06-02 01:09:21'),(1136,1,'vi','core/media/media','everything','Tất cả','2023-06-02 01:09:21','2023-06-02 01:09:21'),(1137,1,'vi','core/media/media','image','Hình ảnh','2023-06-02 01:09:21','2023-06-02 01:09:21'),(1138,1,'vi','core/media/media','video','Phim','2023-06-02 01:09:21','2023-06-02 01:09:21'),(1139,1,'vi','core/media/media','document','Tài liệu','2023-06-02 01:09:21','2023-06-02 01:09:21'),(1140,1,'vi','core/media/media','view_in','Chế độ xem','2023-06-02 01:09:21','2023-06-02 01:09:21'),(1141,1,'vi','core/media/media','all_media','Tất cả tập tin','2023-06-02 01:09:21','2023-06-02 01:09:21'),(1142,1,'vi','core/media/media','trash','Thùng rác','2023-06-02 01:09:21','2023-06-02 01:09:21'),(1143,1,'vi','core/media/media','recent','Gần đây','2023-06-02 01:09:21','2023-06-02 01:09:21'),(1144,1,'vi','core/media/media','favorites','Được gắn dấu sao','2023-06-02 01:09:21','2023-06-02 01:09:21'),(1145,1,'vi','core/media/media','upload','Tải lên','2023-06-02 01:09:21','2023-06-02 01:09:21'),(1146,1,'vi','core/media/media','create_folder','Tạo thư mục','2023-06-02 01:09:21','2023-06-02 01:09:21'),(1147,1,'vi','core/media/media','refresh','Làm mới','2023-06-02 01:09:21','2023-06-02 01:09:21'),(1148,1,'vi','core/media/media','empty_trash','Dọn thùng rác','2023-06-02 01:09:21','2023-06-02 01:09:21'),(1149,1,'vi','core/media/media','search_file_and_folder','Tìm kiếm tập tin và thư mục','2023-06-02 01:09:21','2023-06-02 01:09:21'),(1150,1,'vi','core/media/media','sort','Sắp xếp','2023-06-02 01:09:21','2023-06-02 01:09:21'),(1151,1,'vi','core/media/media','file_name_asc','Tên tập tin - ASC','2023-06-02 01:09:21','2023-06-02 01:09:21'),(1152,1,'vi','core/media/media','file_name_desc','Tên tập tin - DESC','2023-06-02 01:09:21','2023-06-02 01:09:21'),(1153,1,'vi','core/media/media','uploaded_date_asc','Ngày tải lên - ASC','2023-06-02 01:09:21','2023-06-02 01:09:21'),(1154,1,'vi','core/media/media','uploaded_date_desc','Ngày tải lên - DESC','2023-06-02 01:09:21','2023-06-02 01:09:21'),(1155,1,'vi','core/media/media','size_asc','Kích thước - ASC','2023-06-02 01:09:21','2023-06-02 01:09:21'),(1156,1,'vi','core/media/media','size_desc','Kích thước - DESC','2023-06-02 01:09:21','2023-06-02 01:09:21'),(1157,1,'vi','core/media/media','actions','Hành động','2023-06-02 01:09:21','2023-06-02 01:09:21'),(1158,1,'vi','core/media/media','nothing_is_selected','Không có tập tin nào được chọn','2023-06-02 01:09:21','2023-06-02 01:09:21'),(1159,1,'vi','core/media/media','insert','Chèn','2023-06-02 01:09:21','2023-06-02 01:09:21'),(1160,1,'vi','core/media/media','folder_name','Tên thư mục','2023-06-02 01:09:21','2023-06-02 01:09:21'),(1161,1,'vi','core/media/media','create','Tạo','2023-06-02 01:09:21','2023-06-02 01:09:21'),(1162,1,'vi','core/media/media','rename','Đổi tên','2023-06-02 01:09:21','2023-06-02 01:09:21'),(1163,1,'vi','core/media/media','close','Đóng','2023-06-02 01:09:21','2023-06-02 01:09:21'),(1164,1,'vi','core/media/media','save_changes','Lưu thay đổi','2023-06-02 01:09:21','2023-06-02 01:09:21'),(1165,1,'vi','core/media/media','move_to_trash','Đưa vào thùng rác','2023-06-02 01:09:21','2023-06-02 01:09:21'),(1166,1,'vi','core/media/media','confirm_trash','Bạn có chắc chắn muốn bỏ những tập tin này vào thùng rác?','2023-06-02 01:09:21','2023-06-02 01:09:21'),(1167,1,'vi','core/media/media','confirm','Xác nhận','2023-06-02 01:09:21','2023-06-02 01:09:21'),(1168,1,'vi','core/media/media','confirm_delete','Xóa tập tin','2023-06-02 01:09:21','2023-06-02 01:09:21'),(1169,1,'vi','core/media/media','confirm_delete_description','Hành động này không thể khôi phục. Bạn có chắc chắn muốn xóa các tập tin này?','2023-06-02 01:09:21','2023-06-02 01:09:21'),(1170,1,'vi','core/media/media','empty_trash_title','Dọn sạch thùng rác','2023-06-02 01:09:21','2023-06-02 01:09:21'),(1171,1,'vi','core/media/media','empty_trash_description','Hành động này không thể khôi phục. Bạn có chắc chắn muốn dọn sạch thùng rác?','2023-06-02 01:09:21','2023-06-02 01:09:21'),(1172,1,'vi','core/media/media','up_level','Quay lại một cấp','2023-06-02 01:09:21','2023-06-02 01:09:21'),(1173,1,'vi','core/media/media','upload_progress','Tiến trình tải lên','2023-06-02 01:09:21','2023-06-02 01:09:21'),(1174,1,'vi','core/media/media','folder_created','Tạo thư mục thành công!','2023-06-02 01:09:21','2023-06-02 01:09:21'),(1175,1,'vi','core/media/media','gallery','Thư viện tập tin','2023-06-02 01:09:21','2023-06-02 01:09:21'),(1176,1,'vi','core/media/media','trash_error','Có lỗi khi xóa tập tin/thư mục','2023-06-02 01:09:21','2023-06-02 01:09:21'),(1177,1,'vi','core/media/media','trash_success','Xóa tập tin/thư mục thành công!','2023-06-02 01:09:21','2023-06-02 01:09:21'),(1178,1,'vi','core/media/media','restore_error','Có lỗi trong quá trình khôi phục','2023-06-02 01:09:21','2023-06-02 01:09:21'),(1179,1,'vi','core/media/media','restore_success','Khôi phục thành công!','2023-06-02 01:09:21','2023-06-02 01:09:21'),(1180,1,'vi','core/media/media','copy_success','Sao chép thành công!','2023-06-02 01:09:21','2023-06-02 01:09:21'),(1181,1,'vi','core/media/media','delete_success','Xóa thành công!','2023-06-02 01:09:21','2023-06-02 01:09:21'),(1182,1,'vi','core/media/media','favorite_success','Thêm dấu sao thành công!','2023-06-02 01:09:21','2023-06-02 01:09:21'),(1183,1,'vi','core/media/media','remove_favorite_success','Bỏ dấu sao thành công!','2023-06-02 01:09:21','2023-06-02 01:09:21'),(1184,1,'vi','core/media/media','rename_error','Có lỗi trong quá trình đổi tên','2023-06-02 01:09:21','2023-06-02 01:09:21'),(1185,1,'vi','core/media/media','rename_success','Đổi tên thành công!','2023-06-02 01:09:21','2023-06-02 01:09:21'),(1186,1,'vi','core/media/media','invalid_action','Hành động không hợp lệ!','2023-06-02 01:09:21','2023-06-02 01:09:21'),(1187,1,'vi','core/media/media','file_not_exists','Tập tin không tồn tại!','2023-06-02 01:09:21','2023-06-02 01:09:21'),(1188,1,'vi','core/media/media','download_file_error','Có lỗi trong quá trình tải xuống tập tin!','2023-06-02 01:09:21','2023-06-02 01:09:21'),(1189,1,'vi','core/media/media','missing_zip_archive_extension','Hãy bật ZipArchive extension để tải tập tin!','2023-06-02 01:09:21','2023-06-02 01:09:21'),(1190,1,'vi','core/media/media','can_not_download_file','Không thể tải tập tin!','2023-06-02 01:09:21','2023-06-02 01:09:21'),(1191,1,'vi','core/media/media','invalid_request','Yêu cầu không hợp lệ!','2023-06-02 01:09:21','2023-06-02 01:09:21'),(1192,1,'vi','core/media/media','add_success','Thêm thành công!','2023-06-02 01:09:21','2023-06-02 01:09:21'),(1193,1,'vi','core/media/media','file_too_big','Tập tin quá lớn. Giới hạn tải lên là :size bytes','2023-06-02 01:09:21','2023-06-02 01:09:21'),(1194,1,'vi','core/media/media','can_not_detect_file_type','Loại tập tin không hợp lệ hoặc không thể xác định loại tập tin!','2023-06-02 01:09:21','2023-06-02 01:09:21'),(1195,1,'vi','core/media/media','upload_failed','The file is NOT uploaded completely. The server allows max upload file size is :size . Please check your file size OR try to upload again in case of having network errors','2023-06-02 01:09:21','2023-06-02 01:09:21'),(1196,1,'vi','core/media/media','menu_name','Quản lý tập tin','2023-06-02 01:09:21','2023-06-02 01:09:21'),(1197,1,'vi','core/media/media','add','Thêm tập tin','2023-06-02 01:09:21','2023-06-02 01:09:21'),(1198,1,'vi','core/media/media','javascript.name','Tên','2023-06-02 01:09:21','2023-06-02 01:09:21'),(1199,1,'vi','core/media/media','javascript.url','Đường dẫn','2023-06-02 01:09:21','2023-06-02 01:09:21'),(1200,1,'vi','core/media/media','javascript.full_url','Đường dẫn tuyệt đối','2023-06-02 01:09:21','2023-06-02 01:09:21'),(1201,1,'vi','core/media/media','javascript.size','Kích thước','2023-06-02 01:09:21','2023-06-02 01:09:21'),(1202,1,'vi','core/media/media','javascript.mime_type','Loại','2023-06-02 01:09:21','2023-06-02 01:09:21'),(1203,1,'vi','core/media/media','javascript.created_at','Được tải lên lúc','2023-06-02 01:09:21','2023-06-02 01:09:21'),(1204,1,'vi','core/media/media','javascript.updated_at','Được chỉnh sửa lúc','2023-06-02 01:09:21','2023-06-02 01:09:21'),(1205,1,'vi','core/media/media','javascript.nothing_selected','Bạn chưa chọn tập tin nào','2023-06-02 01:09:21','2023-06-02 01:09:21'),(1206,1,'vi','core/media/media','javascript.visit_link','Mở liên kết','2023-06-02 01:09:21','2023-06-02 01:09:21'),(1207,1,'vi','core/media/media','javascript.no_item.all_media.icon','fas fa-cloud-upload-alt','2023-06-02 01:09:22','2023-06-02 01:09:22'),(1208,1,'vi','core/media/media','javascript.no_item.all_media.title','Bạn có thể kéo thả tập tin vào đây để tải lên','2023-06-02 01:09:22','2023-06-02 01:09:22'),(1209,1,'vi','core/media/media','javascript.no_item.all_media.message','Hoặc có thể bấm nút Tải lên ở phía trên','2023-06-02 01:09:22','2023-06-02 01:09:22'),(1210,1,'vi','core/media/media','javascript.no_item.trash.icon','fas fa-trash-alt','2023-06-02 01:09:22','2023-06-02 01:09:22'),(1211,1,'vi','core/media/media','javascript.no_item.trash.title','Hiện tại không có tập tin nào trong thùng rác','2023-06-02 01:09:22','2023-06-02 01:09:22'),(1212,1,'vi','core/media/media','javascript.no_item.trash.message','Xóa tập tin sẽ đem tập tin lưu vào thùng rác. Xóa tập tin trong thùng rác sẽ xóa vĩnh viễn.','2023-06-02 01:09:22','2023-06-02 01:09:22'),(1213,1,'vi','core/media/media','javascript.no_item.favorites.icon','fas fa-star','2023-06-02 01:09:22','2023-06-02 01:09:22'),(1214,1,'vi','core/media/media','javascript.no_item.favorites.title','Bạn chưa đặt tập tin nào vào mục yêu thích','2023-06-02 01:09:22','2023-06-02 01:09:22'),(1215,1,'vi','core/media/media','javascript.no_item.favorites.message','Thêm tập tin vào mục yêu thích để tìm kiếm chúng dễ dàng sau này.','2023-06-02 01:09:22','2023-06-02 01:09:22'),(1216,1,'vi','core/media/media','javascript.no_item.recent.icon','far fa-clock','2023-06-02 01:09:22','2023-06-02 01:09:22'),(1217,1,'vi','core/media/media','javascript.no_item.recent.title','Bạn chưa mở tập tin nào.','2023-06-02 01:09:22','2023-06-02 01:09:22'),(1218,1,'vi','core/media/media','javascript.no_item.recent.message','Mục này hiển thị các tập tin bạn đã xem gần đây.','2023-06-02 01:09:22','2023-06-02 01:09:22'),(1219,1,'vi','core/media/media','javascript.no_item.default.icon','fas fa-sync','2023-06-02 01:09:22','2023-06-02 01:09:22'),(1220,1,'vi','core/media/media','javascript.no_item.default.title','Thư mục trống','2023-06-02 01:09:22','2023-06-02 01:09:22'),(1221,1,'vi','core/media/media','javascript.no_item.default.message','Thư mục này chưa có tập tin nào','2023-06-02 01:09:22','2023-06-02 01:09:22'),(1222,1,'vi','core/media/media','javascript.clipboard.success','Đường dẫn của các tập tin đã được sao chép vào clipboard','2023-06-02 01:09:22','2023-06-02 01:09:22'),(1223,1,'vi','core/media/media','javascript.message.error_header','Lỗi','2023-06-02 01:09:22','2023-06-02 01:09:22'),(1224,1,'vi','core/media/media','javascript.message.success_header','Thành công','2023-06-02 01:09:22','2023-06-02 01:09:22'),(1225,1,'vi','core/media/media','javascript.download.error','Bạn chưa chọn tập tin nào hoặc tập tin này không cho phép tải về','2023-06-02 01:09:22','2023-06-02 01:09:22'),(1226,1,'vi','core/media/media','javascript.actions_list.basic.preview','Xem trước','2023-06-02 01:09:22','2023-06-02 01:09:22'),(1227,1,'vi','core/media/media','javascript.actions_list.file.copy_link','Sao chép đường dẫn','2023-06-02 01:09:22','2023-06-02 01:09:22'),(1228,1,'vi','core/media/media','javascript.actions_list.file.rename','Đổi tên','2023-06-02 01:09:22','2023-06-02 01:09:22'),(1229,1,'vi','core/media/media','javascript.actions_list.file.make_copy','Nhân bản','2023-06-02 01:09:22','2023-06-02 01:09:22'),(1230,1,'vi','core/media/media','javascript.actions_list.user.favorite','Yêu thích','2023-06-02 01:09:22','2023-06-02 01:09:22'),(1231,1,'vi','core/media/media','javascript.actions_list.user.remove_favorite','Xóa khỏi mục yêu thích','2023-06-02 01:09:22','2023-06-02 01:09:22'),(1232,1,'vi','core/media/media','javascript.actions_list.other.download','Tải xuống','2023-06-02 01:09:22','2023-06-02 01:09:22'),(1233,1,'vi','core/media/media','javascript.actions_list.other.trash','Chuyển vào thùng rác','2023-06-02 01:09:22','2023-06-02 01:09:22'),(1234,1,'vi','core/media/media','javascript.actions_list.other.delete','Xóa hoàn toàn','2023-06-02 01:09:22','2023-06-02 01:09:22'),(1235,1,'vi','core/media/media','javascript.actions_list.other.restore','Khôi phục','2023-06-02 01:09:22','2023-06-02 01:09:22'),(1236,1,'vi','core/media/media','empty_trash_success','Dọn sạch thùng rác thành công','2023-06-02 01:09:22','2023-06-02 01:09:22'),(1237,1,'vi','core/media/media','name_invalid','Tên thư mục chứa ký tự không hợp lệ','2023-06-02 01:09:22','2023-06-02 01:09:22'),(1238,1,'vi','core/media/media','path_invalid','Vui lòng cung cấp 1 đường dẫn hợp lệ','2023-06-02 01:09:22','2023-06-02 01:09:22'),(1239,1,'vi','core/media/media','url_invalid','Vui lòng cung cấp 1 đường dẫn hợp lệ','2023-06-02 01:09:22','2023-06-02 01:09:22'),(1240,1,'vi','core/media/media','download_explain','Mỗi URL trên 1 dòng','2023-06-02 01:09:22','2023-06-02 01:09:22'),(1241,1,'vi','core/media/media','download_link','Tải xuống','2023-06-02 01:09:22','2023-06-02 01:09:22'),(1242,1,'vi','core/media/media','downloading','Đang tải xuống','2023-06-02 01:09:22','2023-06-02 01:09:22'),(1243,1,'en','core/setting/setting','title','Settings','2023-06-02 01:09:22','2023-06-02 01:09:22'),(1244,1,'en','core/setting/setting','email_setting_title','Email settings','2023-06-02 01:09:22','2023-06-02 01:09:22'),(1245,1,'en','core/setting/setting','general.theme','Theme','2023-06-02 01:09:22','2023-06-02 01:09:22'),(1246,1,'en','core/setting/setting','general.description','Setting site information','2023-06-02 01:09:22','2023-06-02 01:09:22'),(1247,1,'en','core/setting/setting','general.title','General','2023-06-02 01:09:22','2023-06-02 01:09:22'),(1248,1,'en','core/setting/setting','general.general_block','General Information','2023-06-02 01:09:22','2023-06-02 01:09:22'),(1249,1,'en','core/setting/setting','general.rich_editor','Rich Editor','2023-06-02 01:09:22','2023-06-02 01:09:22'),(1250,1,'en','core/setting/setting','general.site_title','Site title','2023-06-02 01:09:22','2023-06-02 01:09:22'),(1251,1,'en','core/setting/setting','general.admin_email','Admin Email','2023-06-02 01:09:22','2023-06-02 01:09:22'),(1252,1,'en','core/setting/setting','general.seo_block','SEO Configuration','2023-06-02 01:09:22','2023-06-02 01:09:22'),(1253,1,'en','core/setting/setting','general.seo_title','SEO Title','2023-06-02 01:09:22','2023-06-02 01:09:22'),(1254,1,'en','core/setting/setting','general.seo_description','SEO Description','2023-06-02 01:09:22','2023-06-02 01:09:22'),(1255,1,'en','core/setting/setting','general.webmaster_tools_block','Google Webmaster Tools','2023-06-02 01:09:22','2023-06-02 01:09:22'),(1256,1,'en','core/setting/setting','general.placeholder.site_title','Site Title (maximum 120 characters)','2023-06-02 01:09:22','2023-06-02 01:09:22'),(1257,1,'en','core/setting/setting','general.placeholder.admin_email','Admin Email','2023-06-02 01:09:22','2023-06-02 01:09:22'),(1258,1,'en','core/setting/setting','general.placeholder.seo_title','SEO Title (maximum 120 characters)','2023-06-02 01:09:22','2023-06-02 01:09:22'),(1259,1,'en','core/setting/setting','general.placeholder.seo_description','SEO Description (maximum 120 characters)','2023-06-02 01:09:22','2023-06-02 01:09:22'),(1260,1,'en','core/setting/setting','general.placeholder.google_analytics','Google Analytics','2023-06-02 01:09:22','2023-06-02 01:09:22'),(1261,1,'en','core/setting/setting','general.cache_admin_menu','Cache admin menu?','2023-06-02 01:09:22','2023-06-02 01:09:22'),(1262,1,'en','core/setting/setting','general.enable_send_error_reporting_via_email','Enable to send error reporting via email?','2023-06-02 01:09:22','2023-06-02 01:09:22'),(1263,1,'en','core/setting/setting','general.time_zone','Timezone','2023-06-02 01:09:22','2023-06-02 01:09:22'),(1264,1,'en','core/setting/setting','general.default_admin_theme','Default admin theme','2023-06-02 01:09:22','2023-06-02 01:09:22'),(1265,1,'en','core/setting/setting','general.enable_change_admin_theme','Enable change admin theme?','2023-06-02 01:09:22','2023-06-02 01:09:22'),(1266,1,'en','core/setting/setting','general.enable','Enable','2023-06-02 01:09:22','2023-06-02 01:09:22'),(1267,1,'en','core/setting/setting','general.disable','Disable','2023-06-02 01:09:22','2023-06-02 01:09:22'),(1268,1,'en','core/setting/setting','general.enable_cache','Enable cache?','2023-06-02 01:09:22','2023-06-02 01:09:22'),(1269,1,'en','core/setting/setting','general.disable_cache_in_the_admin_panel','Disable cache in the admin panel?','2023-06-02 01:09:22','2023-06-02 01:09:22'),(1270,1,'en','core/setting/setting','general.cache_time','Cache time (minutes)','2023-06-02 01:09:22','2023-06-02 01:09:22'),(1271,1,'en','core/setting/setting','general.enable_cache_site_map','Enable cache site map?','2023-06-02 01:09:22','2023-06-02 01:09:22'),(1272,1,'en','core/setting/setting','general.cache_time_site_map','Cache Time Site map (minutes)','2023-06-02 01:09:22','2023-06-02 01:09:22'),(1273,1,'en','core/setting/setting','general.admin_logo','Admin logo','2023-06-02 01:09:22','2023-06-02 01:09:22'),(1274,1,'en','core/setting/setting','general.admin_favicon','Admin favicon','2023-06-02 01:09:22','2023-06-02 01:09:22'),(1275,1,'en','core/setting/setting','general.admin_title','Admin title','2023-06-02 01:09:22','2023-06-02 01:09:22'),(1276,1,'en','core/setting/setting','general.admin_title_placeholder','Title show to tab of browser','2023-06-02 01:09:22','2023-06-02 01:09:22'),(1277,1,'en','core/setting/setting','general.cache_block','Cache','2023-06-02 01:09:22','2023-06-02 01:09:22'),(1278,1,'en','core/setting/setting','general.admin_appearance_title','Admin appearance','2023-06-02 01:09:22','2023-06-02 01:09:22'),(1279,1,'en','core/setting/setting','general.admin_appearance_description','Setting admin appearance such as editor, language...','2023-06-02 01:09:22','2023-06-02 01:09:22'),(1280,1,'en','core/setting/setting','general.seo_block_description','Setting site title, site meta description, site keyword for optimize SEO','2023-06-02 01:09:22','2023-06-02 01:09:22'),(1281,1,'en','core/setting/setting','general.webmaster_tools_description','Google Webmaster Tools (GWT) is free software that helps you manage the technical side of your website','2023-06-02 01:09:22','2023-06-02 01:09:22'),(1282,1,'en','core/setting/setting','general.cache_description','Config cache for system for optimize speed','2023-06-02 01:09:22','2023-06-02 01:09:22'),(1283,1,'en','core/setting/setting','general.yes','Yes','2023-06-02 01:09:22','2023-06-02 01:09:22'),(1284,1,'en','core/setting/setting','general.no','No','2023-06-02 01:09:22','2023-06-02 01:09:22'),(1285,1,'en','core/setting/setting','general.show_on_front','Your homepage displays','2023-06-02 01:09:22','2023-06-02 01:09:22'),(1286,1,'en','core/setting/setting','general.select','— Select —','2023-06-02 01:09:22','2023-06-02 01:09:22'),(1287,1,'en','core/setting/setting','general.show_site_name','Show site name after page title, separate with \"-\"?','2023-06-02 01:09:22','2023-06-02 01:09:22'),(1288,1,'en','core/setting/setting','general.locale','Site language','2023-06-02 01:09:22','2023-06-02 01:09:22'),(1289,1,'en','core/setting/setting','general.locale_direction','Front site language direction','2023-06-02 01:09:22','2023-06-02 01:09:22'),(1290,1,'en','core/setting/setting','general.admin_locale_direction','Admin language direction','2023-06-02 01:09:22','2023-06-02 01:09:22'),(1291,1,'en','core/setting/setting','general.admin_login_screen_backgrounds','Login screen backgrounds (~1366x768)','2023-06-02 01:09:22','2023-06-02 01:09:22'),(1292,1,'en','core/setting/setting','general.minutes','minutes','2023-06-02 01:09:22','2023-06-02 01:09:22'),(1293,1,'en','core/setting/setting','email.subject','Subject','2023-06-02 01:09:22','2023-06-02 01:09:22'),(1294,1,'en','core/setting/setting','email.content','Content','2023-06-02 01:09:22','2023-06-02 01:09:22'),(1295,1,'en','core/setting/setting','email.title','Setting for email template','2023-06-02 01:09:22','2023-06-02 01:09:22'),(1296,1,'en','core/setting/setting','email.description','Email template using HTML & system variables.','2023-06-02 01:09:22','2023-06-02 01:09:22'),(1297,1,'en','core/setting/setting','email.reset_to_default','Reset to default','2023-06-02 01:09:22','2023-06-02 01:09:22'),(1298,1,'en','core/setting/setting','email.back','Back to settings','2023-06-02 01:09:22','2023-06-02 01:09:22'),(1299,1,'en','core/setting/setting','email.reset_success','Reset back to default successfully','2023-06-02 01:09:22','2023-06-02 01:09:22'),(1300,1,'en','core/setting/setting','email.confirm_reset','Confirm reset email template?','2023-06-02 01:09:22','2023-06-02 01:09:22'),(1301,1,'en','core/setting/setting','email.confirm_message','Do you really want to reset this email template to default?','2023-06-02 01:09:22','2023-06-02 01:09:22'),(1302,1,'en','core/setting/setting','email.continue','Continue','2023-06-02 01:09:22','2023-06-02 01:09:22'),(1303,1,'en','core/setting/setting','email.sender_name','Sender name','2023-06-02 01:09:22','2023-06-02 01:09:22'),(1304,1,'en','core/setting/setting','email.sender_name_placeholder','Name','2023-06-02 01:09:22','2023-06-02 01:09:22'),(1305,1,'en','core/setting/setting','email.sender_email','Sender email','2023-06-02 01:09:22','2023-06-02 01:09:22'),(1306,1,'en','core/setting/setting','email.mailer','Mailer','2023-06-02 01:09:22','2023-06-02 01:09:22'),(1307,1,'en','core/setting/setting','email.port','Port','2023-06-02 01:09:22','2023-06-02 01:09:22'),(1308,1,'en','core/setting/setting','email.port_placeholder','Ex: 587','2023-06-02 01:09:22','2023-06-02 01:09:22'),(1309,1,'en','core/setting/setting','email.host','Host','2023-06-02 01:09:22','2023-06-02 01:09:22'),(1310,1,'en','core/setting/setting','email.host_placeholder','Ex: smtp.gmail.com','2023-06-02 01:09:22','2023-06-02 01:09:22'),(1311,1,'en','core/setting/setting','email.username','Username','2023-06-02 01:09:22','2023-06-02 01:09:22'),(1312,1,'en','core/setting/setting','email.username_placeholder','Username to login to mail server','2023-06-02 01:09:22','2023-06-02 01:09:22'),(1313,1,'en','core/setting/setting','email.password','Password','2023-06-02 01:09:22','2023-06-02 01:09:22'),(1314,1,'en','core/setting/setting','email.password_placeholder','Password to login to mail server','2023-06-02 01:09:22','2023-06-02 01:09:22'),(1315,1,'en','core/setting/setting','email.encryption','Encryption','2023-06-02 01:09:22','2023-06-02 01:09:22'),(1316,1,'en','core/setting/setting','email.mail_gun_domain','Domain','2023-06-02 01:09:22','2023-06-02 01:09:22'),(1317,1,'en','core/setting/setting','email.mail_gun_domain_placeholder','Domain','2023-06-02 01:09:22','2023-06-02 01:09:22'),(1318,1,'en','core/setting/setting','email.mail_gun_secret','Secret','2023-06-02 01:09:22','2023-06-02 01:09:22'),(1319,1,'en','core/setting/setting','email.mail_gun_secret_placeholder','Secret','2023-06-02 01:09:22','2023-06-02 01:09:22'),(1320,1,'en','core/setting/setting','email.mail_gun_endpoint','Endpoint','2023-06-02 01:09:22','2023-06-02 01:09:22'),(1321,1,'en','core/setting/setting','email.mail_gun_endpoint_placeholder','Endpoint','2023-06-02 01:09:22','2023-06-02 01:09:22'),(1322,1,'en','core/setting/setting','email.log_channel','Log channel','2023-06-02 01:09:22','2023-06-02 01:09:22'),(1323,1,'en','core/setting/setting','email.sendmail_path','Sendmail Path','2023-06-02 01:09:22','2023-06-02 01:09:22'),(1324,1,'en','core/setting/setting','email.encryption_placeholder','Encryption: ssl or tls','2023-06-02 01:09:22','2023-06-02 01:09:22'),(1325,1,'en','core/setting/setting','email.ses_key','Key','2023-06-02 01:09:22','2023-06-02 01:09:22'),(1326,1,'en','core/setting/setting','email.ses_key_placeholder','Key','2023-06-02 01:09:22','2023-06-02 01:09:22'),(1327,1,'en','core/setting/setting','email.ses_secret','Secret','2023-06-02 01:09:22','2023-06-02 01:09:22'),(1328,1,'en','core/setting/setting','email.ses_secret_placeholder','Secret','2023-06-02 01:09:22','2023-06-02 01:09:22'),(1329,1,'en','core/setting/setting','email.ses_region','Region','2023-06-02 01:09:22','2023-06-02 01:09:22'),(1330,1,'en','core/setting/setting','email.ses_region_placeholder','Region','2023-06-02 01:09:22','2023-06-02 01:09:22'),(1331,1,'en','core/setting/setting','email.postmark_token','Token','2023-06-02 01:09:22','2023-06-02 01:09:22'),(1332,1,'en','core/setting/setting','email.postmark_token_placeholder','Token','2023-06-02 01:09:22','2023-06-02 01:09:22'),(1333,1,'en','core/setting/setting','email.template_title','Email templates','2023-06-02 01:09:22','2023-06-02 01:09:22'),(1334,1,'en','core/setting/setting','email.template_description','Base templates for all emails','2023-06-02 01:09:22','2023-06-02 01:09:22'),(1335,1,'en','core/setting/setting','email.template_header','Email template header','2023-06-02 01:09:22','2023-06-02 01:09:22'),(1336,1,'en','core/setting/setting','email.template_header_description','Template for header of emails','2023-06-02 01:09:22','2023-06-02 01:09:22'),(1337,1,'en','core/setting/setting','email.template_footer','Email template footer','2023-06-02 01:09:22','2023-06-02 01:09:22'),(1338,1,'en','core/setting/setting','email.template_footer_description','Template for footer of emails','2023-06-02 01:09:22','2023-06-02 01:09:22'),(1339,1,'en','core/setting/setting','email.default','Default','2023-06-02 01:09:22','2023-06-02 01:09:22'),(1340,1,'en','core/setting/setting','media.title','Media','2023-06-02 01:09:22','2023-06-02 01:09:22'),(1341,1,'en','core/setting/setting','media.driver','Driver','2023-06-02 01:09:22','2023-06-02 01:09:22'),(1342,1,'en','core/setting/setting','media.description','Settings for media','2023-06-02 01:09:22','2023-06-02 01:09:22'),(1343,1,'en','core/setting/setting','media.aws_access_key_id','AWS Access Key ID','2023-06-02 01:09:22','2023-06-02 01:09:22'),(1344,1,'en','core/setting/setting','media.aws_secret_key','AWS Secret Key','2023-06-02 01:09:22','2023-06-02 01:09:22'),(1345,1,'en','core/setting/setting','media.aws_default_region','AWS Default Region','2023-06-02 01:09:22','2023-06-02 01:09:22'),(1346,1,'en','core/setting/setting','media.aws_bucket','AWS Bucket','2023-06-02 01:09:22','2023-06-02 01:09:22'),(1347,1,'en','core/setting/setting','media.aws_url','AWS URL','2023-06-02 01:09:22','2023-06-02 01:09:22'),(1348,1,'en','core/setting/setting','media.aws_endpoint','AWS Endpoint (Optional)','2023-06-02 01:09:22','2023-06-02 01:09:22'),(1349,1,'en','core/setting/setting','media.do_spaces_access_key_id','DO Spaces Access Key ID','2023-06-02 01:09:22','2023-06-02 01:09:22'),(1350,1,'en','core/setting/setting','media.do_spaces_secret_key','DO Spaces Secret Key','2023-06-02 01:09:22','2023-06-02 01:09:22'),(1351,1,'en','core/setting/setting','media.do_spaces_default_region','DO Spaces Default Region','2023-06-02 01:09:22','2023-06-02 01:09:22'),(1352,1,'en','core/setting/setting','media.do_spaces_bucket','DO Spaces Bucket','2023-06-02 01:09:22','2023-06-02 01:09:22'),(1353,1,'en','core/setting/setting','media.do_spaces_endpoint','DO Spaces Endpoint','2023-06-02 01:09:22','2023-06-02 01:09:22'),(1354,1,'en','core/setting/setting','media.do_spaces_cdn_enabled','Is DO Spaces CDN enabled?','2023-06-02 01:09:22','2023-06-02 01:09:22'),(1355,1,'en','core/setting/setting','media.media_do_spaces_cdn_custom_domain','Do Spaces CDN custom domain','2023-06-02 01:09:22','2023-06-02 01:09:22'),(1356,1,'en','core/setting/setting','media.media_do_spaces_cdn_custom_domain_placeholder','https://your-custom-domain.com','2023-06-02 01:09:22','2023-06-02 01:09:22'),(1357,1,'en','core/setting/setting','media.wasabi_access_key_id','Wasabi Access Key ID','2023-06-02 01:09:22','2023-06-02 01:09:22'),(1358,1,'en','core/setting/setting','media.wasabi_secret_key','Wasabi Secret Key','2023-06-02 01:09:22','2023-06-02 01:09:22'),(1359,1,'en','core/setting/setting','media.wasabi_default_region','Wasabi Default Region','2023-06-02 01:09:22','2023-06-02 01:09:22'),(1360,1,'en','core/setting/setting','media.wasabi_bucket','Wasabi Bucket','2023-06-02 01:09:22','2023-06-02 01:09:22'),(1361,1,'en','core/setting/setting','media.wasabi_root','Wasabi Root','2023-06-02 01:09:22','2023-06-02 01:09:22'),(1362,1,'en','core/setting/setting','media.default_placeholder_image','Default placeholder image','2023-06-02 01:09:22','2023-06-02 01:09:22'),(1363,1,'en','core/setting/setting','media.enable_chunk','Enable chunk size upload?','2023-06-02 01:09:22','2023-06-02 01:09:22'),(1364,1,'en','core/setting/setting','media.chunk_size','Chunk size (Bytes)','2023-06-02 01:09:22','2023-06-02 01:09:22'),(1365,1,'en','core/setting/setting','media.chunk_size_placeholder','Default: 1048576 ~ 1MB','2023-06-02 01:09:22','2023-06-02 01:09:22'),(1366,1,'en','core/setting/setting','media.max_file_size','Chunk max file size (MB)','2023-06-02 01:09:22','2023-06-02 01:09:22'),(1367,1,'en','core/setting/setting','media.max_file_size_placeholder','Default: 1048576 ~ 1GB','2023-06-02 01:09:22','2023-06-02 01:09:22'),(1368,1,'en','core/setting/setting','media.enable_watermark','Enable watermark?','2023-06-02 01:09:22','2023-06-02 01:09:22'),(1369,1,'en','core/setting/setting','media.watermark_source','Watermark image','2023-06-02 01:09:22','2023-06-02 01:09:22'),(1370,1,'en','core/setting/setting','media.watermark_size','Size of watermark (%)','2023-06-02 01:09:22','2023-06-02 01:09:22'),(1371,1,'en','core/setting/setting','media.watermark_size_placeholder','Default: 10 (%)','2023-06-02 01:09:23','2023-06-02 01:09:23'),(1372,1,'en','core/setting/setting','media.watermark_opacity','Watermark Opacity (%)','2023-06-02 01:09:23','2023-06-02 01:09:23'),(1373,1,'en','core/setting/setting','media.watermark_opacity_placeholder','Default: 70 (%)','2023-06-02 01:09:23','2023-06-02 01:09:23'),(1374,1,'en','core/setting/setting','media.watermark_position','Watermark position','2023-06-02 01:09:23','2023-06-02 01:09:23'),(1375,1,'en','core/setting/setting','media.watermark_position_x','Watermark position X','2023-06-02 01:09:23','2023-06-02 01:09:23'),(1376,1,'en','core/setting/setting','media.watermark_position_y','Watermark position Y','2023-06-02 01:09:23','2023-06-02 01:09:23'),(1377,1,'en','core/setting/setting','media.watermark_position_top_left','Top left','2023-06-02 01:09:23','2023-06-02 01:09:23'),(1378,1,'en','core/setting/setting','media.watermark_position_top_right','Top right','2023-06-02 01:09:23','2023-06-02 01:09:23'),(1379,1,'en','core/setting/setting','media.watermark_position_bottom_left','Bottom left','2023-06-02 01:09:23','2023-06-02 01:09:23'),(1380,1,'en','core/setting/setting','media.watermark_position_bottom_right','Bottom right','2023-06-02 01:09:23','2023-06-02 01:09:23'),(1381,1,'en','core/setting/setting','media.watermark_position_center','Center','2023-06-02 01:09:23','2023-06-02 01:09:23'),(1382,1,'en','core/setting/setting','media.turn_off_automatic_url_translation_into_latin','Turn off automatic URL translation into Latin?','2023-06-02 01:09:23','2023-06-02 01:09:23'),(1383,1,'en','core/setting/setting','media.bunnycdn_hostname','Hostname','2023-06-02 01:09:23','2023-06-02 01:09:23'),(1384,1,'en','core/setting/setting','media.bunnycdn_zone','Zone Name (The name of your storage zone)','2023-06-02 01:09:23','2023-06-02 01:09:23'),(1385,1,'en','core/setting/setting','media.bunnycdn_key','FTP & API Access Password (The storage zone API Access Password)','2023-06-02 01:09:23','2023-06-02 01:09:23'),(1386,1,'en','core/setting/setting','media.bunnycdn_region','Region (The storage zone region)','2023-06-02 01:09:23','2023-06-02 01:09:23'),(1387,1,'en','core/setting/setting','media.optional','Optional','2023-06-02 01:09:23','2023-06-02 01:09:23'),(1388,1,'en','core/setting/setting','media.sizes','Media thumbnails sizes','2023-06-02 01:09:23','2023-06-02 01:09:23'),(1389,1,'en','core/setting/setting','media.media_sizes_helper','Set width or height to 0 if you just want to crop by width or height. Need to click on \"Generate thumbnails\" to apply changes.','2023-06-02 01:09:23','2023-06-02 01:09:23'),(1390,1,'en','core/setting/setting','media.width','Width','2023-06-02 01:09:23','2023-06-02 01:09:23'),(1391,1,'en','core/setting/setting','media.height','Height','2023-06-02 01:09:23','2023-06-02 01:09:23'),(1392,1,'en','core/setting/setting','media.default_size_value','Default: :size','2023-06-02 01:09:23','2023-06-02 01:09:23'),(1393,1,'en','core/setting/setting','media.all','All','2023-06-02 01:09:23','2023-06-02 01:09:23'),(1394,1,'en','core/setting/setting','media.media_folders_can_add_watermark','Add watermark for images in folders:','2023-06-02 01:09:23','2023-06-02 01:09:23'),(1395,1,'en','core/setting/setting','media.max_upload_filesize','Max upload filesize (MB)','2023-06-02 01:09:23','2023-06-02 01:09:23'),(1396,1,'en','core/setting/setting','media.max_upload_filesize_placeholder','Default: :size, must less than :size.','2023-06-02 01:09:23','2023-06-02 01:09:23'),(1397,1,'en','core/setting/setting','media.max_upload_filesize_helper','Your server allows to upload files maximum :size, you can change this value to limit upload filesize.','2023-06-02 01:09:23','2023-06-02 01:09:23'),(1398,1,'en','core/setting/setting','media.image_processing_library','Image processing library','2023-06-02 01:09:23','2023-06-02 01:09:23'),(1399,1,'en','core/setting/setting','license.purchase_code','Purchase code','2023-06-02 01:09:23','2023-06-02 01:09:23'),(1400,1,'en','core/setting/setting','license.buyer','Buyer','2023-06-02 01:09:23','2023-06-02 01:09:23'),(1401,1,'en','core/setting/setting','field_type_not_exists','This field type does not exist','2023-06-02 01:09:23','2023-06-02 01:09:23'),(1402,1,'en','core/setting/setting','save_settings','Save settings','2023-06-02 01:09:23','2023-06-02 01:09:23'),(1403,1,'en','core/setting/setting','template','Template','2023-06-02 01:09:23','2023-06-02 01:09:23'),(1404,1,'en','core/setting/setting','description','Description','2023-06-02 01:09:23','2023-06-02 01:09:23'),(1405,1,'en','core/setting/setting','enable','Enable','2023-06-02 01:09:23','2023-06-02 01:09:23'),(1406,1,'en','core/setting/setting','send','Send','2023-06-02 01:09:23','2023-06-02 01:09:23'),(1407,1,'en','core/setting/setting','test_email_description','To send test email, please make sure you are updated configuration to send mail!','2023-06-02 01:09:23','2023-06-02 01:09:23'),(1408,1,'en','core/setting/setting','test_email_input_placeholder','Enter the email which you want to send test email.','2023-06-02 01:09:23','2023-06-02 01:09:23'),(1409,1,'en','core/setting/setting','test_email_modal_title','Send a test email','2023-06-02 01:09:23','2023-06-02 01:09:23'),(1410,1,'en','core/setting/setting','test_send_mail','Send test mail','2023-06-02 01:09:23','2023-06-02 01:09:23'),(1411,1,'en','core/setting/setting','test_email_send_success','Send email successfully!','2023-06-02 01:09:23','2023-06-02 01:09:23'),(1412,1,'en','core/setting/setting','locale_direction_ltr','Left to Right','2023-06-02 01:09:23','2023-06-02 01:09:23'),(1413,1,'en','core/setting/setting','locale_direction_rtl','Right to Left','2023-06-02 01:09:23','2023-06-02 01:09:23'),(1414,1,'en','core/setting/setting','saving','Saving...','2023-06-02 01:09:23','2023-06-02 01:09:23'),(1415,1,'en','core/setting/setting','emails_warning','You can add up to :count emails','2023-06-02 01:09:23','2023-06-02 01:09:23'),(1416,1,'en','core/setting/setting','email_add_more','Add more','2023-06-02 01:09:23','2023-06-02 01:09:23'),(1417,1,'en','core/setting/setting','generate','Generate','2023-06-02 01:09:23','2023-06-02 01:09:23'),(1418,1,'en','core/setting/setting','generate_thumbnails','Generate thumbnails','2023-06-02 01:09:23','2023-06-02 01:09:23'),(1419,1,'en','core/setting/setting','generate_thumbnails_success','Generate thumbnails successfully. :count files are generated!','2023-06-02 01:09:23','2023-06-02 01:09:23'),(1420,1,'en','core/setting/setting','generate_thumbnails_error','We are unable to regenerate thumbnail for these files :count files!','2023-06-02 01:09:23','2023-06-02 01:09:23'),(1421,1,'en','core/setting/setting','generate_thumbnails_description','Are you sure you want to re-generate thumbnails for all images? It will take time so please DO NOT leave this page, wait until it is finished.','2023-06-02 01:09:23','2023-06-02 01:09:23'),(1422,1,'en','core/setting/setting','enable_chunk_description','Chunk size upload is used to upload large file size.','2023-06-02 01:09:23','2023-06-02 01:09:23'),(1423,1,'en','core/setting/setting','watermark_description','WARNING: Watermark is just added to new uploaded images, it won\'t be added to existing images. Disable watermark won\'t remove watermark from existing images.','2023-06-02 01:09:23','2023-06-02 01:09:23'),(1424,1,'en','core/setting/setting','submit','Submit','2023-06-02 01:09:23','2023-06-02 01:09:23'),(1425,1,'en','core/setting/setting','back','Back','2023-06-02 01:09:23','2023-06-02 01:09:23'),(1426,1,'en','core/setting/setting','enter_sample_value','Enter sample values for testing','2023-06-02 01:09:23','2023-06-02 01:09:23'),(1427,1,'en','core/setting/setting','preview','Preview','2023-06-02 01:09:23','2023-06-02 01:09:23'),(1428,1,'en','core/setting/setting','media_size_width',':size size width must be greater than 0','2023-06-02 01:09:23','2023-06-02 01:09:23'),(1429,1,'en','core/setting/setting','media_size_height',':size size height must be greater than 0','2023-06-02 01:09:23','2023-06-02 01:09:23'),(1430,1,'vi','core/setting/setting','title','Cài đặt','2023-06-02 01:09:23','2023-06-02 01:09:23'),(1431,1,'vi','core/setting/setting','general.theme','Giao diện','2023-06-02 01:09:23','2023-06-02 01:09:23'),(1432,1,'vi','core/setting/setting','general.description','Cấu hình những thông tin cài đặt website.','2023-06-02 01:09:23','2023-06-02 01:09:23'),(1433,1,'vi','core/setting/setting','general.title','Thông tin chung','2023-06-02 01:09:23','2023-06-02 01:09:23'),(1434,1,'vi','core/setting/setting','general.general_block','Thông tin chung','2023-06-02 01:09:23','2023-06-02 01:09:23'),(1435,1,'vi','core/setting/setting','general.site_title','Tên trang','2023-06-02 01:09:23','2023-06-02 01:09:23'),(1436,1,'vi','core/setting/setting','general.admin_email','Email quản trị viên','2023-06-02 01:09:23','2023-06-02 01:09:23'),(1437,1,'vi','core/setting/setting','general.seo_block','Cấu hình SEO','2023-06-02 01:09:23','2023-06-02 01:09:23'),(1438,1,'vi','core/setting/setting','general.seo_title','Tiêu đề SEO','2023-06-02 01:09:23','2023-06-02 01:09:23'),(1439,1,'vi','core/setting/setting','general.seo_description','Mô tả SEO','2023-06-02 01:09:23','2023-06-02 01:09:23'),(1440,1,'vi','core/setting/setting','general.webmaster_tools_block','Google Webmaster Tools','2023-06-02 01:09:23','2023-06-02 01:09:23'),(1441,1,'vi','core/setting/setting','general.placeholder.site_title','Tên trang (tối đa 120 kí tự)','2023-06-02 01:09:23','2023-06-02 01:09:23'),(1442,1,'vi','core/setting/setting','general.placeholder.admin_email','Admin Email','2023-06-02 01:09:23','2023-06-02 01:09:23'),(1443,1,'vi','core/setting/setting','general.placeholder.google_analytics','Ví dụ: UA-42767940-2','2023-06-02 01:09:23','2023-06-02 01:09:23'),(1444,1,'vi','core/setting/setting','general.placeholder.seo_title','Tiêu đề SEO (tối đa 120 kí tự)','2023-06-02 01:09:23','2023-06-02 01:09:23'),(1445,1,'vi','core/setting/setting','general.placeholder.seo_description','Mô tả SEO (tối đa 120 kí tự)','2023-06-02 01:09:23','2023-06-02 01:09:23'),(1446,1,'vi','core/setting/setting','general.enable_change_admin_theme','Cho phép thay đổi giao diện quản trị?','2023-06-02 01:09:23','2023-06-02 01:09:23'),(1447,1,'vi','core/setting/setting','general.enable','Bật','2023-06-02 01:09:23','2023-06-02 01:09:23'),(1448,1,'vi','core/setting/setting','general.disable','Tắt','2023-06-02 01:09:23','2023-06-02 01:09:23'),(1449,1,'vi','core/setting/setting','general.enable_cache','Bật bộ nhớ đệm?','2023-06-02 01:09:23','2023-06-02 01:09:23'),(1450,1,'vi','core/setting/setting','general.cache_time','Thời gian lưu bộ nhớ đệm (phút)','2023-06-02 01:09:23','2023-06-02 01:09:23'),(1451,1,'vi','core/setting/setting','general.cache_time_site_map','Thời gian lưu sơ đồ trang trong bộ nhớ đệm','2023-06-02 01:09:23','2023-06-02 01:09:23'),(1452,1,'vi','core/setting/setting','general.admin_logo','Logo trang quản trị','2023-06-02 01:09:23','2023-06-02 01:09:23'),(1453,1,'vi','core/setting/setting','general.admin_title','Tiêu đề trang quản trị','2023-06-02 01:09:23','2023-06-02 01:09:23'),(1454,1,'vi','core/setting/setting','general.admin_title_placeholder','Tiêu đề hiển thị trên thẻ trình duyệt','2023-06-02 01:09:23','2023-06-02 01:09:23'),(1455,1,'vi','core/setting/setting','general.rich_editor','Bộ soạn thảo văn bản','2023-06-02 01:09:23','2023-06-02 01:09:23'),(1456,1,'vi','core/setting/setting','general.cache_block','Bộ nhớ đệm','2023-06-02 01:09:23','2023-06-02 01:09:23'),(1457,1,'vi','core/setting/setting','general.yes','Bật','2023-06-02 01:09:23','2023-06-02 01:09:23'),(1458,1,'vi','core/setting/setting','general.no','Tắt','2023-06-02 01:09:23','2023-06-02 01:09:23'),(1459,1,'vi','core/setting/setting','general.locale','Ngôn ngữ','2023-06-02 01:09:23','2023-06-02 01:09:23'),(1460,1,'vi','core/setting/setting','general.admin_appearance_description','Setting admin appearance such as editor, language...','2023-06-02 01:09:23','2023-06-02 01:09:23'),(1461,1,'vi','core/setting/setting','general.admin_appearance_title','Admin appearance','2023-06-02 01:09:23','2023-06-02 01:09:23'),(1462,1,'vi','core/setting/setting','general.admin_login_screen_backgrounds','Login screen backgrounds (~1366x768)','2023-06-02 01:09:23','2023-06-02 01:09:23'),(1463,1,'vi','core/setting/setting','general.admin_favicon','Admin favicon','2023-06-02 01:09:23','2023-06-02 01:09:23'),(1464,1,'vi','core/setting/setting','general.cache_admin_menu','Cache admin menu?','2023-06-02 01:09:23','2023-06-02 01:09:23'),(1465,1,'vi','core/setting/setting','general.cache_description','Config cache for system for optimize speed','2023-06-02 01:09:23','2023-06-02 01:09:23'),(1466,1,'vi','core/setting/setting','general.default_admin_theme','Default admin theme','2023-06-02 01:09:23','2023-06-02 01:09:23'),(1467,1,'vi','core/setting/setting','general.enable_send_error_reporting_via_email','Enable to send error reporting via email?','2023-06-02 01:09:23','2023-06-02 01:09:23'),(1468,1,'vi','core/setting/setting','general.locale_direction','Hướng chữ viết','2023-06-02 01:09:23','2023-06-02 01:09:23'),(1469,1,'vi','core/setting/setting','general.select','-- Lựa chọn --','2023-06-02 01:09:23','2023-06-02 01:09:23'),(1470,1,'vi','core/setting/setting','general.seo_block_description','Setting site title, site meta description, site keyword for optimize SEO','2023-06-02 01:09:23','2023-06-02 01:09:23'),(1471,1,'vi','core/setting/setting','general.show_on_front','Thiết lập trang chủ','2023-06-02 01:09:23','2023-06-02 01:09:23'),(1472,1,'vi','core/setting/setting','general.show_site_name','Hiển thị tên trang web sau tiêu đề trang, tách biệt bằng \"-\"?','2023-06-02 01:09:23','2023-06-02 01:09:23'),(1473,1,'vi','core/setting/setting','general.time_zone','Múi giờ','2023-06-02 01:09:23','2023-06-02 01:09:23'),(1474,1,'vi','core/setting/setting','general.webmaster_tools_description','Công cụ quản trị trang web của Google (GWT) là phần mềm miễn phí giúp bạn quản lý khía cạnh kỹ thuật của trang web của mình','2023-06-02 01:09:23','2023-06-02 01:09:23'),(1475,1,'vi','core/setting/setting','email.subject','Tiêu đề','2023-06-02 01:09:23','2023-06-02 01:09:23'),(1476,1,'vi','core/setting/setting','email.content','Nội dung','2023-06-02 01:09:23','2023-06-02 01:09:23'),(1477,1,'vi','core/setting/setting','email.title','Cấu hình email template','2023-06-02 01:09:23','2023-06-02 01:09:23'),(1478,1,'vi','core/setting/setting','email.description','Cấu trúc file template sử dụng HTML và các biến trong hệ thống.','2023-06-02 01:09:23','2023-06-02 01:09:23'),(1479,1,'vi','core/setting/setting','email.reset_to_default','Khôi phục về mặc định','2023-06-02 01:09:23','2023-06-02 01:09:23'),(1480,1,'vi','core/setting/setting','email.back','Trở lại trang cài đặt','2023-06-02 01:09:23','2023-06-02 01:09:23'),(1481,1,'vi','core/setting/setting','email.reset_success','Khôi phục mặc định thành công','2023-06-02 01:09:23','2023-06-02 01:09:23'),(1482,1,'vi','core/setting/setting','email.confirm_reset','Xác nhận khôi phục mặc định?','2023-06-02 01:09:23','2023-06-02 01:09:23'),(1483,1,'vi','core/setting/setting','email.confirm_message','Bạn có chắc chắn muốn khôi phục về bản mặc định?','2023-06-02 01:09:23','2023-06-02 01:09:23'),(1484,1,'vi','core/setting/setting','email.continue','Tiếp tục','2023-06-02 01:09:23','2023-06-02 01:09:23'),(1485,1,'vi','core/setting/setting','email.sender_name','Tên người gửi','2023-06-02 01:09:23','2023-06-02 01:09:23'),(1486,1,'vi','core/setting/setting','email.sender_name_placeholder','Tên','2023-06-02 01:09:23','2023-06-02 01:09:23'),(1487,1,'vi','core/setting/setting','email.sender_email','Email của người gửi','2023-06-02 01:09:23','2023-06-02 01:09:23'),(1488,1,'vi','core/setting/setting','email.mailer','Loại','2023-06-02 01:09:23','2023-06-02 01:09:23'),(1489,1,'vi','core/setting/setting','email.port','Cổng','2023-06-02 01:09:23','2023-06-02 01:09:23'),(1490,1,'vi','core/setting/setting','email.port_placeholder','Ví dụ: 587','2023-06-02 01:09:23','2023-06-02 01:09:23'),(1491,1,'vi','core/setting/setting','email.host','Máy chủ','2023-06-02 01:09:23','2023-06-02 01:09:23'),(1492,1,'vi','core/setting/setting','email.host_placeholder','Ví dụ: smtp.gmail.com','2023-06-02 01:09:23','2023-06-02 01:09:23'),(1493,1,'vi','core/setting/setting','email.username','Tên đăng nhập','2023-06-02 01:09:23','2023-06-02 01:09:23'),(1494,1,'vi','core/setting/setting','email.username_placeholder','Tên đăng nhập vào máy chủ mail','2023-06-02 01:09:23','2023-06-02 01:09:23'),(1495,1,'vi','core/setting/setting','email.password','Mật khẩu','2023-06-02 01:09:23','2023-06-02 01:09:23'),(1496,1,'vi','core/setting/setting','email.password_placeholder','Mật khẩu đăng nhập vào máy chủ mail','2023-06-02 01:09:23','2023-06-02 01:09:23'),(1497,1,'vi','core/setting/setting','email.encryption','Mã hoá','2023-06-02 01:09:23','2023-06-02 01:09:23'),(1498,1,'vi','core/setting/setting','email.mail_gun_domain','Tên miền','2023-06-02 01:09:23','2023-06-02 01:09:23'),(1499,1,'vi','core/setting/setting','email.mail_gun_domain_placeholder','Tên miền','2023-06-02 01:09:23','2023-06-02 01:09:23'),(1500,1,'vi','core/setting/setting','email.mail_gun_secret','Chuỗi bí mật','2023-06-02 01:09:23','2023-06-02 01:09:23'),(1501,1,'vi','core/setting/setting','email.mail_gun_secret_placeholder','Chuỗi bí mật','2023-06-02 01:09:23','2023-06-02 01:09:23'),(1502,1,'vi','core/setting/setting','email.template_title','Mẫu giao diện email','2023-06-02 01:09:23','2023-06-02 01:09:23'),(1503,1,'vi','core/setting/setting','email.template_description','Giao diện mặc định cho tất cả email','2023-06-02 01:09:23','2023-06-02 01:09:23'),(1504,1,'vi','core/setting/setting','email.template_header','Mẫu cho phần trên của email','2023-06-02 01:09:23','2023-06-02 01:09:23'),(1505,1,'vi','core/setting/setting','email.template_header_description','Phần trên của tất cả email','2023-06-02 01:09:23','2023-06-02 01:09:23'),(1506,1,'vi','core/setting/setting','email.template_footer','Mẫu cho phần dưới của email','2023-06-02 01:09:23','2023-06-02 01:09:23'),(1507,1,'vi','core/setting/setting','email.template_footer_description','Phần dưới của tất cả email','2023-06-02 01:09:23','2023-06-02 01:09:23'),(1508,1,'vi','core/setting/setting','email.default','Mặc định','2023-06-02 01:09:23','2023-06-02 01:09:23'),(1509,1,'vi','core/setting/setting','email.mail_gun_endpoint','Endpoint','2023-06-02 01:09:23','2023-06-02 01:09:23'),(1510,1,'vi','core/setting/setting','email.mail_gun_endpoint_placeholder','Endpoint','2023-06-02 01:09:23','2023-06-02 01:09:23'),(1511,1,'vi','core/setting/setting','email.postmark_token','Token','2023-06-02 01:09:23','2023-06-02 01:09:23'),(1512,1,'vi','core/setting/setting','email.postmark_token_placeholder','Token','2023-06-02 01:09:23','2023-06-02 01:09:23'),(1513,1,'vi','core/setting/setting','email.encryption_placeholder','Kiểu mã hóa: ssl hoặc tls','2023-06-02 01:09:23','2023-06-02 01:09:23'),(1514,1,'vi','core/setting/setting','email.log_channel','Phương thức log','2023-06-02 01:09:23','2023-06-02 01:09:23'),(1515,1,'vi','core/setting/setting','email.sendmail_path','Sendmail Path','2023-06-02 01:09:24','2023-06-02 01:09:24'),(1516,1,'vi','core/setting/setting','email.ses_key','Key','2023-06-02 01:09:24','2023-06-02 01:09:24'),(1517,1,'vi','core/setting/setting','email.ses_key_placeholder','Key','2023-06-02 01:09:24','2023-06-02 01:09:24'),(1518,1,'vi','core/setting/setting','email.ses_region','Region','2023-06-02 01:09:24','2023-06-02 01:09:24'),(1519,1,'vi','core/setting/setting','email.ses_region_placeholder','Region','2023-06-02 01:09:24','2023-06-02 01:09:24'),(1520,1,'vi','core/setting/setting','email.ses_secret','Secret','2023-06-02 01:09:24','2023-06-02 01:09:24'),(1521,1,'vi','core/setting/setting','email.ses_secret_placeholder','Secret','2023-06-02 01:09:24','2023-06-02 01:09:24'),(1522,1,'vi','core/setting/setting','email.using_queue_to_send_mail','Sử dụng job queue để gửi email (Trước tiên phải thiết lập Queue https://laravel.com/docs/queues#supervisor-configuration)','2023-06-02 01:09:24','2023-06-02 01:09:24'),(1523,1,'vi','core/setting/setting','save_settings','Lưu cài đặt','2023-06-02 01:09:24','2023-06-02 01:09:24'),(1524,1,'vi','core/setting/setting','template','Mẫu','2023-06-02 01:09:24','2023-06-02 01:09:24'),(1525,1,'vi','core/setting/setting','description','Mô tả','2023-06-02 01:09:24','2023-06-02 01:09:24'),(1526,1,'vi','core/setting/setting','enable','Bật','2023-06-02 01:09:24','2023-06-02 01:09:24'),(1527,1,'vi','core/setting/setting','test_send_mail','Gửi thử nghiệm','2023-06-02 01:09:24','2023-06-02 01:09:24'),(1528,1,'vi','core/setting/setting','email_setting_title','Cấu hình email','2023-06-02 01:09:24','2023-06-02 01:09:24'),(1529,1,'vi','core/setting/setting','field_type_not_exists','Loại field này không được hỗ trợ','2023-06-02 01:09:24','2023-06-02 01:09:24'),(1530,1,'vi','core/setting/setting','test_email_description','Để gửi email thử nghiệm, hãy đảm bảo rằng bạn đã cập nhật cấu hình để gửi thư!','2023-06-02 01:09:24','2023-06-02 01:09:24'),(1531,1,'vi','core/setting/setting','test_email_input_placeholder','Nhập email mà bạn muốn gửi email thử nghiệm.','2023-06-02 01:09:24','2023-06-02 01:09:24'),(1532,1,'vi','core/setting/setting','test_email_modal_title','Gửi một email thử nghiệm','2023-06-02 01:09:24','2023-06-02 01:09:24'),(1533,1,'vi','core/setting/setting','test_email_send_success','Gửi email thành công!','2023-06-02 01:09:24','2023-06-02 01:09:24'),(1534,1,'vi','core/setting/setting','send','Gửi','2023-06-02 01:09:24','2023-06-02 01:09:24'),(1535,1,'vi','core/setting/setting','license.buyer','Tên đăng nhập','2023-06-02 01:09:24','2023-06-02 01:09:24'),(1536,1,'vi','core/setting/setting','license.purchase_code','Purchase code','2023-06-02 01:09:24','2023-06-02 01:09:24'),(1537,1,'vi','core/setting/setting','locale_direction_ltr','Trái sang phải','2023-06-02 01:09:24','2023-06-02 01:09:24'),(1538,1,'vi','core/setting/setting','locale_direction_rtl','Phải sang trái','2023-06-02 01:09:24','2023-06-02 01:09:24'),(1539,1,'vi','core/setting/setting','media.aws_access_key_id','AWS Access Key ID','2023-06-02 01:09:24','2023-06-02 01:09:24'),(1540,1,'vi','core/setting/setting','media.aws_bucket','AWS Bucket','2023-06-02 01:09:24','2023-06-02 01:09:24'),(1541,1,'vi','core/setting/setting','media.aws_default_region','AWS Default Region','2023-06-02 01:09:24','2023-06-02 01:09:24'),(1542,1,'vi','core/setting/setting','media.aws_url','AWS URL','2023-06-02 01:09:24','2023-06-02 01:09:24'),(1543,1,'vi','core/setting/setting','media.aws_secret_key','AWS Secret Key','2023-06-02 01:09:24','2023-06-02 01:09:24'),(1544,1,'vi','core/setting/setting','media.chunk_size','Chunk size (Bytes)','2023-06-02 01:09:24','2023-06-02 01:09:24'),(1545,1,'vi','core/setting/setting','media.chunk_size_placeholder','Mặc định: 1048576 ~ 1MB','2023-06-02 01:09:24','2023-06-02 01:09:24'),(1546,1,'vi','core/setting/setting','media.do_spaces_access_key_id','DO Spaces Access Key ID','2023-06-02 01:09:24','2023-06-02 01:09:24'),(1547,1,'vi','core/setting/setting','media.description','Cài đặt cho media','2023-06-02 01:09:24','2023-06-02 01:09:24'),(1548,1,'vi','core/setting/setting','media.do_spaces_bucket','DO Spaces Bucket','2023-06-02 01:09:24','2023-06-02 01:09:24'),(1549,1,'vi','core/setting/setting','media.do_spaces_cdn_enabled','Bật DO Spaces CDN?','2023-06-02 01:09:24','2023-06-02 01:09:24'),(1550,1,'vi','core/setting/setting','media.do_spaces_default_region','DO Spaces Default Region','2023-06-02 01:09:24','2023-06-02 01:09:24'),(1551,1,'vi','core/setting/setting','media.do_spaces_endpoint','DO Spaces Endpoint','2023-06-02 01:09:24','2023-06-02 01:09:24'),(1552,1,'vi','core/setting/setting','media.do_spaces_secret_key','DO Spaces Secret Key','2023-06-02 01:09:24','2023-06-02 01:09:24'),(1553,1,'vi','core/setting/setting','media.driver','Driver','2023-06-02 01:09:24','2023-06-02 01:09:24'),(1554,1,'vi','core/setting/setting','media.enable_chunk','Bật chunk size upload?','2023-06-02 01:09:24','2023-06-02 01:09:24'),(1555,1,'vi','core/setting/setting','media.enable_watermark','Bật watermark?','2023-06-02 01:09:24','2023-06-02 01:09:24'),(1556,1,'vi','core/setting/setting','media.max_file_size','Chunk max file size (MB)','2023-06-02 01:09:24','2023-06-02 01:09:24'),(1557,1,'vi','core/setting/setting','media.max_file_size_placeholder','Mặc định: 1048576 ~ 1GB','2023-06-02 01:09:24','2023-06-02 01:09:24'),(1558,1,'vi','core/setting/setting','media.media_do_spaces_cdn_custom_domain','Do Spaces CDN custom domain','2023-06-02 01:09:24','2023-06-02 01:09:24'),(1559,1,'vi','core/setting/setting','media.media_do_spaces_cdn_custom_domain_placeholder','https://ten-mien-cua-ban.com','2023-06-02 01:09:24','2023-06-02 01:09:24'),(1560,1,'vi','core/setting/setting','media.title','Media','2023-06-02 01:09:24','2023-06-02 01:09:24'),(1561,1,'vi','core/setting/setting','media.watermark_opacity','Watermark Opacity (%)','2023-06-02 01:09:24','2023-06-02 01:09:24'),(1562,1,'vi','core/setting/setting','media.watermark_opacity_placeholder','Mặc định: 70 (%)','2023-06-02 01:09:24','2023-06-02 01:09:24'),(1563,1,'vi','core/setting/setting','media.watermark_position','Vị trí watermark','2023-06-02 01:09:24','2023-06-02 01:09:24'),(1564,1,'vi','core/setting/setting','media.watermark_position_bottom_left','Bên trái dưới cùng','2023-06-02 01:09:24','2023-06-02 01:09:24'),(1565,1,'vi','core/setting/setting','media.watermark_position_bottom_right','Bên phải dưới cùng','2023-06-02 01:09:24','2023-06-02 01:09:24'),(1566,1,'vi','core/setting/setting','media.watermark_position_center','Chính giữa','2023-06-02 01:09:24','2023-06-02 01:09:24'),(1567,1,'vi','core/setting/setting','media.watermark_position_top_left','Bên trái trên cùng','2023-06-02 01:09:24','2023-06-02 01:09:24'),(1568,1,'vi','core/setting/setting','media.watermark_position_top_right','Bên phải trên cùng','2023-06-02 01:09:24','2023-06-02 01:09:24'),(1569,1,'vi','core/setting/setting','media.watermark_position_x','Watermark position X','2023-06-02 01:09:24','2023-06-02 01:09:24'),(1570,1,'vi','core/setting/setting','media.watermark_position_y','Watermark position Y','2023-06-02 01:09:24','2023-06-02 01:09:24'),(1571,1,'vi','core/setting/setting','media.watermark_size','Kích thước của watermark (%)','2023-06-02 01:09:24','2023-06-02 01:09:24'),(1572,1,'vi','core/setting/setting','media.watermark_size_placeholder','Mặc định: 10 (%)','2023-06-02 01:09:24','2023-06-02 01:09:24'),(1573,1,'vi','core/setting/setting','media.watermark_source','Hình ảnh watermark','2023-06-02 01:09:24','2023-06-02 01:09:24'),(1574,1,'en','core/table/general','operations','Operations','2023-06-02 01:09:24','2023-06-02 01:09:24'),(1575,1,'en','core/table/general','loading_data','Loading data from server','2023-06-02 01:09:24','2023-06-02 01:09:24'),(1576,1,'en','core/table/general','display','Display','2023-06-02 01:09:24','2023-06-02 01:09:24'),(1577,1,'en','core/table/general','all','All','2023-06-02 01:09:24','2023-06-02 01:09:24'),(1578,1,'en','core/table/general','edit_entry','Edit','2023-06-02 01:09:24','2023-06-02 01:09:24'),(1579,1,'en','core/table/general','delete_entry','Delete','2023-06-02 01:09:24','2023-06-02 01:09:24'),(1580,1,'en','core/table/general','show_from','Showing from','2023-06-02 01:09:24','2023-06-02 01:09:24'),(1581,1,'en','core/table/general','to','to','2023-06-02 01:09:24','2023-06-02 01:09:24'),(1582,1,'en','core/table/general','in','in','2023-06-02 01:09:24','2023-06-02 01:09:24'),(1583,1,'en','core/table/general','records','records','2023-06-02 01:09:24','2023-06-02 01:09:24'),(1584,1,'en','core/table/general','no_data','No data to display','2023-06-02 01:09:24','2023-06-02 01:09:24'),(1585,1,'en','core/table/general','no_record','No record','2023-06-02 01:09:24','2023-06-02 01:09:24'),(1586,1,'en','core/table/general','loading','Loading data from server','2023-06-02 01:09:24','2023-06-02 01:09:24'),(1587,1,'en','core/table/general','confirm_delete','Confirm delete','2023-06-02 01:09:24','2023-06-02 01:09:24'),(1588,1,'en','core/table/general','confirm_delete_msg','Do you really want to delete this record?','2023-06-02 01:09:24','2023-06-02 01:09:24'),(1589,1,'en','core/table/general','cancel','Cancel','2023-06-02 01:09:24','2023-06-02 01:09:24'),(1590,1,'en','core/table/general','delete','Delete','2023-06-02 01:09:24','2023-06-02 01:09:24'),(1591,1,'en','core/table/general','close','Close','2023-06-02 01:09:24','2023-06-02 01:09:24'),(1592,1,'en','core/table/general','contains','Contains','2023-06-02 01:09:24','2023-06-02 01:09:24'),(1593,1,'en','core/table/general','is_equal_to','Is equal to','2023-06-02 01:09:24','2023-06-02 01:09:24'),(1594,1,'en','core/table/general','greater_than','Greater than','2023-06-02 01:09:24','2023-06-02 01:09:24'),(1595,1,'en','core/table/general','less_than','Less than','2023-06-02 01:09:24','2023-06-02 01:09:24'),(1596,1,'en','core/table/general','value','Value','2023-06-02 01:09:24','2023-06-02 01:09:24'),(1597,1,'en','core/table/general','select_field','Select field','2023-06-02 01:09:24','2023-06-02 01:09:24'),(1598,1,'en','core/table/general','reset','Reset','2023-06-02 01:09:24','2023-06-02 01:09:24'),(1599,1,'en','core/table/general','add_additional_filter','Add additional filter','2023-06-02 01:09:24','2023-06-02 01:09:24'),(1600,1,'en','core/table/general','apply','Apply','2023-06-02 01:09:24','2023-06-02 01:09:24'),(1601,1,'en','core/table/general','filters','Filters','2023-06-02 01:09:24','2023-06-02 01:09:24'),(1602,1,'en','core/table/general','bulk_change','Bulk changes','2023-06-02 01:09:24','2023-06-02 01:09:24'),(1603,1,'en','core/table/general','select_option','Select option','2023-06-02 01:09:24','2023-06-02 01:09:24'),(1604,1,'en','core/table/general','bulk_actions','Bulk Actions','2023-06-02 01:09:24','2023-06-02 01:09:24'),(1605,1,'en','core/table/general','save_bulk_change_success','Update data for selected record(s) successfully!','2023-06-02 01:09:24','2023-06-02 01:09:24'),(1606,1,'en','core/table/general','please_select_record','Please select at least one record to perform this action!','2023-06-02 01:09:24','2023-06-02 01:09:24'),(1607,1,'en','core/table/general','filtered','(filtered from _MAX_ total records)','2023-06-02 01:09:24','2023-06-02 01:09:24'),(1608,1,'en','core/table/general','search','Search...','2023-06-02 01:09:24','2023-06-02 01:09:24'),(1609,1,'en','core/table/table','operations','Operations','2023-06-02 01:09:24','2023-06-02 01:09:24'),(1610,1,'en','core/table/table','loading_data','Loading data from server','2023-06-02 01:09:24','2023-06-02 01:09:24'),(1611,1,'en','core/table/table','display','Display','2023-06-02 01:09:24','2023-06-02 01:09:24'),(1612,1,'en','core/table/table','all','All','2023-06-02 01:09:24','2023-06-02 01:09:24'),(1613,1,'en','core/table/table','edit_entry','Edit','2023-06-02 01:09:24','2023-06-02 01:09:24'),(1614,1,'en','core/table/table','delete_entry','Delete','2023-06-02 01:09:24','2023-06-02 01:09:24'),(1615,1,'en','core/table/table','show_from','Showing from','2023-06-02 01:09:24','2023-06-02 01:09:24'),(1616,1,'en','core/table/table','to','to','2023-06-02 01:09:24','2023-06-02 01:09:24'),(1617,1,'en','core/table/table','in','in','2023-06-02 01:09:24','2023-06-02 01:09:24'),(1618,1,'en','core/table/table','records','records','2023-06-02 01:09:24','2023-06-02 01:09:24'),(1619,1,'en','core/table/table','no_data','No data to display','2023-06-02 01:09:24','2023-06-02 01:09:24'),(1620,1,'en','core/table/table','no_record','No record','2023-06-02 01:09:24','2023-06-02 01:09:24'),(1621,1,'en','core/table/table','loading','Loading data from server','2023-06-02 01:09:24','2023-06-02 01:09:24'),(1622,1,'en','core/table/table','confirm_delete','Confirm delete','2023-06-02 01:09:24','2023-06-02 01:09:24'),(1623,1,'en','core/table/table','confirm_delete_msg','Do you really want to delete this record?','2023-06-02 01:09:24','2023-06-02 01:09:24'),(1624,1,'en','core/table/table','cancel','Cancel','2023-06-02 01:09:24','2023-06-02 01:09:24'),(1625,1,'en','core/table/table','delete','Delete','2023-06-02 01:09:24','2023-06-02 01:09:24'),(1626,1,'en','core/table/table','close','Close','2023-06-02 01:09:24','2023-06-02 01:09:24'),(1627,1,'en','core/table/table','contains','Contains','2023-06-02 01:09:24','2023-06-02 01:09:24'),(1628,1,'en','core/table/table','is_equal_to','Is equal to','2023-06-02 01:09:24','2023-06-02 01:09:24'),(1629,1,'en','core/table/table','greater_than','Greater than','2023-06-02 01:09:24','2023-06-02 01:09:24'),(1630,1,'en','core/table/table','less_than','Less than','2023-06-02 01:09:24','2023-06-02 01:09:24'),(1631,1,'en','core/table/table','value','Value','2023-06-02 01:09:24','2023-06-02 01:09:24'),(1632,1,'en','core/table/table','select_field','Select field','2023-06-02 01:09:24','2023-06-02 01:09:24'),(1633,1,'en','core/table/table','reset','Reset','2023-06-02 01:09:24','2023-06-02 01:09:24'),(1634,1,'en','core/table/table','add_additional_filter','Add additional filter','2023-06-02 01:09:24','2023-06-02 01:09:24'),(1635,1,'en','core/table/table','apply','Apply','2023-06-02 01:09:24','2023-06-02 01:09:24'),(1636,1,'en','core/table/table','filters','Filters','2023-06-02 01:09:24','2023-06-02 01:09:24'),(1637,1,'en','core/table/table','bulk_change','Bulk changes','2023-06-02 01:09:24','2023-06-02 01:09:24'),(1638,1,'en','core/table/table','select_option','Select option','2023-06-02 01:09:24','2023-06-02 01:09:24'),(1639,1,'en','core/table/table','bulk_actions','Bulk Actions','2023-06-02 01:09:24','2023-06-02 01:09:24'),(1640,1,'en','core/table/table','save_bulk_change_success','Update data for selected record(s) successfully!','2023-06-02 01:09:24','2023-06-02 01:09:24'),(1641,1,'en','core/table/table','please_select_record','Please select at least one record to perform this action!','2023-06-02 01:09:24','2023-06-02 01:09:24'),(1642,1,'en','core/table/table','filtered','(filtered from _MAX_ total records)','2023-06-02 01:09:24','2023-06-02 01:09:24'),(1643,1,'en','core/table/table','search','Search...','2023-06-02 01:09:24','2023-06-02 01:09:24'),(1644,1,'vi','core/table/general','operations','Hành động','2023-06-02 01:09:24','2023-06-02 01:09:24'),(1645,1,'vi','core/table/general','loading_data','Đang tải dữ liệu từ hệ thống','2023-06-02 01:09:24','2023-06-02 01:09:24'),(1646,1,'vi','core/table/general','display','Hiển thị','2023-06-02 01:09:24','2023-06-02 01:09:24'),(1647,1,'vi','core/table/general','all','Tất cả','2023-06-02 01:09:24','2023-06-02 01:09:24'),(1648,1,'vi','core/table/general','edit_entry','Sửa','2023-06-02 01:09:24','2023-06-02 01:09:24'),(1649,1,'vi','core/table/general','delete_entry','Xoá','2023-06-02 01:09:24','2023-06-02 01:09:24'),(1650,1,'vi','core/table/general','show_from','Hiển thị từ','2023-06-02 01:09:24','2023-06-02 01:09:24'),(1651,1,'vi','core/table/general','to','đến','2023-06-02 01:09:24','2023-06-02 01:09:24'),(1652,1,'vi','core/table/general','in','trong tổng số','2023-06-02 01:09:24','2023-06-02 01:09:24'),(1653,1,'vi','core/table/general','records','bản ghi','2023-06-02 01:09:24','2023-06-02 01:09:24'),(1654,1,'vi','core/table/general','no_data','Không có dữ liệu để hiển thị','2023-06-02 01:09:24','2023-06-02 01:09:24'),(1655,1,'vi','core/table/general','no_record','không có bản ghi nào','2023-06-02 01:09:25','2023-06-02 01:09:25'),(1656,1,'vi','core/table/general','loading','Đang tải dữ liệu từ hệ thống','2023-06-02 01:09:25','2023-06-02 01:09:25'),(1657,1,'vi','core/table/general','confirm_delete','Xác nhận xoá','2023-06-02 01:09:25','2023-06-02 01:09:25'),(1658,1,'vi','core/table/general','confirm_delete_msg','Bạn có chắc chắn muốn xoá bản ghi này?','2023-06-02 01:09:25','2023-06-02 01:09:25'),(1659,1,'vi','core/table/general','cancel','Huỷ bỏ','2023-06-02 01:09:25','2023-06-02 01:09:25'),(1660,1,'vi','core/table/general','delete','Xoá','2023-06-02 01:09:25','2023-06-02 01:09:25'),(1661,1,'vi','core/table/general','close','Đóng','2023-06-02 01:09:25','2023-06-02 01:09:25'),(1662,1,'vi','core/table/general','is_equal_to','Bằng với','2023-06-02 01:09:25','2023-06-02 01:09:25'),(1663,1,'vi','core/table/general','greater_than','Lớn hơn','2023-06-02 01:09:25','2023-06-02 01:09:25'),(1664,1,'vi','core/table/general','less_than','Nhỏ hơn','2023-06-02 01:09:25','2023-06-02 01:09:25'),(1665,1,'vi','core/table/general','value','Giá trị','2023-06-02 01:09:25','2023-06-02 01:09:25'),(1666,1,'vi','core/table/general','select_field','Chọn trường','2023-06-02 01:09:25','2023-06-02 01:09:25'),(1667,1,'vi','core/table/general','reset','Làm mới','2023-06-02 01:09:25','2023-06-02 01:09:25'),(1668,1,'vi','core/table/general','add_additional_filter','Thêm bộ lọc','2023-06-02 01:09:25','2023-06-02 01:09:25'),(1669,1,'vi','core/table/general','apply','Áp dụng','2023-06-02 01:09:25','2023-06-02 01:09:25'),(1670,1,'vi','core/table/general','select_option','Lựa chọn','2023-06-02 01:09:25','2023-06-02 01:09:25'),(1671,1,'vi','core/table/general','filters','Lọc dữ liệu','2023-06-02 01:09:25','2023-06-02 01:09:25'),(1672,1,'vi','core/table/general','bulk_change','Thay đổi hàng loạt','2023-06-02 01:09:25','2023-06-02 01:09:25'),(1673,1,'vi','core/table/general','bulk_actions','Hành động','2023-06-02 01:09:25','2023-06-02 01:09:25'),(1674,1,'vi','core/table/general','contains','Bao gồm','2023-06-02 01:09:25','2023-06-02 01:09:25'),(1675,1,'vi','core/table/general','filtered','(đã được lọc từ _MAX_ bản ghi)','2023-06-02 01:09:25','2023-06-02 01:09:25'),(1676,1,'vi','core/table/table','operations','Hành động','2023-06-02 01:09:25','2023-06-02 01:09:25'),(1677,1,'vi','core/table/table','loading_data','Đang tải dữ liệu từ hệ thống','2023-06-02 01:09:25','2023-06-02 01:09:25'),(1678,1,'vi','core/table/table','display','Hiển thị','2023-06-02 01:09:25','2023-06-02 01:09:25'),(1679,1,'vi','core/table/table','all','Tất cả','2023-06-02 01:09:25','2023-06-02 01:09:25'),(1680,1,'vi','core/table/table','edit_entry','Sửa','2023-06-02 01:09:25','2023-06-02 01:09:25'),(1681,1,'vi','core/table/table','delete_entry','Xoá','2023-06-02 01:09:25','2023-06-02 01:09:25'),(1682,1,'vi','core/table/table','show_from','Hiển thị từ','2023-06-02 01:09:25','2023-06-02 01:09:25'),(1683,1,'vi','core/table/table','to','đến','2023-06-02 01:09:25','2023-06-02 01:09:25'),(1684,1,'vi','core/table/table','in','trong tổng số','2023-06-02 01:09:25','2023-06-02 01:09:25'),(1685,1,'vi','core/table/table','records','bản ghi','2023-06-02 01:09:25','2023-06-02 01:09:25'),(1686,1,'vi','core/table/table','no_data','Không có dữ liệu để hiển thị','2023-06-02 01:09:25','2023-06-02 01:09:25'),(1687,1,'vi','core/table/table','no_record','không có bản ghi nào','2023-06-02 01:09:25','2023-06-02 01:09:25'),(1688,1,'vi','core/table/table','loading','Đang tải dữ liệu từ hệ thống','2023-06-02 01:09:25','2023-06-02 01:09:25'),(1689,1,'vi','core/table/table','confirm_delete','Xác nhận xoá','2023-06-02 01:09:25','2023-06-02 01:09:25'),(1690,1,'vi','core/table/table','confirm_delete_msg','Bạn có chắc chắn muốn xoá bản ghi này?','2023-06-02 01:09:25','2023-06-02 01:09:25'),(1691,1,'vi','core/table/table','cancel','Huỷ bỏ','2023-06-02 01:09:25','2023-06-02 01:09:25'),(1692,1,'vi','core/table/table','delete','Xoá','2023-06-02 01:09:25','2023-06-02 01:09:25'),(1693,1,'vi','core/table/table','close','Đóng','2023-06-02 01:09:25','2023-06-02 01:09:25'),(1694,1,'vi','core/table/table','is_equal_to','Bằng với','2023-06-02 01:09:25','2023-06-02 01:09:25'),(1695,1,'vi','core/table/table','greater_than','Lớn hơn','2023-06-02 01:09:25','2023-06-02 01:09:25'),(1696,1,'vi','core/table/table','less_than','Nhỏ hơn','2023-06-02 01:09:25','2023-06-02 01:09:25'),(1697,1,'vi','core/table/table','value','Giá trị','2023-06-02 01:09:25','2023-06-02 01:09:25'),(1698,1,'vi','core/table/table','select_field','Chọn trường','2023-06-02 01:09:25','2023-06-02 01:09:25'),(1699,1,'vi','core/table/table','reset','Làm mới','2023-06-02 01:09:25','2023-06-02 01:09:25'),(1700,1,'vi','core/table/table','add_additional_filter','Thêm bộ lọc','2023-06-02 01:09:25','2023-06-02 01:09:25'),(1701,1,'vi','core/table/table','apply','Áp dụng','2023-06-02 01:09:25','2023-06-02 01:09:25'),(1702,1,'vi','core/table/table','select_option','Lựa chọn','2023-06-02 01:09:25','2023-06-02 01:09:25'),(1703,1,'vi','core/table/table','filters','Lọc dữ liệu','2023-06-02 01:09:25','2023-06-02 01:09:25'),(1704,1,'vi','core/table/table','bulk_change','Thay đổi hàng loạt','2023-06-02 01:09:25','2023-06-02 01:09:25'),(1705,1,'vi','core/table/table','bulk_actions','Hành động','2023-06-02 01:09:25','2023-06-02 01:09:25'),(1706,1,'vi','core/table/table','contains','Bao gồm','2023-06-02 01:09:25','2023-06-02 01:09:25'),(1707,1,'vi','core/table/table','filtered','(đã được lọc từ _MAX_ bản ghi)','2023-06-02 01:09:25','2023-06-02 01:09:25'),(1708,1,'vi','core/table/table','please_select_record','Vui lòng chọn ít nhất 1 bản ghi để thực hiện hành động này!','2023-06-02 01:09:25','2023-06-02 01:09:25'),(1709,1,'vi','core/table/table','save_bulk_change_success','Cập nhật dữ liệu cho các bản ghi thành công!','2023-06-02 01:09:25','2023-06-02 01:09:25'),(1710,1,'vi','core/table/table','search','Tìm kiếm...','2023-06-02 01:09:25','2023-06-02 01:09:25'),(1711,1,'en','packages/api/api','settings','API Settings','2023-06-02 01:09:25','2023-06-02 01:09:25'),(1712,1,'en','packages/api/api','save_settings','Save settings','2023-06-02 01:09:25','2023-06-02 01:09:25'),(1713,1,'en','packages/api/api','setting_title','API settings','2023-06-02 01:09:25','2023-06-02 01:09:25'),(1714,1,'en','packages/api/api','setting_description','Settings for API','2023-06-02 01:09:25','2023-06-02 01:09:25'),(1715,1,'en','packages/api/api','api_enabled','API enabled?','2023-06-02 01:09:25','2023-06-02 01:09:25'),(1716,1,'en','packages/get-started/get-started','welcome_title','Welcome to your admin dashboard!','2023-06-02 01:09:25','2023-06-02 01:09:25'),(1717,1,'en','packages/get-started/get-started','welcome_description','In a few short steps, you can have your new dashboard up and running!','2023-06-02 01:09:25','2023-06-02 01:09:25'),(1718,1,'en','packages/get-started/get-started','get_started','Get Started!','2023-06-02 01:09:25','2023-06-02 01:09:25'),(1719,1,'en','packages/get-started/get-started','customize_branding_title','Customize branding','2023-06-02 01:09:25','2023-06-02 01:09:25'),(1720,1,'en','packages/get-started/get-started','customize_branding_description','Customize your site with colors, logo and subdomain to match your business unique branding and identity.','2023-06-02 01:09:25','2023-06-02 01:09:25'),(1721,1,'en','packages/get-started/get-started','colors','Colors','2023-06-02 01:09:25','2023-06-02 01:09:25'),(1722,1,'en','packages/get-started/get-started','fonts','Fonts','2023-06-02 01:09:25','2023-06-02 01:09:25'),(1723,1,'en','packages/get-started/get-started','primary_color','Primary color','2023-06-02 01:09:25','2023-06-02 01:09:25'),(1724,1,'en','packages/get-started/get-started','primary_font','Primary font','2023-06-02 01:09:25','2023-06-02 01:09:25'),(1725,1,'en','packages/get-started/get-started','setup_wizard_button',':link to finish Quick setup Wizard!','2023-06-02 01:09:25','2023-06-02 01:09:25'),(1726,1,'en','packages/get-started/get-started','click_here','Click here','2023-06-02 01:09:25','2023-06-02 01:09:25'),(1727,1,'en','packages/get-started/get-started','site_title','Site title','2023-06-02 01:09:25','2023-06-02 01:09:25'),(1728,1,'en','packages/get-started/get-started','identify','Identify','2023-06-02 01:09:25','2023-06-02 01:09:25'),(1729,1,'en','packages/get-started/get-started','logo','Logo','2023-06-02 01:09:25','2023-06-02 01:09:25'),(1730,1,'en','packages/get-started/get-started','admin_logo','Admin logo','2023-06-02 01:09:25','2023-06-02 01:09:25'),(1731,1,'en','packages/get-started/get-started','favicon','Favicon','2023-06-02 01:09:25','2023-06-02 01:09:25'),(1732,1,'en','packages/get-started/get-started','admin_favicon','Admin favicon','2023-06-02 01:09:25','2023-06-02 01:09:25'),(1733,1,'en','packages/get-started/get-started','next_step','Next step','2023-06-02 01:09:25','2023-06-02 01:09:25'),(1734,1,'en','packages/get-started/get-started','site_ready_title','Your site is ready!','2023-06-02 01:09:25','2023-06-02 01:09:25'),(1735,1,'en','packages/get-started/get-started','site_ready_description','Welcome to your new site! Your website has been created and populated with sample data. You are in the admin area of your site where you can set up everything else needed to complete your site.','2023-06-02 01:09:25','2023-06-02 01:09:25'),(1736,1,'en','packages/get-started/get-started','finish','Finish','2023-06-02 01:09:25','2023-06-02 01:09:25'),(1737,1,'en','packages/get-started/get-started','exit_wizard_title','Are you sure you want to exit the Quick Setup Wizard?','2023-06-02 01:09:25','2023-06-02 01:09:25'),(1738,1,'en','packages/get-started/get-started','exit_wizard_confirm','Yes, I\'ll finish it later','2023-06-02 01:09:25','2023-06-02 01:09:25'),(1739,1,'en','packages/get-started/get-started','exit_wizard_cancel','No, take me back to the wizard','2023-06-02 01:09:25','2023-06-02 01:09:25'),(1740,1,'en','packages/get-started/get-started','change_default_account_info_title','Change default account info','2023-06-02 01:09:25','2023-06-02 01:09:25'),(1741,1,'en','packages/get-started/get-started','change_default_account_info_description','The default account is using a weak password. You need to change it to a complex password for better security.','2023-06-02 01:09:25','2023-06-02 01:09:25'),(1742,1,'en','packages/get-started/get-started','username','Username','2023-06-02 01:09:25','2023-06-02 01:09:25'),(1743,1,'en','packages/get-started/get-started','email','Email','2023-06-02 01:09:25','2023-06-02 01:09:25'),(1744,1,'en','packages/get-started/get-started','password','Password','2023-06-02 01:09:25','2023-06-02 01:09:25'),(1745,1,'en','packages/get-started/get-started','password_confirmation','Password confirmation','2023-06-02 01:09:25','2023-06-02 01:09:25'),(1746,1,'en','packages/installer/installer','title','Installer','2023-06-02 01:09:25','2023-06-02 01:09:25'),(1747,1,'en','packages/installer/installer','next','Next Step','2023-06-02 01:09:25','2023-06-02 01:09:25'),(1748,1,'en','packages/installer/installer','back','Previous','2023-06-02 01:09:25','2023-06-02 01:09:25'),(1749,1,'en','packages/installer/installer','finish','Install','2023-06-02 01:09:25','2023-06-02 01:09:25'),(1750,1,'en','packages/installer/installer','installation','Installation','2023-06-02 01:09:25','2023-06-02 01:09:25'),(1751,1,'en','packages/installer/installer','forms.errorTitle','The following errors occurred:','2023-06-02 01:09:25','2023-06-02 01:09:25'),(1752,1,'en','packages/installer/installer','welcome.templateTitle','Welcome','2023-06-02 01:09:25','2023-06-02 01:09:25'),(1753,1,'en','packages/installer/installer','welcome.title','Welcome','2023-06-02 01:09:25','2023-06-02 01:09:25'),(1754,1,'en','packages/installer/installer','welcome.message','Before getting started, we need some information on the database. You will need to know the following items before proceeding.','2023-06-02 01:09:25','2023-06-02 01:09:25'),(1755,1,'en','packages/installer/installer','welcome.next','Let\'s go','2023-06-02 01:09:25','2023-06-02 01:09:25'),(1756,1,'en','packages/installer/installer','requirements.templateTitle','Step 1 | Server Requirements','2023-06-02 01:09:25','2023-06-02 01:09:25'),(1757,1,'en','packages/installer/installer','requirements.title','Server Requirements','2023-06-02 01:09:25','2023-06-02 01:09:25'),(1758,1,'en','packages/installer/installer','requirements.next','Check Permissions','2023-06-02 01:09:25','2023-06-02 01:09:25'),(1759,1,'en','packages/installer/installer','permissions.templateTitle','Step 2 | Permissions','2023-06-02 01:09:25','2023-06-02 01:09:25'),(1760,1,'en','packages/installer/installer','permissions.title','Permissions','2023-06-02 01:09:25','2023-06-02 01:09:25'),(1761,1,'en','packages/installer/installer','permissions.next','Configure Environment','2023-06-02 01:09:25','2023-06-02 01:09:25'),(1762,1,'en','packages/installer/installer','environment.wizard.templateTitle','Environment Settings','2023-06-02 01:09:25','2023-06-02 01:09:25'),(1763,1,'en','packages/installer/installer','environment.wizard.title','Environment Settings','2023-06-02 01:09:25','2023-06-02 01:09:25'),(1764,1,'en','packages/installer/installer','environment.wizard.form.name_required','An environment name is required.','2023-06-02 01:09:25','2023-06-02 01:09:25'),(1765,1,'en','packages/installer/installer','environment.wizard.form.app_name_label','Site title','2023-06-02 01:09:25','2023-06-02 01:09:25'),(1766,1,'en','packages/installer/installer','environment.wizard.form.app_name_placeholder','Site title','2023-06-02 01:09:25','2023-06-02 01:09:25'),(1767,1,'en','packages/installer/installer','environment.wizard.form.app_url_label','URL','2023-06-02 01:09:25','2023-06-02 01:09:25'),(1768,1,'en','packages/installer/installer','environment.wizard.form.app_url_placeholder','URL','2023-06-02 01:09:25','2023-06-02 01:09:25'),(1769,1,'en','packages/installer/installer','environment.wizard.form.db_connection_label','Database Connection','2023-06-02 01:09:25','2023-06-02 01:09:25'),(1770,1,'en','packages/installer/installer','environment.wizard.form.db_connection_label_mysql','MySQL','2023-06-02 01:09:25','2023-06-02 01:09:25'),(1771,1,'en','packages/installer/installer','environment.wizard.form.db_connection_label_sqlite','SQLite','2023-06-02 01:09:25','2023-06-02 01:09:25'),(1772,1,'en','packages/installer/installer','environment.wizard.form.db_connection_label_pgsql','PostgreSQL','2023-06-02 01:09:25','2023-06-02 01:09:25'),(1773,1,'en','packages/installer/installer','environment.wizard.form.db_host_label','Database host','2023-06-02 01:09:25','2023-06-02 01:09:25'),(1774,1,'en','packages/installer/installer','environment.wizard.form.db_host_placeholder','Database host','2023-06-02 01:09:25','2023-06-02 01:09:25'),(1775,1,'en','packages/installer/installer','environment.wizard.form.db_port_label','Database port','2023-06-02 01:09:25','2023-06-02 01:09:25'),(1776,1,'en','packages/installer/installer','environment.wizard.form.db_port_placeholder','Database port','2023-06-02 01:09:25','2023-06-02 01:09:25'),(1777,1,'en','packages/installer/installer','environment.wizard.form.db_name_label','Database name','2023-06-02 01:09:25','2023-06-02 01:09:25'),(1778,1,'en','packages/installer/installer','environment.wizard.form.db_name_placeholder','Database name','2023-06-02 01:09:25','2023-06-02 01:09:25'),(1779,1,'en','packages/installer/installer','environment.wizard.form.db_username_label','Database username','2023-06-02 01:09:25','2023-06-02 01:09:25'),(1780,1,'en','packages/installer/installer','environment.wizard.form.db_username_placeholder','Database username','2023-06-02 01:09:25','2023-06-02 01:09:25'),(1781,1,'en','packages/installer/installer','environment.wizard.form.db_password_label','Database password','2023-06-02 01:09:25','2023-06-02 01:09:25'),(1782,1,'en','packages/installer/installer','environment.wizard.form.db_password_placeholder','Database password','2023-06-02 01:09:25','2023-06-02 01:09:25'),(1783,1,'en','packages/installer/installer','environment.wizard.form.buttons.install','Install','2023-06-02 01:09:25','2023-06-02 01:09:25'),(1784,1,'en','packages/installer/installer','environment.wizard.form.db_host_helper','If you use Laravel Sail, just change DB_HOST to DB_HOST=mysql. On some hosting DB_HOST can be localhost instead of 127.0.0.1','2023-06-02 01:09:25','2023-06-02 01:09:25'),(1785,1,'en','packages/installer/installer','environment.wizard.form.db_connections.mysql','MySQL','2023-06-02 01:09:25','2023-06-02 01:09:25'),(1786,1,'en','packages/installer/installer','environment.wizard.form.db_connections.sqlite','SQLite','2023-06-02 01:09:25','2023-06-02 01:09:25'),(1787,1,'en','packages/installer/installer','environment.wizard.form.db_connections.pgsql','PostgreSQL','2023-06-02 01:09:25','2023-06-02 01:09:25'),(1788,1,'en','packages/installer/installer','environment.success','Your .env file settings have been saved.','2023-06-02 01:09:25','2023-06-02 01:09:25'),(1789,1,'en','packages/installer/installer','environment.errors','Unable to save the .env file, Please create it manually.','2023-06-02 01:09:25','2023-06-02 01:09:25'),(1790,1,'en','packages/installer/installer','install','Install','2023-06-02 01:09:25','2023-06-02 01:09:25'),(1791,1,'en','packages/installer/installer','final.title','Installation Finished','2023-06-02 01:09:25','2023-06-02 01:09:25'),(1792,1,'en','packages/installer/installer','final.templateTitle','Installation Finished','2023-06-02 01:09:25','2023-06-02 01:09:25'),(1793,1,'en','packages/installer/installer','final.finished','Application has been successfully installed.','2023-06-02 01:09:25','2023-06-02 01:09:25'),(1794,1,'en','packages/installer/installer','final.exit','Click here to exit','2023-06-02 01:09:25','2023-06-02 01:09:25'),(1795,1,'en','packages/installer/installer','create_account','Create account','2023-06-02 01:09:25','2023-06-02 01:09:25'),(1796,1,'en','packages/installer/installer','first_name','First name','2023-06-02 01:09:25','2023-06-02 01:09:25'),(1797,1,'en','packages/installer/installer','last_name','Last name','2023-06-02 01:09:25','2023-06-02 01:09:25'),(1798,1,'en','packages/installer/installer','username','Username','2023-06-02 01:09:25','2023-06-02 01:09:25'),(1799,1,'en','packages/installer/installer','email','Email','2023-06-02 01:09:25','2023-06-02 01:09:25'),(1800,1,'en','packages/installer/installer','password','Password','2023-06-02 01:09:25','2023-06-02 01:09:25'),(1801,1,'en','packages/installer/installer','password_confirmation','Password confirmation','2023-06-02 01:09:25','2023-06-02 01:09:25'),(1802,1,'en','packages/installer/installer','create','Create','2023-06-02 01:09:25','2023-06-02 01:09:25'),(1803,1,'en','packages/installer/installer','install_success','Installed successfully!','2023-06-02 01:09:25','2023-06-02 01:09:25'),(1804,1,'en','packages/menu/menu','name','Menus','2023-06-02 01:09:26','2023-06-02 01:09:26'),(1805,1,'en','packages/menu/menu','key_name','Menu name (key: :key)','2023-06-02 01:09:26','2023-06-02 01:09:26'),(1806,1,'en','packages/menu/menu','basic_info','Basic information','2023-06-02 01:09:26','2023-06-02 01:09:26'),(1807,1,'en','packages/menu/menu','add_to_menu','Add to menu','2023-06-02 01:09:26','2023-06-02 01:09:26'),(1808,1,'en','packages/menu/menu','custom_link','Custom link','2023-06-02 01:09:26','2023-06-02 01:09:26'),(1809,1,'en','packages/menu/menu','add_link','Add link','2023-06-02 01:09:26','2023-06-02 01:09:26'),(1810,1,'en','packages/menu/menu','structure','Menu structure','2023-06-02 01:09:26','2023-06-02 01:09:26'),(1811,1,'en','packages/menu/menu','remove','Remove','2023-06-02 01:09:26','2023-06-02 01:09:26'),(1812,1,'en','packages/menu/menu','cancel','Cancel','2023-06-02 01:09:26','2023-06-02 01:09:26'),(1813,1,'en','packages/menu/menu','title','Title','2023-06-02 01:09:26','2023-06-02 01:09:26'),(1814,1,'en','packages/menu/menu','icon','Icon','2023-06-02 01:09:26','2023-06-02 01:09:26'),(1815,1,'en','packages/menu/menu','url','URL','2023-06-02 01:09:26','2023-06-02 01:09:26'),(1816,1,'en','packages/menu/menu','target','Target','2023-06-02 01:09:26','2023-06-02 01:09:26'),(1817,1,'en','packages/menu/menu','css_class','CSS class','2023-06-02 01:09:26','2023-06-02 01:09:26'),(1818,1,'en','packages/menu/menu','self_open_link','Open link directly','2023-06-02 01:09:26','2023-06-02 01:09:26'),(1819,1,'en','packages/menu/menu','blank_open_link','Open link in new tab','2023-06-02 01:09:26','2023-06-02 01:09:26'),(1820,1,'en','packages/menu/menu','create','Create menu','2023-06-02 01:09:26','2023-06-02 01:09:26'),(1821,1,'en','packages/menu/menu','menu_settings','Menu settings','2023-06-02 01:09:26','2023-06-02 01:09:26'),(1822,1,'en','packages/menu/menu','display_location','Display location','2023-06-02 01:09:26','2023-06-02 01:09:26'),(1823,1,'en','packages/menu/menu','title_placeholder','Title','2023-06-02 01:09:26','2023-06-02 01:09:26'),(1824,1,'en','packages/menu/menu','icon_placeholder','Icon','2023-06-02 01:09:26','2023-06-02 01:09:26'),(1825,1,'en','packages/menu/menu','url_placeholder','URL','2023-06-02 01:09:26','2023-06-02 01:09:26'),(1826,1,'en','packages/menu/menu','css_class_placeholder','CSS class','2023-06-02 01:09:26','2023-06-02 01:09:26'),(1827,1,'en','packages/menu/menu','menu_id','Menu ID','2023-06-02 01:09:26','2023-06-02 01:09:26'),(1828,1,'vi','packages/menu/menu','name','Trình đơn','2023-06-02 01:09:26','2023-06-02 01:09:26'),(1829,1,'vi','packages/menu/menu','cancel','Hủy bỏ','2023-06-02 01:09:26','2023-06-02 01:09:26'),(1830,1,'vi','packages/menu/menu','add_link','Thêm liên kết','2023-06-02 01:09:26','2023-06-02 01:09:26'),(1831,1,'vi','packages/menu/menu','add_to_menu','Thêm vào trình đơn','2023-06-02 01:09:26','2023-06-02 01:09:26'),(1832,1,'vi','packages/menu/menu','basic_info','Thông tin cơ bản','2023-06-02 01:09:26','2023-06-02 01:09:26'),(1833,1,'vi','packages/menu/menu','blank_open_link','Mở liên kết trong tab mới','2023-06-02 01:09:26','2023-06-02 01:09:26'),(1834,1,'vi','packages/menu/menu','css_class','CSS class','2023-06-02 01:09:26','2023-06-02 01:09:26'),(1835,1,'vi','packages/menu/menu','custom_link','Liên kết tùy chọn','2023-06-02 01:09:26','2023-06-02 01:09:26'),(1836,1,'vi','packages/menu/menu','icon','Biểu tượng','2023-06-02 01:09:26','2023-06-02 01:09:26'),(1837,1,'vi','packages/menu/menu','key_name','Tên menu (key::key)','2023-06-02 01:09:26','2023-06-02 01:09:26'),(1838,1,'vi','packages/menu/menu','remove','Xóa','2023-06-02 01:09:26','2023-06-02 01:09:26'),(1839,1,'vi','packages/menu/menu','self_open_link','Mở liên kết trong tab hiện tại','2023-06-02 01:09:26','2023-06-02 01:09:26'),(1840,1,'vi','packages/menu/menu','structure','Cấu trúc trình đơn','2023-06-02 01:09:26','2023-06-02 01:09:26'),(1841,1,'vi','packages/menu/menu','target','Target','2023-06-02 01:09:26','2023-06-02 01:09:26'),(1842,1,'vi','packages/menu/menu','title','Tiêu đề','2023-06-02 01:09:26','2023-06-02 01:09:26'),(1843,1,'vi','packages/menu/menu','url','URL','2023-06-02 01:09:26','2023-06-02 01:09:26'),(1844,1,'vi','packages/menu/menu','create','Tạo trình đơn','2023-06-02 01:09:26','2023-06-02 01:09:26'),(1845,1,'vi','packages/menu/menu','edit','Sửa trình đơn','2023-06-02 01:09:26','2023-06-02 01:09:26'),(1846,1,'vi','packages/menu/menu','display_location','Vị trí hiển thị','2023-06-02 01:09:26','2023-06-02 01:09:26'),(1847,1,'vi','packages/menu/menu','menu_settings','Cấu hình menu','2023-06-02 01:09:26','2023-06-02 01:09:26'),(1848,1,'en','packages/optimize/optimize','settings.title','Optimize page speed','2023-06-02 01:09:26','2023-06-02 01:09:26'),(1849,1,'en','packages/optimize/optimize','settings.description','Minify HTML output, inline CSS, remove comments...','2023-06-02 01:09:26','2023-06-02 01:09:26'),(1850,1,'en','packages/optimize/optimize','settings.enable','Enable optimize page speed?','2023-06-02 01:09:26','2023-06-02 01:09:26'),(1851,1,'en','packages/optimize/optimize','collapse_white_space','Collapse white space','2023-06-02 01:09:26','2023-06-02 01:09:26'),(1852,1,'en','packages/optimize/optimize','collapse_white_space_description','This filter reduces bytes transmitted in an HTML file by removing unnecessary whitespace.','2023-06-02 01:09:26','2023-06-02 01:09:26'),(1853,1,'en','packages/optimize/optimize','elide_attributes','Elide attributes','2023-06-02 01:09:26','2023-06-02 01:09:26'),(1854,1,'en','packages/optimize/optimize','elide_attributes_description','This filter reduces the transfer size of HTML files by removing attributes from tags when the specified value is equal to the default value for that attribute. This can save a modest number of bytes, and may make the document more compressible by canonicalizing the affected tags.','2023-06-02 01:09:26','2023-06-02 01:09:26'),(1855,1,'en','packages/optimize/optimize','inline_css','Inline CSS','2023-06-02 01:09:26','2023-06-02 01:09:26'),(1856,1,'en','packages/optimize/optimize','inline_css_description','This filter transforms the inline \"style\" attribute of tags into classes by moving the CSS to the header.','2023-06-02 01:09:26','2023-06-02 01:09:26'),(1857,1,'en','packages/optimize/optimize','insert_dns_prefetch','Insert DNS prefetch','2023-06-02 01:09:26','2023-06-02 01:09:26'),(1858,1,'en','packages/optimize/optimize','insert_dns_prefetch_description','This filter injects tags in the HEAD to enable the browser to do DNS prefetching.','2023-06-02 01:09:26','2023-06-02 01:09:26'),(1859,1,'en','packages/optimize/optimize','remove_comments','Remove comments','2023-06-02 01:09:26','2023-06-02 01:09:26'),(1860,1,'en','packages/optimize/optimize','remove_comments_description','This filter eliminates HTML, JS and CSS comments. The filter reduces the transfer size of HTML files by removing the comments. Depending on the HTML file, this filter can significantly reduce the number of bytes transmitted on the network.','2023-06-02 01:09:26','2023-06-02 01:09:26'),(1861,1,'en','packages/optimize/optimize','remove_quotes','Remove quotes','2023-06-02 01:09:26','2023-06-02 01:09:26'),(1862,1,'en','packages/optimize/optimize','remove_quotes_description','This filter eliminates unnecessary quotation marks from HTML attributes. While required by the various HTML specifications, browsers permit their omission when the value of an attribute is composed of a certain subset of characters (alphanumerics and some punctuation characters).','2023-06-02 01:09:26','2023-06-02 01:09:26'),(1863,1,'en','packages/optimize/optimize','defer_javascript','Defer javascript','2023-06-02 01:09:26','2023-06-02 01:09:26'),(1864,1,'en','packages/optimize/optimize','defer_javascript_description','Defers the execution of javascript in the HTML. If necessary cancel deferring in some script, use data-pagespeed-no-defer as script attribute to cancel deferring.','2023-06-02 01:09:26','2023-06-02 01:09:26'),(1865,1,'en','packages/page/pages','create','Create new page','2023-06-02 01:09:26','2023-06-02 01:09:26'),(1866,1,'en','packages/page/pages','form.name','Name','2023-06-02 01:09:26','2023-06-02 01:09:26'),(1867,1,'en','packages/page/pages','form.name_placeholder','Page\'s name (Maximum 120 characters)','2023-06-02 01:09:26','2023-06-02 01:09:26'),(1868,1,'en','packages/page/pages','form.content','Content','2023-06-02 01:09:26','2023-06-02 01:09:26'),(1869,1,'en','packages/page/pages','form.note','Note content','2023-06-02 01:09:26','2023-06-02 01:09:26'),(1870,1,'en','packages/page/pages','notices.no_select','Please select at least one record to take this action!','2023-06-02 01:09:26','2023-06-02 01:09:26'),(1871,1,'en','packages/page/pages','notices.update_success_message','Update successfully','2023-06-02 01:09:26','2023-06-02 01:09:26'),(1872,1,'en','packages/page/pages','cannot_delete','Page could not be deleted','2023-06-02 01:09:26','2023-06-02 01:09:26'),(1873,1,'en','packages/page/pages','deleted','Page deleted','2023-06-02 01:09:26','2023-06-02 01:09:26'),(1874,1,'en','packages/page/pages','pages','Pages','2023-06-02 01:09:26','2023-06-02 01:09:26'),(1875,1,'en','packages/page/pages','menu','Pages','2023-06-02 01:09:26','2023-06-02 01:09:26'),(1876,1,'en','packages/page/pages','menu_name','Pages','2023-06-02 01:09:26','2023-06-02 01:09:26'),(1877,1,'en','packages/page/pages','edit_this_page','Edit this page','2023-06-02 01:09:26','2023-06-02 01:09:26'),(1878,1,'en','packages/page/pages','total_pages','Total pages','2023-06-02 01:09:26','2023-06-02 01:09:26'),(1879,1,'en','packages/page/pages','settings.show_on_front','Your homepage displays','2023-06-02 01:09:26','2023-06-02 01:09:26'),(1880,1,'en','packages/page/pages','settings.select','— Select —','2023-06-02 01:09:26','2023-06-02 01:09:26'),(1881,1,'en','packages/page/pages','front_page','Front Page','2023-06-02 01:09:26','2023-06-02 01:09:26'),(1882,1,'vi','packages/page/pages','create','Thêm trang','2023-06-02 01:09:26','2023-06-02 01:09:26'),(1883,1,'vi','packages/page/pages','edit','Sửa trang','2023-06-02 01:09:26','2023-06-02 01:09:26'),(1884,1,'vi','packages/page/pages','form.name','Tiêu đề trang','2023-06-02 01:09:26','2023-06-02 01:09:26'),(1885,1,'vi','packages/page/pages','form.note','Nội dung ghi chú','2023-06-02 01:09:26','2023-06-02 01:09:26'),(1886,1,'vi','packages/page/pages','form.name_placeholder','Tên trang (tối đa 120 kí tự)','2023-06-02 01:09:26','2023-06-02 01:09:26'),(1887,1,'vi','packages/page/pages','form.content','Nội dung','2023-06-02 01:09:26','2023-06-02 01:09:26'),(1888,1,'vi','packages/page/pages','notices.no_select','Chọn ít nhất 1 trang để thực hiện hành động này!','2023-06-02 01:09:26','2023-06-02 01:09:26'),(1889,1,'vi','packages/page/pages','notices.update_success_message','Cập nhật thành công','2023-06-02 01:09:26','2023-06-02 01:09:26'),(1890,1,'vi','packages/page/pages','deleted','Xóa trang thành công','2023-06-02 01:09:26','2023-06-02 01:09:26'),(1891,1,'vi','packages/page/pages','cannot_delete','Không thể xóa trang','2023-06-02 01:09:26','2023-06-02 01:09:26'),(1892,1,'vi','packages/page/pages','menu','Trang','2023-06-02 01:09:26','2023-06-02 01:09:26'),(1893,1,'vi','packages/page/pages','menu_name','Trang','2023-06-02 01:09:26','2023-06-02 01:09:26'),(1894,1,'vi','packages/page/pages','edit_this_page','Sửa trang này','2023-06-02 01:09:26','2023-06-02 01:09:26'),(1895,1,'vi','packages/page/pages','pages','Trang','2023-06-02 01:09:26','2023-06-02 01:09:26'),(1896,1,'vi','packages/page/pages','front_page','Trang chủ','2023-06-02 01:09:26','2023-06-02 01:09:26'),(1897,1,'vi','packages/page/pages','settings.select','-- Lựa chọn --','2023-06-02 01:09:26','2023-06-02 01:09:26'),(1898,1,'vi','packages/page/pages','settings.show_on_front','Lựa chọn trang chủ','2023-06-02 01:09:26','2023-06-02 01:09:26'),(1899,1,'vi','packages/page/pages','total_pages','Tổng số trang','2023-06-02 01:09:26','2023-06-02 01:09:26'),(1900,1,'en','packages/plugin-management/marketplace','previous','&laquo; Previous','2023-06-02 01:09:26','2023-06-02 01:09:26'),(1901,1,'en','packages/plugin-management/marketplace','next','Next &raquo;','2023-06-02 01:09:26','2023-06-02 01:09:26'),(1902,1,'en','packages/plugin-management/marketplace','showing','Showing','2023-06-02 01:09:26','2023-06-02 01:09:26'),(1903,1,'en','packages/plugin-management/marketplace','to','to','2023-06-02 01:09:26','2023-06-02 01:09:26'),(1904,1,'en','packages/plugin-management/marketplace','of','of','2023-06-02 01:09:26','2023-06-02 01:09:26'),(1905,1,'en','packages/plugin-management/marketplace','results','results','2023-06-02 01:09:26','2023-06-02 01:09:26'),(1906,1,'en','packages/plugin-management/marketplace','add_new','Add new','2023-06-02 01:09:26','2023-06-02 01:09:26'),(1907,1,'en','packages/plugin-management/marketplace','installed','Installed','2023-06-02 01:09:26','2023-06-02 01:09:26'),(1908,1,'en','packages/plugin-management/marketplace','install_now','Install now','2023-06-02 01:09:26','2023-06-02 01:09:26'),(1909,1,'en','packages/plugin-management/marketplace','installing','Installing...','2023-06-02 01:09:26','2023-06-02 01:09:26'),(1910,1,'en','packages/plugin-management/marketplace','detail','Details','2023-06-02 01:09:26','2023-06-02 01:09:26'),(1911,1,'en','packages/plugin-management/marketplace','version','Version','2023-06-02 01:09:26','2023-06-02 01:09:26'),(1912,1,'en','packages/plugin-management/marketplace','minimum_core_version','Minimum core version','2023-06-02 01:09:26','2023-06-02 01:09:26'),(1913,1,'en','packages/plugin-management/marketplace','last_update','Last update','2023-06-02 01:09:26','2023-06-02 01:09:26'),(1914,1,'en','packages/plugin-management/marketplace','compatible_version','Compatible with your version','2023-06-02 01:09:26','2023-06-02 01:09:26'),(1915,1,'en','packages/plugin-management/marketplace','incompatible_version','Incompatible with your version','2023-06-02 01:09:26','2023-06-02 01:09:26'),(1916,1,'en','packages/plugin-management/marketplace','deactivate','Deactivate','2023-06-02 01:09:26','2023-06-02 01:09:26'),(1917,1,'en','packages/plugin-management/marketplace','activate','Activate','2023-06-02 01:09:26','2023-06-02 01:09:26'),(1918,1,'en','packages/plugin-management/marketplace','activating','Activating...','2023-06-02 01:09:26','2023-06-02 01:09:26'),(1919,1,'en','packages/plugin-management/marketplace','activated','Activated','2023-06-02 01:09:26','2023-06-02 01:09:26'),(1920,1,'en','packages/plugin-management/marketplace','connection_aborted','Connection Aborted','2023-06-02 01:09:26','2023-06-02 01:09:26'),(1921,1,'en','packages/plugin-management/marketplace','connection_aborted_description','Connection Aborted Description','2023-06-02 01:09:26','2023-06-02 01:09:26'),(1922,1,'en','packages/plugin-management/marketplace','api_connect_error','Connect to Marketplace API Error, please contact support','2023-06-02 01:09:26','2023-06-02 01:09:26'),(1923,1,'en','packages/plugin-management/marketplace','keyword','Keyword','2023-06-02 01:09:26','2023-06-02 01:09:26'),(1924,1,'en','packages/plugin-management/marketplace','search','Search','2023-06-02 01:09:26','2023-06-02 01:09:26'),(1925,1,'en','packages/plugin-management/marketplace','all','All','2023-06-02 01:09:26','2023-06-02 01:09:26'),(1926,1,'en','packages/plugin-management/marketplace','featured','Featured','2023-06-02 01:09:26','2023-06-02 01:09:26'),(1927,1,'en','packages/plugin-management/marketplace','popular','Popular','2023-06-02 01:09:26','2023-06-02 01:09:26'),(1928,1,'en','packages/plugin-management/marketplace','top_rated','Top Rated','2023-06-02 01:09:26','2023-06-02 01:09:26'),(1929,1,'en','packages/plugin-management/marketplace','install_plugin','Install plugin','2023-06-02 01:09:26','2023-06-02 01:09:26'),(1930,1,'en','packages/plugin-management/marketplace','cancel','Cancel','2023-06-02 01:09:26','2023-06-02 01:09:26'),(1931,1,'en','packages/plugin-management/marketplace','yes_install',' Yes! Install','2023-06-02 01:09:26','2023-06-02 01:09:26'),(1932,1,'en','packages/plugin-management/marketplace','message_alert','Are you sure you want to install this plugin?','2023-06-02 01:09:26','2023-06-02 01:09:26'),(1933,1,'en','packages/plugin-management/marketplace','folder_permissions','Folder does not have permission to write file or the update file path could not be resolved, please contact support','2023-06-02 01:09:26','2023-06-02 01:09:26'),(1934,1,'en','packages/plugin-management/marketplace','unzip_failed','Unzip extraction failed','2023-06-02 01:09:26','2023-06-02 01:09:26'),(1935,1,'en','packages/plugin-management/marketplace','unzip_success','Download file extracted','2023-06-02 01:09:26','2023-06-02 01:09:26'),(1936,1,'en','packages/plugin-management/marketplace','install_success','Installed plugin successfully!','2023-06-02 01:09:26','2023-06-02 01:09:26'),(1937,1,'en','packages/plugin-management/marketplace','update_success','Updated plugin successfully!','2023-06-02 01:09:26','2023-06-02 01:09:26'),(1938,1,'en','packages/plugin-management/marketplace','minimum_core_version_error','Cannot install this plugin. Minimum core version is :version.','2023-06-02 01:09:26','2023-06-02 01:09:26'),(1939,1,'en','packages/plugin-management/plugin','enabled','Enabled','2023-06-02 01:09:26','2023-06-02 01:09:26'),(1940,1,'en','packages/plugin-management/plugin','deactivated','Deactivated','2023-06-02 01:09:26','2023-06-02 01:09:26'),(1941,1,'en','packages/plugin-management/plugin','activated','Activated','2023-06-02 01:09:26','2023-06-02 01:09:26'),(1942,1,'en','packages/plugin-management/plugin','activate','Activate','2023-06-02 01:09:26','2023-06-02 01:09:26'),(1943,1,'en','packages/plugin-management/plugin','deactivate','Deactivate','2023-06-02 01:09:26','2023-06-02 01:09:26'),(1944,1,'en','packages/plugin-management/plugin','author','By','2023-06-02 01:09:26','2023-06-02 01:09:26'),(1945,1,'en','packages/plugin-management/plugin','update_plugin_status_success','Update plugin successfully','2023-06-02 01:09:26','2023-06-02 01:09:26'),(1946,1,'en','packages/plugin-management/plugin','plugins','Plugins','2023-06-02 01:09:26','2023-06-02 01:09:26'),(1947,1,'en','packages/plugin-management/plugin','missing_required_plugins','Please activate plugin(s): :plugins before activate this plugin!','2023-06-02 01:09:26','2023-06-02 01:09:26'),(1948,1,'en','packages/plugin-management/plugin','remove','Remove','2023-06-02 01:09:27','2023-06-02 01:09:27'),(1949,1,'en','packages/plugin-management/plugin','remove_plugin_success','Remove plugin successfully!','2023-06-02 01:09:27','2023-06-02 01:09:27'),(1950,1,'en','packages/plugin-management/plugin','remove_plugin','Remove plugin','2023-06-02 01:09:27','2023-06-02 01:09:27'),(1951,1,'en','packages/plugin-management/plugin','remove_plugin_confirm_message','Do you really want to remove this plugin?','2023-06-02 01:09:27','2023-06-02 01:09:27'),(1952,1,'en','packages/plugin-management/plugin','remove_plugin_confirm_yes','Yes, remove it!','2023-06-02 01:09:27','2023-06-02 01:09:27'),(1953,1,'en','packages/plugin-management/plugin','total_plugins','Total plugins','2023-06-02 01:09:27','2023-06-02 01:09:27'),(1954,1,'en','packages/plugin-management/plugin','invalid_plugin','This plugin is not a valid plugin, please check it again!','2023-06-02 01:09:27','2023-06-02 01:09:27'),(1955,1,'en','packages/plugin-management/plugin','version','Version','2023-06-02 01:09:27','2023-06-02 01:09:27'),(1956,1,'en','packages/plugin-management/plugin','invalid_json','Invalid plugin.json!','2023-06-02 01:09:27','2023-06-02 01:09:27'),(1957,1,'en','packages/plugin-management/plugin','activate_success','Activate plugin successfully!','2023-06-02 01:09:27','2023-06-02 01:09:27'),(1958,1,'en','packages/plugin-management/plugin','activated_already','This plugin is activated already!','2023-06-02 01:09:27','2023-06-02 01:09:27'),(1959,1,'en','packages/plugin-management/plugin','plugin_not_exist','This plugin is not exists.','2023-06-02 01:09:27','2023-06-02 01:09:27'),(1960,1,'en','packages/plugin-management/plugin','missing_json_file','Missing file plugin.json!','2023-06-02 01:09:27','2023-06-02 01:09:27'),(1961,1,'en','packages/plugin-management/plugin','plugin_invalid','Plugin is valid!','2023-06-02 01:09:27','2023-06-02 01:09:27'),(1962,1,'en','packages/plugin-management/plugin','published_assets_success','Publish assets for plugin :name successfully!','2023-06-02 01:09:27','2023-06-02 01:09:27'),(1963,1,'en','packages/plugin-management/plugin','plugin_removed','Plugin has been removed!','2023-06-02 01:09:27','2023-06-02 01:09:27'),(1964,1,'en','packages/plugin-management/plugin','deactivated_success','Deactivate plugin successfully!','2023-06-02 01:09:27','2023-06-02 01:09:27'),(1965,1,'en','packages/plugin-management/plugin','deactivated_already','This plugin is deactivated already!','2023-06-02 01:09:27','2023-06-02 01:09:27'),(1966,1,'en','packages/plugin-management/plugin','folder_is_not_writeable','Cannot write files! Folder :name is not writable. Please chmod to make it writable!','2023-06-02 01:09:27','2023-06-02 01:09:27'),(1967,1,'en','packages/plugin-management/plugin','plugin_is_not_ready','Plugin :name is not ready to use','2023-06-02 01:09:27','2023-06-02 01:09:27'),(1968,1,'en','packages/plugin-management/plugin','plugins_installed','Installed Plugins','2023-06-02 01:09:27','2023-06-02 01:09:27'),(1969,1,'en','packages/plugin-management/plugin','plugins_add_new','Add new','2023-06-02 01:09:27','2023-06-02 01:09:27'),(1970,1,'en','packages/plugin-management/plugin','update','Update','2023-06-02 01:09:27','2023-06-02 01:09:27'),(1971,1,'en','packages/plugin-management/plugin','requirement_not_met','Plugin :plugin requires plugin(s): :required_plugins. Do you want to install them and activate :plugin now?','2023-06-02 01:09:27','2023-06-02 01:09:27'),(1972,1,'en','packages/plugin-management/plugin','install','Install now','2023-06-02 01:09:27','2023-06-02 01:09:27'),(1973,1,'en','packages/plugin-management/plugin','install_plugin','Install Plugin','2023-06-02 01:09:27','2023-06-02 01:09:27'),(1974,1,'en','packages/plugin-management/plugin','minimum_core_version_not_met','Plugin :plugin requires :minimum_core_version version of core, but your core version is :current_core_version. Please upgrade your core to use this plugin!','2023-06-02 01:09:27','2023-06-02 01:09:27'),(1975,1,'vi','packages/plugin-management/plugin','activate','Kích hoạt','2023-06-02 01:09:27','2023-06-02 01:09:27'),(1976,1,'vi','packages/plugin-management/plugin','author','Tác giả','2023-06-02 01:09:27','2023-06-02 01:09:27'),(1977,1,'vi','packages/plugin-management/plugin','version','Phiên bản','2023-06-02 01:09:27','2023-06-02 01:09:27'),(1978,1,'vi','packages/plugin-management/plugin','activated','Đã kích hoạt','2023-06-02 01:09:27','2023-06-02 01:09:27'),(1979,1,'vi','packages/plugin-management/plugin','deactivate','Hủy kích hoạt','2023-06-02 01:09:27','2023-06-02 01:09:27'),(1980,1,'vi','packages/plugin-management/plugin','deactivated','Đã vô hiệu','2023-06-02 01:09:27','2023-06-02 01:09:27'),(1981,1,'vi','packages/plugin-management/plugin','enabled','Kích hoạt','2023-06-02 01:09:27','2023-06-02 01:09:27'),(1982,1,'vi','packages/plugin-management/plugin','invalid_plugin','Gói mở rộng không hợp lệ','2023-06-02 01:09:27','2023-06-02 01:09:27'),(1983,1,'vi','packages/plugin-management/plugin','update_plugin_status_success','Cập nhật trạng thái gói mở rộng thành công','2023-06-02 01:09:27','2023-06-02 01:09:27'),(1984,1,'vi','packages/plugin-management/plugin','missing_required_plugins','Vui lòng kích hoạt các gói mở rộng :plugins trước khi kích hoạt gói này','2023-06-02 01:09:27','2023-06-02 01:09:27'),(1985,1,'vi','packages/plugin-management/plugin','plugins','Gói mở rộng','2023-06-02 01:09:27','2023-06-02 01:09:27'),(1986,1,'vi','packages/plugin-management/plugin','remove','Xoá','2023-06-02 01:09:27','2023-06-02 01:09:27'),(1987,1,'vi','packages/plugin-management/plugin','remove_plugin_success','Xoá thành công!','2023-06-02 01:09:27','2023-06-02 01:09:27'),(1988,1,'vi','packages/plugin-management/plugin','remove_plugin','Xoá gói mở rộng','2023-06-02 01:09:27','2023-06-02 01:09:27'),(1989,1,'vi','packages/plugin-management/plugin','remove_plugin_confirm_message','Bạn có chắc chắn muốn xoá plugin này?','2023-06-02 01:09:27','2023-06-02 01:09:27'),(1990,1,'vi','packages/plugin-management/plugin','remove_plugin_confirm_yes','Có, xoá!','2023-06-02 01:09:27','2023-06-02 01:09:27'),(1991,1,'vi','packages/plugin-management/plugin','total_plugins','Tất cả plugins','2023-06-02 01:09:27','2023-06-02 01:09:27'),(1992,1,'vi','packages/plugin-management/plugin','activate_success','Kích hoạt thành công!','2023-06-02 01:09:27','2023-06-02 01:09:27'),(1993,1,'vi','packages/plugin-management/plugin','activated_already','Gói mở rộng này đã được kích hoạt rồi!','2023-06-02 01:09:27','2023-06-02 01:09:27'),(1994,1,'vi','packages/plugin-management/plugin','deactivated_already','Gói mở rộng này đã được hủy kích hoạt rồi!','2023-06-02 01:09:27','2023-06-02 01:09:27'),(1995,1,'vi','packages/plugin-management/plugin','deactivated_success','Hủy kích hoạt thành công!','2023-06-02 01:09:27','2023-06-02 01:09:27'),(1996,1,'vi','packages/plugin-management/plugin','invalid_json','Sai cấu hình plugin.json!','2023-06-02 01:09:27','2023-06-02 01:09:27'),(1997,1,'vi','packages/plugin-management/plugin','missing_json_file','Thiếu tập tin cấu hình plugin.json!','2023-06-02 01:09:27','2023-06-02 01:09:27'),(1998,1,'vi','packages/plugin-management/plugin','plugin_invalid','Gói mở rộng không hợp lệ!','2023-06-02 01:09:27','2023-06-02 01:09:27'),(1999,1,'vi','packages/plugin-management/plugin','plugin_not_exist','Gói mở rộng không tồn tại','2023-06-02 01:09:27','2023-06-02 01:09:27'),(2000,1,'vi','packages/plugin-management/plugin','plugin_removed','Gói mở rộng đã bị xóa!','2023-06-02 01:09:27','2023-06-02 01:09:27'),(2001,1,'vi','packages/plugin-management/plugin','published_assets_success','Xuất bản assets cho gói mở rộng thành công!','2023-06-02 01:09:27','2023-06-02 01:09:27'),(2002,1,'en','packages/seo-helper/seo-helper','meta_box_header','Search Engine Optimize','2023-06-02 01:09:27','2023-06-02 01:09:27'),(2003,1,'en','packages/seo-helper/seo-helper','edit_seo_meta','Edit SEO meta','2023-06-02 01:09:27','2023-06-02 01:09:27'),(2004,1,'en','packages/seo-helper/seo-helper','default_description','Setup meta title & description to make your site easy to discovered on search engines such as Google','2023-06-02 01:09:27','2023-06-02 01:09:27'),(2005,1,'en','packages/seo-helper/seo-helper','seo_title','SEO Title','2023-06-02 01:09:27','2023-06-02 01:09:27'),(2006,1,'en','packages/seo-helper/seo-helper','seo_description','SEO description','2023-06-02 01:09:27','2023-06-02 01:09:27'),(2007,1,'vi','packages/seo-helper/seo-helper','meta_box_header','Tối ưu hoá bộ máy tìm kiếm (SEO)','2023-06-02 01:09:27','2023-06-02 01:09:27'),(2008,1,'vi','packages/seo-helper/seo-helper','edit_seo_meta','Chỉnh sửa SEO','2023-06-02 01:09:27','2023-06-02 01:09:27'),(2009,1,'vi','packages/seo-helper/seo-helper','default_description','Thiết lập các thẻ mô tả giúp người dùng dễ dàng tìm thấy trên công cụ tìm kiếm như Google.','2023-06-02 01:09:27','2023-06-02 01:09:27'),(2010,1,'vi','packages/seo-helper/seo-helper','seo_title','Tiêu đề trang','2023-06-02 01:09:27','2023-06-02 01:09:27'),(2011,1,'vi','packages/seo-helper/seo-helper','seo_description','Mô tả trang','2023-06-02 01:09:27','2023-06-02 01:09:27'),(2012,1,'en','packages/shortcode/shortcode','settings.title','Shortcode','2023-06-02 01:09:27','2023-06-02 01:09:27'),(2013,1,'en','packages/shortcode/shortcode','settings.description','Settings for Shortcode','2023-06-02 01:09:27','2023-06-02 01:09:27'),(2014,1,'en','packages/shortcode/shortcode','settings.show_shortcode_edit_link','Show edit link?','2023-06-02 01:09:27','2023-06-02 01:09:27'),(2015,1,'en','packages/slug/slug','permalink_settings','Permalink','2023-06-02 01:09:27','2023-06-02 01:09:27'),(2016,1,'en','packages/slug/slug','settings.title','Permalink settings','2023-06-02 01:09:27','2023-06-02 01:09:27'),(2017,1,'en','packages/slug/slug','settings.description','Manage permalink for all modules.','2023-06-02 01:09:27','2023-06-02 01:09:27'),(2018,1,'en','packages/slug/slug','settings.preview','Preview','2023-06-02 01:09:27','2023-06-02 01:09:27'),(2019,1,'en','packages/slug/slug','settings.turn_off_automatic_url_translation_into_latin','Turn off automatic URL translation into Latin?','2023-06-02 01:09:27','2023-06-02 01:09:27'),(2020,1,'en','packages/slug/slug','settings.available_variables','Available variables','2023-06-02 01:09:27','2023-06-02 01:09:27'),(2021,1,'en','packages/slug/slug','preview','Preview','2023-06-02 01:09:27','2023-06-02 01:09:27'),(2022,1,'en','packages/slug/slug','prefix_for','Prefix for :name','2023-06-02 01:09:27','2023-06-02 01:09:27'),(2023,1,'en','packages/slug/slug','public_single_ending_url','Postfix for single page URL','2023-06-02 01:09:27','2023-06-02 01:09:27'),(2024,1,'en','packages/slug/slug','current_year','Current year','2023-06-02 01:09:27','2023-06-02 01:09:27'),(2025,1,'en','packages/slug/slug','current_month','Current month','2023-06-02 01:09:27','2023-06-02 01:09:27'),(2026,1,'en','packages/slug/slug','current_day','Current day','2023-06-02 01:09:27','2023-06-02 01:09:27'),(2027,1,'vi','packages/slug/slug','permalink_settings','Liên kết cố định','2023-06-02 01:09:27','2023-06-02 01:09:27'),(2028,1,'vi','packages/slug/slug','preview','Xem trước','2023-06-02 01:09:27','2023-06-02 01:09:27'),(2029,1,'vi','packages/slug/slug','settings.description','Quản lý liên kết cố định cho các module.','2023-06-02 01:09:27','2023-06-02 01:09:27'),(2030,1,'vi','packages/slug/slug','settings.preview','Xem trước','2023-06-02 01:09:27','2023-06-02 01:09:27'),(2031,1,'vi','packages/slug/slug','settings.title','Cài đặt liên kết cố định','2023-06-02 01:09:27','2023-06-02 01:09:27'),(2032,1,'en','packages/theme/theme','name','Themes','2023-06-02 01:09:27','2023-06-02 01:09:27'),(2033,1,'en','packages/theme/theme','theme','Theme','2023-06-02 01:09:27','2023-06-02 01:09:27'),(2034,1,'en','packages/theme/theme','author','Author','2023-06-02 01:09:27','2023-06-02 01:09:27'),(2035,1,'en','packages/theme/theme','version','Version','2023-06-02 01:09:27','2023-06-02 01:09:27'),(2036,1,'en','packages/theme/theme','description','Description','2023-06-02 01:09:27','2023-06-02 01:09:27'),(2037,1,'en','packages/theme/theme','active_success','Activate theme :name successfully!','2023-06-02 01:09:27','2023-06-02 01:09:27'),(2038,1,'en','packages/theme/theme','active','Active','2023-06-02 01:09:27','2023-06-02 01:09:27'),(2039,1,'en','packages/theme/theme','activated','Activated','2023-06-02 01:09:27','2023-06-02 01:09:27'),(2040,1,'en','packages/theme/theme','appearance','Appearance','2023-06-02 01:09:27','2023-06-02 01:09:27'),(2041,1,'en','packages/theme/theme','theme_options','Theme options','2023-06-02 01:09:27','2023-06-02 01:09:27'),(2042,1,'en','packages/theme/theme','save_changes','Save Changes','2023-06-02 01:09:27','2023-06-02 01:09:27'),(2043,1,'en','packages/theme/theme','developer_mode','Developer Mode Enabled','2023-06-02 01:09:27','2023-06-02 01:09:27'),(2044,1,'en','packages/theme/theme','custom_css','Custom CSS','2023-06-02 01:09:27','2023-06-02 01:09:27'),(2045,1,'en','packages/theme/theme','custom_js','Custom JS','2023-06-02 01:09:27','2023-06-02 01:09:27'),(2046,1,'en','packages/theme/theme','custom_header_js','Header JS','2023-06-02 01:09:27','2023-06-02 01:09:27'),(2047,1,'en','packages/theme/theme','custom_header_js_placeholder','JS in header of page, wrap it inside &#x3C;script&#x3E;&#x3C;/script&#x3E;','2023-06-02 01:09:27','2023-06-02 01:09:27'),(2048,1,'en','packages/theme/theme','custom_body_js','Body JS','2023-06-02 01:09:27','2023-06-02 01:09:27'),(2049,1,'en','packages/theme/theme','custom_body_js_placeholder','JS in body of page, wrap it inside &#x3C;script&#x3E;&#x3C;/script&#x3E;','2023-06-02 01:09:27','2023-06-02 01:09:27'),(2050,1,'en','packages/theme/theme','custom_footer_js','Footer JS','2023-06-02 01:09:27','2023-06-02 01:09:27'),(2051,1,'en','packages/theme/theme','custom_footer_js_placeholder','JS in footer of page, wrap it inside &#x3C;script&#x3E;&#x3C;/script&#x3E;','2023-06-02 01:09:27','2023-06-02 01:09:27'),(2052,1,'en','packages/theme/theme','custom_html','Custom HTML','2023-06-02 01:09:27','2023-06-02 01:09:27'),(2053,1,'en','packages/theme/theme','custom_header_html','Header HTML','2023-06-02 01:09:27','2023-06-02 01:09:27'),(2054,1,'en','packages/theme/theme','custom_header_html_placeholder','HTML in header of page, no special tags: script, style, iframe...','2023-06-02 01:09:27','2023-06-02 01:09:27'),(2055,1,'en','packages/theme/theme','custom_body_html','Body HTML','2023-06-02 01:09:27','2023-06-02 01:09:27'),(2056,1,'en','packages/theme/theme','custom_body_html_placeholder','HTML in body of page, no special tags: script, style, iframe...','2023-06-02 01:09:27','2023-06-02 01:09:27'),(2057,1,'en','packages/theme/theme','custom_footer_html','Footer HTML','2023-06-02 01:09:27','2023-06-02 01:09:27'),(2058,1,'en','packages/theme/theme','custom_footer_html_placeholder','HTML in footer of page, no special tags: script, style, iframe...','2023-06-02 01:09:27','2023-06-02 01:09:27'),(2059,1,'en','packages/theme/theme','remove_theme_success','Remove theme successfully!','2023-06-02 01:09:27','2023-06-02 01:09:27'),(2060,1,'en','packages/theme/theme','theme_is_not_existed','This theme is not existed!','2023-06-02 01:09:27','2023-06-02 01:09:27'),(2061,1,'en','packages/theme/theme','remove','Remove','2023-06-02 01:09:27','2023-06-02 01:09:27'),(2062,1,'en','packages/theme/theme','remove_theme','Remove theme','2023-06-02 01:09:27','2023-06-02 01:09:27'),(2063,1,'en','packages/theme/theme','remove_theme_confirm_message','Do you really want to remove this theme?','2023-06-02 01:09:27','2023-06-02 01:09:27'),(2064,1,'en','packages/theme/theme','remove_theme_confirm_yes','Yes, remove it!','2023-06-02 01:09:27','2023-06-02 01:09:27'),(2065,1,'en','packages/theme/theme','total_themes','Total themes','2023-06-02 01:09:27','2023-06-02 01:09:27'),(2066,1,'en','packages/theme/theme','show_admin_bar','Show admin bar (When admin logged in, still show admin bar in website)?','2023-06-02 01:09:27','2023-06-02 01:09:27'),(2067,1,'en','packages/theme/theme','settings.title','Theme','2023-06-02 01:09:27','2023-06-02 01:09:27'),(2068,1,'en','packages/theme/theme','settings.description','Setting for theme','2023-06-02 01:09:27','2023-06-02 01:09:27'),(2069,1,'en','packages/theme/theme','settings.redirect_404_to_homepage','Redirect all not found requests to homepage?','2023-06-02 01:09:27','2023-06-02 01:09:27'),(2070,1,'en','packages/theme/theme','settings.show_guidelines','Show guidelines?','2023-06-02 01:09:27','2023-06-02 01:09:27'),(2071,1,'en','packages/theme/theme','add_new','Add new','2023-06-02 01:09:27','2023-06-02 01:09:27'),(2072,1,'en','packages/theme/theme','theme_activated_already','Theme \":name\" is activated already!','2023-06-02 01:09:27','2023-06-02 01:09:27'),(2073,1,'en','packages/theme/theme','missing_json_file','Missing file theme.json!','2023-06-02 01:09:27','2023-06-02 01:09:27'),(2074,1,'en','packages/theme/theme','theme_invalid','Theme is valid!','2023-06-02 01:09:27','2023-06-02 01:09:27'),(2075,1,'en','packages/theme/theme','published_assets_success','Publish assets for :themes successfully!','2023-06-02 01:09:27','2023-06-02 01:09:27'),(2076,1,'en','packages/theme/theme','cannot_remove_theme','Cannot remove activated theme, please activate another theme before removing \":name\"!','2023-06-02 01:09:27','2023-06-02 01:09:27'),(2077,1,'en','packages/theme/theme','theme_deleted','Theme \":name\" has been destroyed.','2023-06-02 01:09:27','2023-06-02 01:09:27'),(2078,1,'en','packages/theme/theme','removed_assets','Remove assets of a theme :name successfully!','2023-06-02 01:09:27','2023-06-02 01:09:27'),(2079,1,'en','packages/theme/theme','update_custom_css_success','Update custom CSS successfully!','2023-06-02 01:09:27','2023-06-02 01:09:27'),(2080,1,'en','packages/theme/theme','update_custom_js_success','Update custom JS successfully!','2023-06-02 01:09:27','2023-06-02 01:09:27'),(2081,1,'en','packages/theme/theme','update_custom_html_success','Update custom HTML successfully!','2023-06-02 01:09:27','2023-06-02 01:09:27'),(2082,1,'en','packages/theme/theme','go_to_dashboard','Go to dashboard','2023-06-02 01:09:27','2023-06-02 01:09:27'),(2083,1,'en','packages/theme/theme','custom_css_placeholder','Using Ctrl + Space to autocomplete.','2023-06-02 01:09:27','2023-06-02 01:09:27'),(2084,1,'en','packages/theme/theme','theme_option_general','General','2023-06-02 01:09:27','2023-06-02 01:09:27'),(2085,1,'en','packages/theme/theme','theme_option_general_description','General settings','2023-06-02 01:09:27','2023-06-02 01:09:27'),(2086,1,'en','packages/theme/theme','theme_option_seo_open_graph_image','SEO default Open Graph image','2023-06-02 01:09:27','2023-06-02 01:09:27'),(2087,1,'en','packages/theme/theme','theme_option_logo','Logo','2023-06-02 01:09:27','2023-06-02 01:09:27'),(2088,1,'en','packages/theme/theme','theme_option_favicon','Favicon','2023-06-02 01:09:27','2023-06-02 01:09:27'),(2089,1,'en','packages/theme/theme','folder_is_not_writeable','Cannot write files! Folder :name is not writable. Please chmod to make it writable!','2023-06-02 01:09:27','2023-06-02 01:09:27'),(2090,1,'vi','packages/theme/theme','name','Giao diện','2023-06-02 01:09:27','2023-06-02 01:09:27'),(2091,1,'vi','packages/theme/theme','activated','Đã kích hoạt','2023-06-02 01:09:27','2023-06-02 01:09:27'),(2092,1,'vi','packages/theme/theme','active','Kích hoạt','2023-06-02 01:09:27','2023-06-02 01:09:27'),(2093,1,'vi','packages/theme/theme','active_success','Kích hoạt giao diện thành công!','2023-06-02 01:09:27','2023-06-02 01:09:27'),(2094,1,'vi','packages/theme/theme','author','Tác giả','2023-06-02 01:09:27','2023-06-02 01:09:27'),(2095,1,'vi','packages/theme/theme','description','Mô tả','2023-06-02 01:09:27','2023-06-02 01:09:27'),(2096,1,'vi','packages/theme/theme','appearance','Hiển thị','2023-06-02 01:09:27','2023-06-02 01:09:27'),(2097,1,'vi','packages/theme/theme','theme','Giao diện','2023-06-02 01:09:27','2023-06-02 01:09:27'),(2098,1,'vi','packages/theme/theme','theme_options','Tuỳ chọn giao diện','2023-06-02 01:09:27','2023-06-02 01:09:27'),(2099,1,'vi','packages/theme/theme','version','Phiên bản','2023-06-02 01:09:27','2023-06-02 01:09:27'),(2100,1,'vi','packages/theme/theme','save_changes','Lưu thay đổi','2023-06-02 01:09:27','2023-06-02 01:09:27'),(2101,1,'vi','packages/theme/theme','developer_mode','Đang kích hoạt chế độ thử nghiệm','2023-06-02 01:09:27','2023-06-02 01:09:27'),(2102,1,'vi','packages/theme/theme','custom_css','Tuỳ chỉnh CSS','2023-06-02 01:09:27','2023-06-02 01:09:27'),(2103,1,'vi','packages/theme/theme','remove','Xóa','2023-06-02 01:09:28','2023-06-02 01:09:28'),(2104,1,'vi','packages/theme/theme','remove_theme','Xóa giao diện','2023-06-02 01:09:28','2023-06-02 01:09:28'),(2105,1,'vi','packages/theme/theme','remove_theme_confirm_message','Bạn có chắc chắn muốn xóa giao diện này?','2023-06-02 01:09:28','2023-06-02 01:09:28'),(2106,1,'vi','packages/theme/theme','remove_theme_confirm_yes','Vâng, xác nhận xóa!','2023-06-02 01:09:28','2023-06-02 01:09:28'),(2107,1,'vi','packages/theme/theme','remove_theme_success','Xóa giao diện thành công!','2023-06-02 01:09:28','2023-06-02 01:09:28'),(2108,1,'vi','packages/theme/theme','settings.description','Cài đặt giao diện','2023-06-02 01:09:28','2023-06-02 01:09:28'),(2109,1,'vi','packages/theme/theme','settings.title','Giao diện','2023-06-02 01:09:28','2023-06-02 01:09:28'),(2110,1,'vi','packages/theme/theme','show_admin_bar','Hiển thị admin bar (khi admin đã đăng nhập, vẫn hiển thị admin bar trên website)?','2023-06-02 01:09:28','2023-06-02 01:09:28'),(2111,1,'vi','packages/theme/theme','total_themes','Tổng số giao diện','2023-06-02 01:09:28','2023-06-02 01:09:28'),(2112,1,'vi','packages/theme/theme','add_new','Thêm mới','2023-06-02 01:09:28','2023-06-02 01:09:28'),(2113,1,'en','packages/widget/global','name','Widgets','2023-06-02 01:09:28','2023-06-02 01:09:28'),(2114,1,'en','packages/widget/global','create','New widget','2023-06-02 01:09:28','2023-06-02 01:09:28'),(2115,1,'en','packages/widget/global','edit','Edit widget','2023-06-02 01:09:28','2023-06-02 01:09:28'),(2116,1,'en','packages/widget/global','delete','Delete','2023-06-02 01:09:28','2023-06-02 01:09:28'),(2117,1,'en','packages/widget/global','available','Available Widgets','2023-06-02 01:09:28','2023-06-02 01:09:28'),(2118,1,'en','packages/widget/global','instruction','To activate a widget drag it to a sidebar or click on it. To deactivate a widget and delete its settings, drag it back.','2023-06-02 01:09:28','2023-06-02 01:09:28'),(2119,1,'en','packages/widget/global','number_tag_display','Number tags will be display','2023-06-02 01:09:28','2023-06-02 01:09:28'),(2120,1,'en','packages/widget/global','number_post_display','Number posts will be display','2023-06-02 01:09:28','2023-06-02 01:09:28'),(2121,1,'en','packages/widget/global','select_menu','Select Menu','2023-06-02 01:09:28','2023-06-02 01:09:28'),(2122,1,'en','packages/widget/global','widget_text','Text','2023-06-02 01:09:28','2023-06-02 01:09:28'),(2123,1,'en','packages/widget/global','widget_text_description','Arbitrary text or HTML.','2023-06-02 01:09:28','2023-06-02 01:09:28'),(2124,1,'en','packages/widget/global','widget_recent_post','Recent Posts','2023-06-02 01:09:28','2023-06-02 01:09:28'),(2125,1,'en','packages/widget/global','widget_recent_post_description','Recent posts widget.','2023-06-02 01:09:28','2023-06-02 01:09:28'),(2126,1,'en','packages/widget/global','widget_custom_menu','Custom Menu','2023-06-02 01:09:28','2023-06-02 01:09:28'),(2127,1,'en','packages/widget/global','widget_custom_menu_description','Add a custom menu to your widget area.','2023-06-02 01:09:28','2023-06-02 01:09:28'),(2128,1,'en','packages/widget/global','widget_tag','Tags','2023-06-02 01:09:28','2023-06-02 01:09:28'),(2129,1,'en','packages/widget/global','widget_tag_description','Popular tags','2023-06-02 01:09:28','2023-06-02 01:09:28'),(2130,1,'en','packages/widget/global','save_success','Save widget successfully!','2023-06-02 01:09:28','2023-06-02 01:09:28'),(2131,1,'en','packages/widget/global','delete_success','Delete widget successfully!','2023-06-02 01:09:28','2023-06-02 01:09:28'),(2132,1,'en','packages/widget/widget','name','Widgets','2023-06-02 01:09:28','2023-06-02 01:09:28'),(2133,1,'en','packages/widget/widget','create','New widget','2023-06-02 01:09:28','2023-06-02 01:09:28'),(2134,1,'en','packages/widget/widget','edit','Edit widget','2023-06-02 01:09:28','2023-06-02 01:09:28'),(2135,1,'en','packages/widget/widget','delete','Delete','2023-06-02 01:09:28','2023-06-02 01:09:28'),(2136,1,'en','packages/widget/widget','available','Available Widgets','2023-06-02 01:09:28','2023-06-02 01:09:28'),(2137,1,'en','packages/widget/widget','instruction','To activate a widget drag it to a sidebar or click on it. To deactivate a widget and delete its settings, drag it back.','2023-06-02 01:09:28','2023-06-02 01:09:28'),(2138,1,'en','packages/widget/widget','number_tag_display','Number tags will be display','2023-06-02 01:09:28','2023-06-02 01:09:28'),(2139,1,'en','packages/widget/widget','number_post_display','Number posts will be display','2023-06-02 01:09:28','2023-06-02 01:09:28'),(2140,1,'en','packages/widget/widget','select_menu','Select Menu','2023-06-02 01:09:28','2023-06-02 01:09:28'),(2141,1,'en','packages/widget/widget','widget_text','Text','2023-06-02 01:09:28','2023-06-02 01:09:28'),(2142,1,'en','packages/widget/widget','widget_text_description','Arbitrary text or HTML.','2023-06-02 01:09:28','2023-06-02 01:09:28'),(2143,1,'en','packages/widget/widget','widget_recent_post','Recent Posts','2023-06-02 01:09:28','2023-06-02 01:09:28'),(2144,1,'en','packages/widget/widget','widget_recent_post_description','Recent posts widget.','2023-06-02 01:09:28','2023-06-02 01:09:28'),(2145,1,'en','packages/widget/widget','widget_custom_menu','Custom Menu','2023-06-02 01:09:28','2023-06-02 01:09:28'),(2146,1,'en','packages/widget/widget','widget_custom_menu_description','Add a custom menu to your widget area.','2023-06-02 01:09:28','2023-06-02 01:09:28'),(2147,1,'en','packages/widget/widget','widget_tag','Tags','2023-06-02 01:09:28','2023-06-02 01:09:28'),(2148,1,'en','packages/widget/widget','widget_tag_description','Popular tags','2023-06-02 01:09:28','2023-06-02 01:09:28'),(2149,1,'en','packages/widget/widget','save_success','Save widget successfully!','2023-06-02 01:09:28','2023-06-02 01:09:28'),(2150,1,'en','packages/widget/widget','delete_success','Delete widget successfully!','2023-06-02 01:09:28','2023-06-02 01:09:28'),(2151,1,'en','packages/widget/widget','primary_sidebar_name','Primary sidebar','2023-06-02 01:09:28','2023-06-02 01:09:28'),(2152,1,'en','packages/widget/widget','primary_sidebar_description','Primary sidebar section','2023-06-02 01:09:28','2023-06-02 01:09:28'),(2153,1,'vi','packages/widget/global','name','Widgets','2023-06-02 01:09:28','2023-06-02 01:09:28'),(2154,1,'vi','packages/widget/global','create','New widget','2023-06-02 01:09:28','2023-06-02 01:09:28'),(2155,1,'vi','packages/widget/global','edit','Edit widget','2023-06-02 01:09:28','2023-06-02 01:09:28'),(2156,1,'vi','packages/widget/global','available','Tiện ích có sẵn','2023-06-02 01:09:28','2023-06-02 01:09:28'),(2157,1,'vi','packages/widget/global','delete','Xóa','2023-06-02 01:09:28','2023-06-02 01:09:28'),(2158,1,'vi','packages/widget/global','instruction','Để kích hoạt tiện ích, hãy kéo nó vào sidebar hoặc nhấn vào nó. Để hủy kích hoạt tiện ích và xóa các thiết lập của tiện ích, kéo nó quay trở lại.','2023-06-02 01:09:28','2023-06-02 01:09:28'),(2159,1,'vi','packages/widget/global','number_post_display','Số bài viết sẽ hiển thị','2023-06-02 01:09:28','2023-06-02 01:09:28'),(2160,1,'vi','packages/widget/global','number_tag_display','Số thẻ sẽ hiển thị','2023-06-02 01:09:28','2023-06-02 01:09:28'),(2161,1,'vi','packages/widget/global','select_menu','Lựa chọn trình đơn','2023-06-02 01:09:28','2023-06-02 01:09:28'),(2162,1,'vi','packages/widget/global','widget_custom_menu','Menu tùy chỉnh','2023-06-02 01:09:28','2023-06-02 01:09:28'),(2163,1,'vi','packages/widget/global','widget_custom_menu_description','Thêm menu tùy chỉnh vào khu vực tiện ích của bạn','2023-06-02 01:09:28','2023-06-02 01:09:28'),(2164,1,'vi','packages/widget/global','widget_recent_post','Bài viết gần đây','2023-06-02 01:09:28','2023-06-02 01:09:28'),(2165,1,'vi','packages/widget/global','widget_recent_post_description','Tiện ích bài viết gần đây','2023-06-02 01:09:28','2023-06-02 01:09:28'),(2166,1,'vi','packages/widget/global','widget_tag','Thẻ','2023-06-02 01:09:28','2023-06-02 01:09:28'),(2167,1,'vi','packages/widget/global','widget_tag_description','Thẻ phổ biến, sử dụng nhiều','2023-06-02 01:09:28','2023-06-02 01:09:28'),(2168,1,'vi','packages/widget/global','widget_text','Văn bản','2023-06-02 01:09:28','2023-06-02 01:09:28'),(2169,1,'vi','packages/widget/global','widget_text_description','Văn bản tùy ý hoặc HTML.','2023-06-02 01:09:28','2023-06-02 01:09:28'),(2170,1,'vi','packages/widget/global','delete_success','Xoá tiện ích thành công','2023-06-02 01:09:28','2023-06-02 01:09:28'),(2171,1,'vi','packages/widget/global','save_success','Lưu tiện ích thành công!','2023-06-02 01:09:28','2023-06-02 01:09:28'),(2172,1,'vi','packages/widget/widget','name','Widgets','2023-06-02 01:09:28','2023-06-02 01:09:28'),(2173,1,'vi','packages/widget/widget','create','New widget','2023-06-02 01:09:28','2023-06-02 01:09:28'),(2174,1,'vi','packages/widget/widget','edit','Edit widget','2023-06-02 01:09:28','2023-06-02 01:09:28'),(2175,1,'vi','packages/widget/widget','available','Tiện ích có sẵn','2023-06-02 01:09:28','2023-06-02 01:09:28'),(2176,1,'vi','packages/widget/widget','delete','Xóa','2023-06-02 01:09:28','2023-06-02 01:09:28'),(2177,1,'vi','packages/widget/widget','instruction','Để kích hoạt tiện ích, hãy kéo nó vào sidebar hoặc nhấn vào nó. Để hủy kích hoạt tiện ích và xóa các thiết lập của tiện ích, kéo nó quay trở lại.','2023-06-02 01:09:28','2023-06-02 01:09:28'),(2178,1,'vi','packages/widget/widget','number_post_display','Số bài viết sẽ hiển thị','2023-06-02 01:09:28','2023-06-02 01:09:28'),(2179,1,'vi','packages/widget/widget','number_tag_display','Số thẻ sẽ hiển thị','2023-06-02 01:09:28','2023-06-02 01:09:28'),(2180,1,'vi','packages/widget/widget','select_menu','Lựa chọn trình đơn','2023-06-02 01:09:28','2023-06-02 01:09:28'),(2181,1,'vi','packages/widget/widget','widget_custom_menu','Menu tùy chỉnh','2023-06-02 01:09:28','2023-06-02 01:09:28'),(2182,1,'vi','packages/widget/widget','widget_custom_menu_description','Thêm menu tùy chỉnh vào khu vực tiện ích của bạn','2023-06-02 01:09:28','2023-06-02 01:09:28'),(2183,1,'vi','packages/widget/widget','widget_recent_post','Bài viết gần đây','2023-06-02 01:09:28','2023-06-02 01:09:28'),(2184,1,'vi','packages/widget/widget','widget_recent_post_description','Tiện ích bài viết gần đây','2023-06-02 01:09:28','2023-06-02 01:09:28'),(2185,1,'vi','packages/widget/widget','widget_tag','Thẻ','2023-06-02 01:09:28','2023-06-02 01:09:28'),(2186,1,'vi','packages/widget/widget','widget_tag_description','Thẻ phổ biến, sử dụng nhiều','2023-06-02 01:09:28','2023-06-02 01:09:28'),(2187,1,'vi','packages/widget/widget','widget_text','Văn bản','2023-06-02 01:09:28','2023-06-02 01:09:28'),(2188,1,'vi','packages/widget/widget','widget_text_description','Văn bản tùy ý hoặc HTML.','2023-06-02 01:09:28','2023-06-02 01:09:28'),(2189,1,'vi','packages/widget/widget','delete_success','Xoá tiện ích thành công','2023-06-02 01:09:28','2023-06-02 01:09:28'),(2190,1,'vi','packages/widget/widget','save_success','Lưu tiện ích thành công!','2023-06-02 01:09:28','2023-06-02 01:09:28'),(2191,1,'en','plugins/analytics/analytics','sessions','Sessions','2023-06-02 01:09:28','2023-06-02 01:09:28'),(2192,1,'en','plugins/analytics/analytics','visitors','Visitors','2023-06-02 01:09:28','2023-06-02 01:09:28'),(2193,1,'en','plugins/analytics/analytics','pageviews','Pageviews','2023-06-02 01:09:28','2023-06-02 01:09:28'),(2194,1,'en','plugins/analytics/analytics','bounce_rate','Bounce Rate','2023-06-02 01:09:28','2023-06-02 01:09:28'),(2195,1,'en','plugins/analytics/analytics','page_session','Pages/Session','2023-06-02 01:09:28','2023-06-02 01:09:28'),(2196,1,'en','plugins/analytics/analytics','avg_duration','Avg. Duration','2023-06-02 01:09:28','2023-06-02 01:09:28'),(2197,1,'en','plugins/analytics/analytics','percent_new_session','Percent new session','2023-06-02 01:09:28','2023-06-02 01:09:28'),(2198,1,'en','plugins/analytics/analytics','new_users','New visitors','2023-06-02 01:09:28','2023-06-02 01:09:28'),(2199,1,'en','plugins/analytics/analytics','visits','visits','2023-06-02 01:09:28','2023-06-02 01:09:28'),(2200,1,'en','plugins/analytics/analytics','views','views','2023-06-02 01:09:28','2023-06-02 01:09:28'),(2201,1,'en','plugins/analytics/analytics','property_id_not_specified','You must provide a valid view id. The document here: <a href=\"https://docs.botble.com/cms/master/plugin-analytics\" target=\"_blank\">https://docs.botble.com/cms/master/plugin-analytics</a>','2023-06-02 01:09:28','2023-06-02 01:09:28'),(2202,1,'en','plugins/analytics/analytics','credential_is_not_valid','Analytics credentials is not valid. The document here: <a href=\"https://docs.botble.com/cms/master/plugin-analytics\" target=\"_blank\">https://docs.botble.com/cms/master/plugin-analytics</a>','2023-06-02 01:09:28','2023-06-02 01:09:28'),(2203,1,'en','plugins/analytics/analytics','start_date_can_not_before_end_date','Start date :start_date cannot be after end date :end_date','2023-06-02 01:09:28','2023-06-02 01:09:28'),(2204,1,'en','plugins/analytics/analytics','wrong_configuration','To view analytics you\'ll need to get a Google Analytics client id and add it to your settings. <br /> You also need JSON credential data. <br /> The document here: <a href=\"https://docs.botble.com/cms/master/plugin-analytics\" target=\"_blank\">https://docs.botble.com/cms/master/plugin-analytics</a>','2023-06-02 01:09:28','2023-06-02 01:09:28'),(2205,1,'en','plugins/analytics/analytics','property_id_is_invalid','Property ID is invalid. Check this: https://developers.google.com/analytics/devguides/reporting/data/v1/property-id','2023-06-02 01:09:28','2023-06-02 01:09:28'),(2206,1,'en','plugins/analytics/analytics','settings.title','Google Analytics','2023-06-02 01:09:28','2023-06-02 01:09:28'),(2207,1,'en','plugins/analytics/analytics','settings.description','Config Credentials for Google Analytics','2023-06-02 01:09:28','2023-06-02 01:09:28'),(2208,1,'en','plugins/analytics/analytics','settings.google_tag_id','Google tag ID','2023-06-02 01:09:28','2023-06-02 01:09:28'),(2209,1,'en','plugins/analytics/analytics','settings.google_tag_id_placeholder','Example: G-76NX8HY29D','2023-06-02 01:09:28','2023-06-02 01:09:28'),(2210,1,'en','plugins/analytics/analytics','settings.analytics_property_id','Property ID for GA4','2023-06-02 01:09:28','2023-06-02 01:09:28'),(2211,1,'en','plugins/analytics/analytics','settings.analytics_property_id_description','Google Analytics Property ID (GA4)','2023-06-02 01:09:28','2023-06-02 01:09:28'),(2212,1,'en','plugins/analytics/analytics','settings.json_credential','Service Account Credentials','2023-06-02 01:09:28','2023-06-02 01:09:28'),(2213,1,'en','plugins/analytics/analytics','settings.json_credential_description','Service Account Credentials','2023-06-02 01:09:28','2023-06-02 01:09:28'),(2214,1,'en','plugins/analytics/analytics','widget_analytics_page','Top Most Visit Pages','2023-06-02 01:09:28','2023-06-02 01:09:28'),(2215,1,'en','plugins/analytics/analytics','widget_analytics_browser','Top Browsers','2023-06-02 01:09:28','2023-06-02 01:09:28'),(2216,1,'en','plugins/analytics/analytics','widget_analytics_referrer','Top Referrers','2023-06-02 01:09:28','2023-06-02 01:09:28'),(2217,1,'en','plugins/analytics/analytics','widget_analytics_general','Site Analytics','2023-06-02 01:09:28','2023-06-02 01:09:28'),(2218,1,'en','plugins/analytics/analytics','missing_library_warning','Analytics plugin error: Missing third-party libraries, please run \"composer update\" to install them.','2023-06-02 01:09:28','2023-06-02 01:09:28'),(2219,1,'vi','plugins/analytics/analytics','avg_duration','Trung bình','2023-06-02 01:09:28','2023-06-02 01:09:28'),(2220,1,'vi','plugins/analytics/analytics','bounce_rate','Tỉ lệ thoát','2023-06-02 01:09:28','2023-06-02 01:09:28'),(2221,1,'vi','plugins/analytics/analytics','page_session','Trang/Phiên','2023-06-02 01:09:28','2023-06-02 01:09:28'),(2222,1,'vi','plugins/analytics/analytics','pageviews','Lượt xem','2023-06-02 01:09:28','2023-06-02 01:09:28'),(2223,1,'vi','plugins/analytics/analytics','sessions','Phiên','2023-06-02 01:09:28','2023-06-02 01:09:28'),(2224,1,'vi','plugins/analytics/analytics','views','lượt xem','2023-06-02 01:09:28','2023-06-02 01:09:28'),(2225,1,'vi','plugins/analytics/analytics','visitors','Người truy cập','2023-06-02 01:09:28','2023-06-02 01:09:28'),(2226,1,'vi','plugins/analytics/analytics','visits','lượt ghé thăm','2023-06-02 01:09:28','2023-06-02 01:09:28'),(2227,1,'vi','plugins/analytics/analytics','credential_is_not_valid','Thông tin cài đặt không hợp lệ. Tài liệu hướng dẫn tại đây: <a href=\"https://docs.botble.com/cms/master/plugin-analytics\" target=\"_blank\">https://docs.botble.com/cms/master/plugin-analytics</a>','2023-06-02 01:09:28','2023-06-02 01:09:28'),(2228,1,'vi','plugins/analytics/analytics','new_users','Lượt khách mới','2023-06-02 01:09:28','2023-06-02 01:09:28'),(2229,1,'vi','plugins/analytics/analytics','percent_new_session','Tỉ lệ khách mới','2023-06-02 01:09:28','2023-06-02 01:09:28'),(2230,1,'vi','plugins/analytics/analytics','start_date_can_not_before_end_date','Ngày bắt đầu :start_date không thể sau ngày kết thúc :end_date','2023-06-02 01:09:28','2023-06-02 01:09:28'),(2231,1,'vi','plugins/analytics/analytics','view_id_not_specified','Bạn phải cung cấp View ID hợp lê. Tài liệu hướng dẫn tại đây: <a href=\"https://docs.botble.com/cms/master/plugin-analytics\" target=\"_blank\">https://docs.botble.com/cms/master/plugin-analytics</a>','2023-06-02 01:09:28','2023-06-02 01:09:28'),(2232,1,'vi','plugins/analytics/analytics','wrong_configuration','Để xem dữ liệu thống kê Google Analytics, bạn cần lấy thông tin Client ID và thêm nó vào trong phần cài đặt. Bạn cũng cần thông tin xác thực dạng JSON. Tài liệu hướng dẫn tại đây: <a href=\"https://docs.botble.com/cms/master/plugin-analytics\" target=\"_blank\">https://docs.botble.com/cms/master/plugin-analytics</a>','2023-06-02 01:09:28','2023-06-02 01:09:28'),(2233,1,'vi','plugins/analytics/analytics','settings.title','Google Analytics','2023-06-02 01:09:28','2023-06-02 01:09:28'),(2234,1,'vi','plugins/analytics/analytics','settings.description','Config Credentials for Google Analytics','2023-06-02 01:09:28','2023-06-02 01:09:28'),(2235,1,'vi','plugins/analytics/analytics','settings.google_tag_id','Google tag ID','2023-06-02 01:09:28','2023-06-02 01:09:28'),(2236,1,'vi','plugins/analytics/analytics','settings.google_tag_id_placeholder','Example: G-76NX8HY29D','2023-06-02 01:09:28','2023-06-02 01:09:28'),(2237,1,'vi','plugins/analytics/analytics','settings.analytics_property_id','Property ID for GA4','2023-06-02 01:09:28','2023-06-02 01:09:28'),(2238,1,'vi','plugins/analytics/analytics','settings.analytics_property_id_description','Google Analytics Property ID (GA4)','2023-06-02 01:09:28','2023-06-02 01:09:28'),(2239,1,'vi','plugins/analytics/analytics','settings.json_credential','Service Account Credentials','2023-06-02 01:09:28','2023-06-02 01:09:28'),(2240,1,'vi','plugins/analytics/analytics','settings.json_credential_description','Service Account Credentials','2023-06-02 01:09:28','2023-06-02 01:09:28'),(2241,1,'vi','plugins/analytics/analytics','widget_analytics_browser','Trình duyệt truy cập nhiều','2023-06-02 01:09:28','2023-06-02 01:09:28'),(2242,1,'vi','plugins/analytics/analytics','widget_analytics_general','Thống kê truy cập','2023-06-02 01:09:28','2023-06-02 01:09:28'),(2243,1,'vi','plugins/analytics/analytics','widget_analytics_page','Trang được xem nhiều nhất','2023-06-02 01:09:28','2023-06-02 01:09:28'),(2244,1,'vi','plugins/analytics/analytics','widget_analytics_referrer','Trang giới thiệu nhiều','2023-06-02 01:09:28','2023-06-02 01:09:28'),(2245,1,'en','plugins/audit-log/history','name','Activities Logs','2023-06-02 01:09:28','2023-06-02 01:09:28'),(2246,1,'en','plugins/audit-log/history','created','created','2023-06-02 01:09:28','2023-06-02 01:09:28'),(2247,1,'en','plugins/audit-log/history','updated','updated','2023-06-02 01:09:28','2023-06-02 01:09:28'),(2248,1,'en','plugins/audit-log/history','deleted','deleted','2023-06-02 01:09:28','2023-06-02 01:09:28'),(2249,1,'en','plugins/audit-log/history','logged in','logged in','2023-06-02 01:09:28','2023-06-02 01:09:28'),(2250,1,'en','plugins/audit-log/history','logged out','logged out','2023-06-02 01:09:28','2023-06-02 01:09:28'),(2251,1,'en','plugins/audit-log/history','changed password','changed password','2023-06-02 01:09:28','2023-06-02 01:09:28'),(2252,1,'en','plugins/audit-log/history','updated profile','updated profile','2023-06-02 01:09:28','2023-06-02 01:09:28'),(2253,1,'en','plugins/audit-log/history','attached','attached','2023-06-02 01:09:28','2023-06-02 01:09:28'),(2254,1,'en','plugins/audit-log/history','shared','shared','2023-06-02 01:09:28','2023-06-02 01:09:28'),(2255,1,'en','plugins/audit-log/history','to the system','to the system','2023-06-02 01:09:28','2023-06-02 01:09:28'),(2256,1,'en','plugins/audit-log/history','of the system','of the system','2023-06-02 01:09:28','2023-06-02 01:09:28'),(2257,1,'en','plugins/audit-log/history','menu','menu','2023-06-02 01:09:28','2023-06-02 01:09:28'),(2258,1,'en','plugins/audit-log/history','post','post','2023-06-02 01:09:28','2023-06-02 01:09:28'),(2259,1,'en','plugins/audit-log/history','page','page','2023-06-02 01:09:28','2023-06-02 01:09:28'),(2260,1,'en','plugins/audit-log/history','category','category','2023-06-02 01:09:28','2023-06-02 01:09:28'),(2261,1,'en','plugins/audit-log/history','tag','tag','2023-06-02 01:09:28','2023-06-02 01:09:28'),(2262,1,'en','plugins/audit-log/history','user','user','2023-06-02 01:09:28','2023-06-02 01:09:28'),(2263,1,'en','plugins/audit-log/history','contact','contact','2023-06-02 01:09:28','2023-06-02 01:09:28'),(2264,1,'en','plugins/audit-log/history','backup','backup','2023-06-02 01:09:29','2023-06-02 01:09:29'),(2265,1,'en','plugins/audit-log/history','custom-field','custom field','2023-06-02 01:09:29','2023-06-02 01:09:29'),(2266,1,'en','plugins/audit-log/history','widget_audit_logs','Activities Logs','2023-06-02 01:09:29','2023-06-02 01:09:29'),(2267,1,'en','plugins/audit-log/history','action','Action','2023-06-02 01:09:29','2023-06-02 01:09:29'),(2268,1,'en','plugins/audit-log/history','user_agent','User Agent','2023-06-02 01:09:29','2023-06-02 01:09:29'),(2269,1,'en','plugins/audit-log/history','system','System','2023-06-02 01:09:29','2023-06-02 01:09:29'),(2270,1,'en','plugins/audit-log/history','delete_all','Delete all records','2023-06-02 01:09:29','2023-06-02 01:09:29'),(2271,1,'vi','plugins/audit-log/history','name','Lịch sử hoạt động','2023-06-02 01:09:29','2023-06-02 01:09:29'),(2272,1,'vi','plugins/audit-log/history','created',' đã tạo','2023-06-02 01:09:29','2023-06-02 01:09:29'),(2273,1,'vi','plugins/audit-log/history','updated',' đã cập nhật','2023-06-02 01:09:29','2023-06-02 01:09:29'),(2274,1,'vi','plugins/audit-log/history','deleted',' đã xóa','2023-06-02 01:09:29','2023-06-02 01:09:29'),(2275,1,'vi','plugins/audit-log/history','attached','đính kèm','2023-06-02 01:09:29','2023-06-02 01:09:29'),(2276,1,'vi','plugins/audit-log/history','backup','sao lưu','2023-06-02 01:09:29','2023-06-02 01:09:29'),(2277,1,'vi','plugins/audit-log/history','category','danh mục','2023-06-02 01:09:29','2023-06-02 01:09:29'),(2278,1,'vi','plugins/audit-log/history','changed password','thay đổi mật khẩu','2023-06-02 01:09:29','2023-06-02 01:09:29'),(2279,1,'vi','plugins/audit-log/history','contact','liên hệ','2023-06-02 01:09:29','2023-06-02 01:09:29'),(2280,1,'vi','plugins/audit-log/history','custom-field','khung mở rộng','2023-06-02 01:09:29','2023-06-02 01:09:29'),(2281,1,'vi','plugins/audit-log/history','logged in','đăng nhập','2023-06-02 01:09:29','2023-06-02 01:09:29'),(2282,1,'vi','plugins/audit-log/history','logged out','đăng xuất','2023-06-02 01:09:29','2023-06-02 01:09:29'),(2283,1,'vi','plugins/audit-log/history','menu','trình đơn','2023-06-02 01:09:29','2023-06-02 01:09:29'),(2284,1,'vi','plugins/audit-log/history','of the system','khỏi hệ thống','2023-06-02 01:09:29','2023-06-02 01:09:29'),(2285,1,'vi','plugins/audit-log/history','page','trang','2023-06-02 01:09:29','2023-06-02 01:09:29'),(2286,1,'vi','plugins/audit-log/history','post','bài viết','2023-06-02 01:09:29','2023-06-02 01:09:29'),(2287,1,'vi','plugins/audit-log/history','shared','đã chia sẻ','2023-06-02 01:09:29','2023-06-02 01:09:29'),(2288,1,'vi','plugins/audit-log/history','tag','thẻ','2023-06-02 01:09:29','2023-06-02 01:09:29'),(2289,1,'vi','plugins/audit-log/history','to the system','vào hệ thống','2023-06-02 01:09:29','2023-06-02 01:09:29'),(2290,1,'vi','plugins/audit-log/history','updated profile','cập nhật tài khoản','2023-06-02 01:09:29','2023-06-02 01:09:29'),(2291,1,'vi','plugins/audit-log/history','user','thành viên','2023-06-02 01:09:29','2023-06-02 01:09:29'),(2292,1,'vi','plugins/audit-log/history','widget_audit_logs','Lịch sử hoạt động','2023-06-02 01:09:29','2023-06-02 01:09:29'),(2293,1,'vi','plugins/audit-log/history','system','Hệ thống','2023-06-02 01:09:29','2023-06-02 01:09:29'),(2294,1,'vi','plugins/audit-log/history','action','Hành động','2023-06-02 01:09:29','2023-06-02 01:09:29'),(2295,1,'vi','plugins/audit-log/history','delete_all','Xóa tất cả bản ghi','2023-06-02 01:09:29','2023-06-02 01:09:29'),(2296,1,'vi','plugins/audit-log/history','user_agent','User Agent','2023-06-02 01:09:29','2023-06-02 01:09:29'),(2297,1,'en','plugins/backup/backup','name','Backup','2023-06-02 01:09:29','2023-06-02 01:09:29'),(2298,1,'en','plugins/backup/backup','backup_description','Backup database and uploads folder.','2023-06-02 01:09:29','2023-06-02 01:09:29'),(2299,1,'en','plugins/backup/backup','create_backup_success','Created backup successfully!','2023-06-02 01:09:29','2023-06-02 01:09:29'),(2300,1,'en','plugins/backup/backup','delete_backup_success','Delete backup successfully!','2023-06-02 01:09:29','2023-06-02 01:09:29'),(2301,1,'en','plugins/backup/backup','restore_backup_success','Restore backup successfully!','2023-06-02 01:09:29','2023-06-02 01:09:29'),(2302,1,'en','plugins/backup/backup','generate_btn','Generate backup','2023-06-02 01:09:29','2023-06-02 01:09:29'),(2303,1,'en','plugins/backup/backup','create','Create a backup','2023-06-02 01:09:29','2023-06-02 01:09:29'),(2304,1,'en','plugins/backup/backup','restore','Restore a backup','2023-06-02 01:09:29','2023-06-02 01:09:29'),(2305,1,'en','plugins/backup/backup','create_btn','Create','2023-06-02 01:09:29','2023-06-02 01:09:29'),(2306,1,'en','plugins/backup/backup','restore_btn','Restore','2023-06-02 01:09:29','2023-06-02 01:09:29'),(2307,1,'en','plugins/backup/backup','restore_confirm_msg','Do you really want to restore this revision?','2023-06-02 01:09:29','2023-06-02 01:09:29'),(2308,1,'en','plugins/backup/backup','download_uploads_folder','Download backup of uploads folder','2023-06-02 01:09:29','2023-06-02 01:09:29'),(2309,1,'en','plugins/backup/backup','download_database','Download backup of database','2023-06-02 01:09:29','2023-06-02 01:09:29'),(2310,1,'en','plugins/backup/backup','restore_tooltip','Restore this backup','2023-06-02 01:09:29','2023-06-02 01:09:29'),(2311,1,'en','plugins/backup/backup','demo_alert','Hi guest, if you see demo site is destroyed, please help me <a href=\":link\">go here</a> and restore demo site to the latest revision! Thank you so much!','2023-06-02 01:09:29','2023-06-02 01:09:29'),(2312,1,'en','plugins/backup/backup','menu_name','Backups','2023-06-02 01:09:29','2023-06-02 01:09:29'),(2313,1,'en','plugins/backup/backup','size','Size','2023-06-02 01:09:29','2023-06-02 01:09:29'),(2314,1,'en','plugins/backup/backup','no_backups','There is no backup now!','2023-06-02 01:09:29','2023-06-02 01:09:29'),(2315,1,'en','plugins/backup/backup','proc_open_disabled_error','Function <strong>proc_open()</strong> has been disabled so the system cannot backup the database. Please contact your hosting provider to enable it.','2023-06-02 01:09:29','2023-06-02 01:09:29'),(2316,1,'en','plugins/backup/backup','database_backup_not_existed','Backup database is not existed!','2023-06-02 01:09:29','2023-06-02 01:09:29'),(2317,1,'en','plugins/backup/backup','uploads_folder_backup_not_existed','Backup uploads folder is not existed!','2023-06-02 01:09:29','2023-06-02 01:09:29'),(2318,1,'en','plugins/backup/backup','important_message1','This is a simple backup feature, it is a solution for you if your site has < 1GB data and can be used for quickly backup your site.','2023-06-02 01:09:29','2023-06-02 01:09:29'),(2319,1,'en','plugins/backup/backup','important_message2','If you have more than 1GB images/files in local storage, you should use backup feature of your hosting or VPS.','2023-06-02 01:09:29','2023-06-02 01:09:29'),(2320,1,'en','plugins/backup/backup','important_message3','To backup your database, function <strong>proc_open()</strong> or <strong>system()</strong> must be enabled. Contact your hosting provider to enable it if it is disabled.','2023-06-02 01:09:29','2023-06-02 01:09:29'),(2321,1,'en','plugins/backup/backup','important_message4','It is not a full backup, it is just back up uploaded files and your database.','2023-06-02 01:09:29','2023-06-02 01:09:29'),(2322,1,'en','plugins/backup/backup','cannot_restore_database','Cannot restore database. The database backup is missing!','2023-06-02 01:09:29','2023-06-02 01:09:29'),(2323,1,'vi','plugins/backup/backup','backup_description','Sao lưu cơ sở dữ liệu và thư mục /uploads','2023-06-02 01:09:29','2023-06-02 01:09:29'),(2324,1,'vi','plugins/backup/backup','create','Tạo bản sao lưu','2023-06-02 01:09:29','2023-06-02 01:09:29'),(2325,1,'vi','plugins/backup/backup','create_backup_success','Tạo bản sao lưu thành công!','2023-06-02 01:09:29','2023-06-02 01:09:29'),(2326,1,'vi','plugins/backup/backup','create_btn','Tạo','2023-06-02 01:09:29','2023-06-02 01:09:29'),(2327,1,'vi','plugins/backup/backup','delete_backup_success','Xóa bản sao lưu thành công!','2023-06-02 01:09:29','2023-06-02 01:09:29'),(2328,1,'vi','plugins/backup/backup','generate_btn','Tạo sao lưu','2023-06-02 01:09:29','2023-06-02 01:09:29'),(2329,1,'vi','plugins/backup/backup','name','Sao lưu','2023-06-02 01:09:29','2023-06-02 01:09:29'),(2330,1,'vi','plugins/backup/backup','restore','Khôi phục bản sao lưu','2023-06-02 01:09:29','2023-06-02 01:09:29'),(2331,1,'vi','plugins/backup/backup','restore_backup_success','Khôi phục bản sao lưu thành công','2023-06-02 01:09:29','2023-06-02 01:09:29'),(2332,1,'vi','plugins/backup/backup','restore_btn','Khôi phục','2023-06-02 01:09:29','2023-06-02 01:09:29'),(2333,1,'vi','plugins/backup/backup','restore_confirm_msg','Bạn có chắc chắn muốn khôi phục hệ thống về thời điểm tạo bản sao lưu này?','2023-06-02 01:09:29','2023-06-02 01:09:29'),(2334,1,'vi','plugins/backup/backup','restore_tooltip','Khôi phục bản sao lưu này','2023-06-02 01:09:29','2023-06-02 01:09:29'),(2335,1,'vi','plugins/backup/backup','download_database','Tải về bản sao lưu CSDL','2023-06-02 01:09:29','2023-06-02 01:09:29'),(2336,1,'vi','plugins/backup/backup','download_uploads_folder','Tải về bản sao lưu thư mục uploads','2023-06-02 01:09:29','2023-06-02 01:09:29'),(2337,1,'vi','plugins/backup/backup','menu_name','Sao lưu','2023-06-02 01:09:29','2023-06-02 01:09:29'),(2338,1,'vi','plugins/backup/backup','demo_alert','Chào khách, nếu bạn thấy trang demo bị phá hoại, hãy tới <a href=\":link\">trang sao lưu</a> và khôi phục bản sao lưu cuối cùng. Cảm ơn bạn nhiều!','2023-06-02 01:09:29','2023-06-02 01:09:29'),(2339,1,'en','plugins/blog/base','menu_name','Blog','2023-06-02 01:09:29','2023-06-02 01:09:29'),(2340,1,'en','plugins/blog/base','blog_page','Blog Page','2023-06-02 01:09:29','2023-06-02 01:09:29'),(2341,1,'en','plugins/blog/base','select','-- Select --','2023-06-02 01:09:29','2023-06-02 01:09:29'),(2342,1,'en','plugins/blog/base','blog_page_id','Blog page','2023-06-02 01:09:29','2023-06-02 01:09:29'),(2343,1,'en','plugins/blog/base','number_posts_per_page','Number posts per page','2023-06-02 01:09:29','2023-06-02 01:09:29'),(2344,1,'en','plugins/blog/base','write_some_tags','Write some tags','2023-06-02 01:09:29','2023-06-02 01:09:29'),(2345,1,'en','plugins/blog/base','short_code_name','Blog posts','2023-06-02 01:09:29','2023-06-02 01:09:29'),(2346,1,'en','plugins/blog/base','short_code_description','Add blog posts','2023-06-02 01:09:29','2023-06-02 01:09:29'),(2347,1,'en','plugins/blog/base','number_posts_per_page_in_category','Number of posts per page in a category','2023-06-02 01:09:29','2023-06-02 01:09:29'),(2348,1,'en','plugins/blog/base','number_posts_per_page_in_tag','Number of posts per page in a tag','2023-06-02 01:09:29','2023-06-02 01:09:29'),(2349,1,'en','plugins/blog/base','settings.title','Blog','2023-06-02 01:09:29','2023-06-02 01:09:29'),(2350,1,'en','plugins/blog/base','settings.description','Settings for Blog','2023-06-02 01:09:29','2023-06-02 01:09:29'),(2351,1,'en','plugins/blog/base','settings.enable_blog_post_schema','Enable Blog Post Schema?','2023-06-02 01:09:29','2023-06-02 01:09:29'),(2352,1,'en','plugins/blog/base','settings.enable_blog_post_schema_description','Learn more: https://schema.org/Article','2023-06-02 01:09:29','2023-06-02 01:09:29'),(2353,1,'en','plugins/blog/base','settings.schema_type','Schema type','2023-06-02 01:09:29','2023-06-02 01:09:29'),(2354,1,'en','plugins/blog/categories','create','Create new category','2023-06-02 01:09:29','2023-06-02 01:09:29'),(2355,1,'en','plugins/blog/categories','menu','Categories','2023-06-02 01:09:29','2023-06-02 01:09:29'),(2356,1,'en','plugins/blog/categories','edit_this_category','Edit this category','2023-06-02 01:09:29','2023-06-02 01:09:29'),(2357,1,'en','plugins/blog/categories','menu_name','Categories','2023-06-02 01:09:29','2023-06-02 01:09:29'),(2358,1,'en','plugins/blog/categories','none','None','2023-06-02 01:09:29','2023-06-02 01:09:29'),(2359,1,'en','plugins/blog/categories','total_posts','Total posts: :total','2023-06-02 01:09:29','2023-06-02 01:09:29'),(2360,1,'en','plugins/blog/member','dob','Born :date','2023-06-02 01:09:29','2023-06-02 01:09:29'),(2361,1,'en','plugins/blog/member','draft_posts','Draft Posts','2023-06-02 01:09:29','2023-06-02 01:09:29'),(2362,1,'en','plugins/blog/member','pending_posts','Pending Posts','2023-06-02 01:09:29','2023-06-02 01:09:29'),(2363,1,'en','plugins/blog/member','published_posts','Published Posts','2023-06-02 01:09:29','2023-06-02 01:09:29'),(2364,1,'en','plugins/blog/member','posts','Posts','2023-06-02 01:09:29','2023-06-02 01:09:29'),(2365,1,'en','plugins/blog/member','write_post','Write a post','2023-06-02 01:09:29','2023-06-02 01:09:29'),(2366,1,'en','plugins/blog/posts','create','Create new post','2023-06-02 01:09:29','2023-06-02 01:09:29'),(2367,1,'en','plugins/blog/posts','form.name','Name','2023-06-02 01:09:29','2023-06-02 01:09:29'),(2368,1,'en','plugins/blog/posts','form.name_placeholder','Post\'s name (Maximum :c characters)','2023-06-02 01:09:29','2023-06-02 01:09:29'),(2369,1,'en','plugins/blog/posts','form.description','Description','2023-06-02 01:09:29','2023-06-02 01:09:29'),(2370,1,'en','plugins/blog/posts','form.description_placeholder','Short description for post (Maximum :c characters)','2023-06-02 01:09:29','2023-06-02 01:09:29'),(2371,1,'en','plugins/blog/posts','form.categories','Categories','2023-06-02 01:09:29','2023-06-02 01:09:29'),(2372,1,'en','plugins/blog/posts','form.tags','Tags','2023-06-02 01:09:29','2023-06-02 01:09:29'),(2373,1,'en','plugins/blog/posts','form.tags_placeholder','Tags','2023-06-02 01:09:29','2023-06-02 01:09:29'),(2374,1,'en','plugins/blog/posts','form.content','Content','2023-06-02 01:09:29','2023-06-02 01:09:29'),(2375,1,'en','plugins/blog/posts','form.is_featured','Is featured?','2023-06-02 01:09:29','2023-06-02 01:09:29'),(2376,1,'en','plugins/blog/posts','form.note','Note content','2023-06-02 01:09:29','2023-06-02 01:09:29'),(2377,1,'en','plugins/blog/posts','form.format_type','Format','2023-06-02 01:09:29','2023-06-02 01:09:29'),(2378,1,'en','plugins/blog/posts','cannot_delete','Post could not be deleted','2023-06-02 01:09:29','2023-06-02 01:09:29'),(2379,1,'en','plugins/blog/posts','post_deleted','Post deleted','2023-06-02 01:09:29','2023-06-02 01:09:29'),(2380,1,'en','plugins/blog/posts','posts','Posts','2023-06-02 01:09:29','2023-06-02 01:09:29'),(2381,1,'en','plugins/blog/posts','post','Post','2023-06-02 01:09:29','2023-06-02 01:09:29'),(2382,1,'en','plugins/blog/posts','edit_this_post','Edit this post','2023-06-02 01:09:29','2023-06-02 01:09:29'),(2383,1,'en','plugins/blog/posts','no_new_post_now','There is no new post now!','2023-06-02 01:09:29','2023-06-02 01:09:29'),(2384,1,'en','plugins/blog/posts','menu_name','Posts','2023-06-02 01:09:29','2023-06-02 01:09:29'),(2385,1,'en','plugins/blog/posts','widget_posts_recent','Recent Posts','2023-06-02 01:09:29','2023-06-02 01:09:29'),(2386,1,'en','plugins/blog/posts','categories','Categories','2023-06-02 01:09:29','2023-06-02 01:09:29'),(2387,1,'en','plugins/blog/posts','category','Category','2023-06-02 01:09:29','2023-06-02 01:09:29'),(2388,1,'en','plugins/blog/posts','author','Author','2023-06-02 01:09:29','2023-06-02 01:09:29'),(2389,1,'en','plugins/blog/tags','form.name','Name','2023-06-02 01:09:29','2023-06-02 01:09:29'),(2390,1,'en','plugins/blog/tags','form.name_placeholder','Tag\'s name (Maximum 120 characters)','2023-06-02 01:09:29','2023-06-02 01:09:29'),(2391,1,'en','plugins/blog/tags','form.description','Description','2023-06-02 01:09:29','2023-06-02 01:09:29'),(2392,1,'en','plugins/blog/tags','form.description_placeholder','Short description for tag (Maximum 400 characters)','2023-06-02 01:09:29','2023-06-02 01:09:29'),(2393,1,'en','plugins/blog/tags','form.categories','Categories','2023-06-02 01:09:29','2023-06-02 01:09:29'),(2394,1,'en','plugins/blog/tags','notices.no_select','Please select at least one tag to take this action!','2023-06-02 01:09:29','2023-06-02 01:09:29'),(2395,1,'en','plugins/blog/tags','create','Create new tag','2023-06-02 01:09:29','2023-06-02 01:09:29'),(2396,1,'en','plugins/blog/tags','cannot_delete','Tag could not be deleted','2023-06-02 01:09:29','2023-06-02 01:09:29'),(2397,1,'en','plugins/blog/tags','deleted','Tag deleted','2023-06-02 01:09:29','2023-06-02 01:09:29'),(2398,1,'en','plugins/blog/tags','menu','Tags','2023-06-02 01:09:29','2023-06-02 01:09:29'),(2399,1,'en','plugins/blog/tags','edit_this_tag','Edit this tag','2023-06-02 01:09:29','2023-06-02 01:09:29'),(2400,1,'en','plugins/blog/tags','menu_name','Tags','2023-06-02 01:09:29','2023-06-02 01:09:29'),(2401,1,'vi','plugins/blog/base','menu_name','Blog','2023-06-02 01:09:29','2023-06-02 01:09:29'),(2402,1,'vi','plugins/blog/base','blog_page','Trang Blog','2023-06-02 01:09:29','2023-06-02 01:09:29'),(2403,1,'vi','plugins/blog/base','select','-- Lựa chọn --','2023-06-02 01:09:29','2023-06-02 01:09:29'),(2404,1,'vi','plugins/blog/base','blog_page_id','Trang Blog','2023-06-02 01:09:29','2023-06-02 01:09:29'),(2405,1,'vi','plugins/blog/categories','create','Thêm danh mục mới','2023-06-02 01:09:29','2023-06-02 01:09:29'),(2406,1,'vi','plugins/blog/categories','edit','Sửa danh mục','2023-06-02 01:09:29','2023-06-02 01:09:29'),(2407,1,'vi','plugins/blog/categories','menu','Danh mục','2023-06-02 01:09:29','2023-06-02 01:09:29'),(2408,1,'vi','plugins/blog/categories','edit_this_category','Sửa danh mục này','2023-06-02 01:09:29','2023-06-02 01:09:29'),(2409,1,'vi','plugins/blog/categories','menu_name','Danh mục','2023-06-02 01:09:29','2023-06-02 01:09:29'),(2410,1,'vi','plugins/blog/categories','none','Không','2023-06-02 01:09:29','2023-06-02 01:09:29'),(2411,1,'vi','plugins/blog/member','dob','Born :date','2023-06-02 01:09:29','2023-06-02 01:09:29'),(2412,1,'vi','plugins/blog/member','draft_posts','Draft Posts','2023-06-02 01:09:29','2023-06-02 01:09:29'),(2413,1,'vi','plugins/blog/member','pending_posts','Pending Posts','2023-06-02 01:09:29','2023-06-02 01:09:29'),(2414,1,'vi','plugins/blog/member','published_posts','Published Posts','2023-06-02 01:09:29','2023-06-02 01:09:29'),(2415,1,'vi','plugins/blog/member','posts','Posts','2023-06-02 01:09:29','2023-06-02 01:09:29'),(2416,1,'vi','plugins/blog/member','write_post','Write a post','2023-06-02 01:09:29','2023-06-02 01:09:29'),(2417,1,'vi','plugins/blog/posts','create','Thêm bài viết','2023-06-02 01:09:29','2023-06-02 01:09:29'),(2418,1,'vi','plugins/blog/posts','edit','Sửa bài viết','2023-06-02 01:09:29','2023-06-02 01:09:29'),(2419,1,'vi','plugins/blog/posts','form.name','Tên','2023-06-02 01:09:29','2023-06-02 01:09:29'),(2420,1,'vi','plugins/blog/posts','form.name_placeholder','Tên bài viết (Tối đa 120 kí tự)','2023-06-02 01:09:29','2023-06-02 01:09:29'),(2421,1,'vi','plugins/blog/posts','form.description','Mô tả','2023-06-02 01:09:29','2023-06-02 01:09:29'),(2422,1,'vi','plugins/blog/posts','form.description_placeholder','Mô tả ngắn cho bài viết (Tối đa 400 kí tự)','2023-06-02 01:09:29','2023-06-02 01:09:29'),(2423,1,'vi','plugins/blog/posts','form.categories','Chuyên mục','2023-06-02 01:09:29','2023-06-02 01:09:29'),(2424,1,'vi','plugins/blog/posts','form.tags','Từ khóa','2023-06-02 01:09:30','2023-06-02 01:09:30'),(2425,1,'vi','plugins/blog/posts','form.tags_placeholder','Thêm từ khóa','2023-06-02 01:09:30','2023-06-02 01:09:30'),(2426,1,'vi','plugins/blog/posts','form.content','Nội dung','2023-06-02 01:09:30','2023-06-02 01:09:30'),(2427,1,'vi','plugins/blog/posts','form.is_featured','Bài viết nổi bật?','2023-06-02 01:09:30','2023-06-02 01:09:30'),(2428,1,'vi','plugins/blog/posts','form.note','Nội dung ghi chú','2023-06-02 01:09:30','2023-06-02 01:09:30'),(2429,1,'vi','plugins/blog/posts','form.format_type','Định dạng','2023-06-02 01:09:30','2023-06-02 01:09:30'),(2430,1,'vi','plugins/blog/posts','post_deleted','Xóa bài viết thành công','2023-06-02 01:09:30','2023-06-02 01:09:30'),(2431,1,'vi','plugins/blog/posts','cannot_delete','Không thể xóa bài viết','2023-06-02 01:09:30','2023-06-02 01:09:30'),(2432,1,'vi','plugins/blog/posts','menu_name','Bài viết','2023-06-02 01:09:30','2023-06-02 01:09:30'),(2433,1,'vi','plugins/blog/posts','edit_this_post','Sửa bài viết này','2023-06-02 01:09:30','2023-06-02 01:09:30'),(2434,1,'vi','plugins/blog/posts','no_new_post_now','Hiện tại không có bài viết mới!','2023-06-02 01:09:30','2023-06-02 01:09:30'),(2435,1,'vi','plugins/blog/posts','posts','Bài viết','2023-06-02 01:09:30','2023-06-02 01:09:30'),(2436,1,'vi','plugins/blog/posts','post','Bài viết','2023-06-02 01:09:30','2023-06-02 01:09:30'),(2437,1,'vi','plugins/blog/posts','widget_posts_recent','Bài viết gần đây','2023-06-02 01:09:30','2023-06-02 01:09:30'),(2438,1,'vi','plugins/blog/posts','author','Tác giả','2023-06-02 01:09:30','2023-06-02 01:09:30'),(2439,1,'vi','plugins/blog/posts','categories','Danh mục','2023-06-02 01:09:30','2023-06-02 01:09:30'),(2440,1,'vi','plugins/blog/posts','category','Danh mục','2023-06-02 01:09:30','2023-06-02 01:09:30'),(2441,1,'vi','plugins/blog/tags','create','Thêm thẻ mới','2023-06-02 01:09:30','2023-06-02 01:09:30'),(2442,1,'vi','plugins/blog/tags','edit','Sửa thẻ','2023-06-02 01:09:30','2023-06-02 01:09:30'),(2443,1,'vi','plugins/blog/tags','form.name','Tên','2023-06-02 01:09:30','2023-06-02 01:09:30'),(2444,1,'vi','plugins/blog/tags','form.name_placeholder','Tên thẻ (Tối đa 120 kí tự)','2023-06-02 01:09:30','2023-06-02 01:09:30'),(2445,1,'vi','plugins/blog/tags','form.description','Mô tả','2023-06-02 01:09:30','2023-06-02 01:09:30'),(2446,1,'vi','plugins/blog/tags','form.description_placeholder','Mô tả ngắn cho tag (Tối đa 400 kí tự)','2023-06-02 01:09:30','2023-06-02 01:09:30'),(2447,1,'vi','plugins/blog/tags','form.categories','Chuyên mục','2023-06-02 01:09:30','2023-06-02 01:09:30'),(2448,1,'vi','plugins/blog/tags','notices.no_select','Chọn ít nhất 1 bài viết để thực hiện hành động này!','2023-06-02 01:09:30','2023-06-02 01:09:30'),(2449,1,'vi','plugins/blog/tags','cannot_delete','Không thể xóa thẻ','2023-06-02 01:09:30','2023-06-02 01:09:30'),(2450,1,'vi','plugins/blog/tags','deleted','Xóa thẻ thành công','2023-06-02 01:09:30','2023-06-02 01:09:30'),(2451,1,'vi','plugins/blog/tags','menu_name','Thẻ','2023-06-02 01:09:30','2023-06-02 01:09:30'),(2452,1,'vi','plugins/blog/tags','edit_this_tag','Sửa thẻ này','2023-06-02 01:09:30','2023-06-02 01:09:30'),(2453,1,'vi','plugins/blog/tags','menu','Thẻ','2023-06-02 01:09:30','2023-06-02 01:09:30'),(2454,1,'en','plugins/captcha/captcha','settings.title','Captcha','2023-06-02 01:09:30','2023-06-02 01:09:30'),(2455,1,'en','plugins/captcha/captcha','settings.description','Settings for Google Captcha','2023-06-02 01:09:30','2023-06-02 01:09:30'),(2456,1,'en','plugins/captcha/captcha','settings.captcha_site_key','Captcha Site Key','2023-06-02 01:09:30','2023-06-02 01:09:30'),(2457,1,'en','plugins/captcha/captcha','settings.captcha_secret','Captcha Secret','2023-06-02 01:09:30','2023-06-02 01:09:30'),(2458,1,'en','plugins/captcha/captcha','settings.enable_captcha','Enable Captcha?','2023-06-02 01:09:30','2023-06-02 01:09:30'),(2459,1,'en','plugins/captcha/captcha','settings.helper','Go here to get credentials https://www.google.com/recaptcha/admin#list.','2023-06-02 01:09:30','2023-06-02 01:09:30'),(2460,1,'en','plugins/captcha/captcha','settings.hide_badge','Hide recaptcha badge (for v3)','2023-06-02 01:09:30','2023-06-02 01:09:30'),(2461,1,'en','plugins/captcha/captcha','settings.type','Type','2023-06-02 01:09:30','2023-06-02 01:09:30'),(2462,1,'en','plugins/captcha/captcha','settings.v2_description','V2 (Verify requests with a challenge)','2023-06-02 01:09:30','2023-06-02 01:09:30'),(2463,1,'en','plugins/captcha/captcha','settings.v3_description','V3 (Verify requests with a score)','2023-06-02 01:09:30','2023-06-02 01:09:30'),(2464,1,'en','plugins/captcha/captcha','numbers.0','Zero','2023-06-02 01:09:30','2023-06-02 01:09:30'),(2465,1,'en','plugins/captcha/captcha','numbers.1','One','2023-06-02 01:09:30','2023-06-02 01:09:30'),(2466,1,'en','plugins/captcha/captcha','numbers.2','Two','2023-06-02 01:09:30','2023-06-02 01:09:30'),(2467,1,'en','plugins/captcha/captcha','numbers.3','Three','2023-06-02 01:09:30','2023-06-02 01:09:30'),(2468,1,'en','plugins/captcha/captcha','numbers.4','Four','2023-06-02 01:09:30','2023-06-02 01:09:30'),(2469,1,'en','plugins/captcha/captcha','numbers.5','Five','2023-06-02 01:09:30','2023-06-02 01:09:30'),(2470,1,'en','plugins/captcha/captcha','numbers.6','Six','2023-06-02 01:09:30','2023-06-02 01:09:30'),(2471,1,'en','plugins/captcha/captcha','numbers.7','Seven','2023-06-02 01:09:30','2023-06-02 01:09:30'),(2472,1,'en','plugins/captcha/captcha','numbers.8','Eight','2023-06-02 01:09:30','2023-06-02 01:09:30'),(2473,1,'en','plugins/captcha/captcha','numbers.9','Nine','2023-06-02 01:09:30','2023-06-02 01:09:30'),(2474,1,'en','plugins/captcha/captcha','numbers.10','Ten','2023-06-02 01:09:30','2023-06-02 01:09:30'),(2475,1,'en','plugins/captcha/captcha','numbers.11','Eleven','2023-06-02 01:09:30','2023-06-02 01:09:30'),(2476,1,'en','plugins/captcha/captcha','numbers.12','Twelve','2023-06-02 01:09:30','2023-06-02 01:09:30'),(2477,1,'en','plugins/captcha/captcha','operands.+','plus','2023-06-02 01:09:30','2023-06-02 01:09:30'),(2478,1,'en','plugins/captcha/captcha','operands.-','minus','2023-06-02 01:09:30','2023-06-02 01:09:30'),(2479,1,'en','plugins/captcha/captcha','operands.*','times','2023-06-02 01:09:30','2023-06-02 01:09:30'),(2480,1,'en','plugins/captcha/captcha','operands./','divided by','2023-06-02 01:09:30','2023-06-02 01:09:30'),(2481,1,'vi','plugins/captcha/captcha','settings.title','Captcha','2023-06-02 01:09:30','2023-06-02 01:09:30'),(2482,1,'vi','plugins/captcha/captcha','settings.description','Cài đặt cho Google Captcha','2023-06-02 01:09:30','2023-06-02 01:09:30'),(2483,1,'vi','plugins/captcha/captcha','settings.captcha_site_key','Captcha Site Key','2023-06-02 01:09:30','2023-06-02 01:09:30'),(2484,1,'vi','plugins/captcha/captcha','settings.captcha_secret','Captcha Secret','2023-06-02 01:09:30','2023-06-02 01:09:30'),(2485,1,'vi','plugins/captcha/captcha','settings.enable_captcha','Bật Captcha?','2023-06-02 01:09:30','2023-06-02 01:09:30'),(2486,1,'vi','plugins/captcha/captcha','settings.helper','Truy cập https://www.google.com/recaptcha/admin#list để lấy thông tin về Site key và Secret.','2023-06-02 01:09:30','2023-06-02 01:09:30'),(2487,1,'en','plugins/contact/contact','menu','Contact','2023-06-02 01:09:30','2023-06-02 01:09:30'),(2488,1,'en','plugins/contact/contact','edit','View contact','2023-06-02 01:09:30','2023-06-02 01:09:30'),(2489,1,'en','plugins/contact/contact','tables.phone','Phone','2023-06-02 01:09:30','2023-06-02 01:09:30'),(2490,1,'en','plugins/contact/contact','tables.email','Email','2023-06-02 01:09:30','2023-06-02 01:09:30'),(2491,1,'en','plugins/contact/contact','tables.full_name','Full Name','2023-06-02 01:09:30','2023-06-02 01:09:30'),(2492,1,'en','plugins/contact/contact','tables.time','Time','2023-06-02 01:09:30','2023-06-02 01:09:30'),(2493,1,'en','plugins/contact/contact','tables.address','Address','2023-06-02 01:09:30','2023-06-02 01:09:30'),(2494,1,'en','plugins/contact/contact','tables.subject','Subject','2023-06-02 01:09:30','2023-06-02 01:09:30'),(2495,1,'en','plugins/contact/contact','tables.content','Content','2023-06-02 01:09:30','2023-06-02 01:09:30'),(2496,1,'en','plugins/contact/contact','contact_information','Contact information','2023-06-02 01:09:30','2023-06-02 01:09:30'),(2497,1,'en','plugins/contact/contact','replies','Replies','2023-06-02 01:09:30','2023-06-02 01:09:30'),(2498,1,'en','plugins/contact/contact','email.header','Email','2023-06-02 01:09:30','2023-06-02 01:09:30'),(2499,1,'en','plugins/contact/contact','email.title','New contact from your site','2023-06-02 01:09:30','2023-06-02 01:09:30'),(2500,1,'en','plugins/contact/contact','form.name.required','Name is required','2023-06-02 01:09:30','2023-06-02 01:09:30'),(2501,1,'en','plugins/contact/contact','form.email.required','Email is required','2023-06-02 01:09:30','2023-06-02 01:09:30'),(2502,1,'en','plugins/contact/contact','form.email.email','The email address is not valid','2023-06-02 01:09:30','2023-06-02 01:09:30'),(2503,1,'en','plugins/contact/contact','form.content.required','Content is required','2023-06-02 01:09:30','2023-06-02 01:09:30'),(2504,1,'en','plugins/contact/contact','contact_sent_from','This contact information sent from','2023-06-02 01:09:30','2023-06-02 01:09:30'),(2505,1,'en','plugins/contact/contact','sender','Sender','2023-06-02 01:09:30','2023-06-02 01:09:30'),(2506,1,'en','plugins/contact/contact','sender_email','Email','2023-06-02 01:09:30','2023-06-02 01:09:30'),(2507,1,'en','plugins/contact/contact','sender_address','Address','2023-06-02 01:09:30','2023-06-02 01:09:30'),(2508,1,'en','plugins/contact/contact','sender_phone','Phone','2023-06-02 01:09:30','2023-06-02 01:09:30'),(2509,1,'en','plugins/contact/contact','message_content','Message content','2023-06-02 01:09:30','2023-06-02 01:09:30'),(2510,1,'en','plugins/contact/contact','sent_from','Email sent from','2023-06-02 01:09:30','2023-06-02 01:09:30'),(2511,1,'en','plugins/contact/contact','form_name','Name','2023-06-02 01:09:30','2023-06-02 01:09:30'),(2512,1,'en','plugins/contact/contact','form_email','Email','2023-06-02 01:09:30','2023-06-02 01:09:30'),(2513,1,'en','plugins/contact/contact','form_address','Address','2023-06-02 01:09:30','2023-06-02 01:09:30'),(2514,1,'en','plugins/contact/contact','form_subject','Subject','2023-06-02 01:09:30','2023-06-02 01:09:30'),(2515,1,'en','plugins/contact/contact','form_phone','Phone','2023-06-02 01:09:30','2023-06-02 01:09:30'),(2516,1,'en','plugins/contact/contact','form_message','Message','2023-06-02 01:09:30','2023-06-02 01:09:30'),(2517,1,'en','plugins/contact/contact','required_field','The field with (<span style=\"color: red\">*</span>) is required.','2023-06-02 01:09:30','2023-06-02 01:09:30'),(2518,1,'en','plugins/contact/contact','send_btn','Send message','2023-06-02 01:09:30','2023-06-02 01:09:30'),(2519,1,'en','plugins/contact/contact','new_msg_notice','You have <span class=\"bold\">:count</span> New Messages','2023-06-02 01:09:30','2023-06-02 01:09:30'),(2520,1,'en','plugins/contact/contact','view_all','View all','2023-06-02 01:09:30','2023-06-02 01:09:30'),(2521,1,'en','plugins/contact/contact','statuses.read','Read','2023-06-02 01:09:30','2023-06-02 01:09:30'),(2522,1,'en','plugins/contact/contact','statuses.unread','Unread','2023-06-02 01:09:30','2023-06-02 01:09:30'),(2523,1,'en','plugins/contact/contact','phone','Phone','2023-06-02 01:09:30','2023-06-02 01:09:30'),(2524,1,'en','plugins/contact/contact','address','Address','2023-06-02 01:09:30','2023-06-02 01:09:30'),(2525,1,'en','plugins/contact/contact','message','Message','2023-06-02 01:09:30','2023-06-02 01:09:30'),(2526,1,'en','plugins/contact/contact','settings.email.title','Contact','2023-06-02 01:09:30','2023-06-02 01:09:30'),(2527,1,'en','plugins/contact/contact','settings.email.description','Contact email configuration','2023-06-02 01:09:30','2023-06-02 01:09:30'),(2528,1,'en','plugins/contact/contact','settings.email.templates.notice_title','Send notice to administrator','2023-06-02 01:09:30','2023-06-02 01:09:30'),(2529,1,'en','plugins/contact/contact','settings.email.templates.notice_description','Email template to send notice to administrator when system get new contact','2023-06-02 01:09:30','2023-06-02 01:09:30'),(2530,1,'en','plugins/contact/contact','settings.title','Contact','2023-06-02 01:09:30','2023-06-02 01:09:30'),(2531,1,'en','plugins/contact/contact','settings.description','Settings for contact plugin','2023-06-02 01:09:30','2023-06-02 01:09:30'),(2532,1,'en','plugins/contact/contact','settings.blacklist_keywords','Blacklist keywords','2023-06-02 01:09:30','2023-06-02 01:09:30'),(2533,1,'en','plugins/contact/contact','settings.blacklist_keywords_placeholder','keywords...','2023-06-02 01:09:30','2023-06-02 01:09:30'),(2534,1,'en','plugins/contact/contact','settings.blacklist_keywords_helper','Blacklist contact requests if it includes those keywords in the content field (separate by comma).','2023-06-02 01:09:30','2023-06-02 01:09:30'),(2535,1,'en','plugins/contact/contact','settings.blacklist_email_domains','Blacklist email domains','2023-06-02 01:09:30','2023-06-02 01:09:30'),(2536,1,'en','plugins/contact/contact','settings.blacklist_email_domains_placeholder','domain...','2023-06-02 01:09:30','2023-06-02 01:09:30'),(2537,1,'en','plugins/contact/contact','settings.blacklist_email_domains_helper','Blacklist contact requests if the email domain is in blacklist domains (separate by comma).','2023-06-02 01:09:30','2023-06-02 01:09:30'),(2538,1,'en','plugins/contact/contact','settings.enable_math_captcha','Enable math captcha?','2023-06-02 01:09:30','2023-06-02 01:09:30'),(2539,1,'en','plugins/contact/contact','no_reply','No reply yet!','2023-06-02 01:09:30','2023-06-02 01:09:30'),(2540,1,'en','plugins/contact/contact','reply','Reply','2023-06-02 01:09:30','2023-06-02 01:09:30'),(2541,1,'en','plugins/contact/contact','send','Send','2023-06-02 01:09:30','2023-06-02 01:09:30'),(2542,1,'en','plugins/contact/contact','shortcode_name','Contact form','2023-06-02 01:09:30','2023-06-02 01:09:30'),(2543,1,'en','plugins/contact/contact','shortcode_description','Add a contact form','2023-06-02 01:09:30','2023-06-02 01:09:30'),(2544,1,'en','plugins/contact/contact','shortcode_content_description','Add shortcode [contact-form][/contact-form] to editor?','2023-06-02 01:09:30','2023-06-02 01:09:30'),(2545,1,'en','plugins/contact/contact','message_sent_success','Message sent successfully!','2023-06-02 01:09:30','2023-06-02 01:09:30'),(2546,1,'vi','plugins/contact/contact','menu','Liên hệ','2023-06-02 01:09:30','2023-06-02 01:09:30'),(2547,1,'vi','plugins/contact/contact','edit','Xem liên hệ','2023-06-02 01:09:30','2023-06-02 01:09:30'),(2548,1,'vi','plugins/contact/contact','tables.phone','Điện thoại','2023-06-02 01:09:30','2023-06-02 01:09:30'),(2549,1,'vi','plugins/contact/contact','tables.email','Email','2023-06-02 01:09:30','2023-06-02 01:09:30'),(2550,1,'vi','plugins/contact/contact','tables.full_name','Họ tên','2023-06-02 01:09:30','2023-06-02 01:09:30'),(2551,1,'vi','plugins/contact/contact','tables.time','Thời gian','2023-06-02 01:09:30','2023-06-02 01:09:30'),(2552,1,'vi','plugins/contact/contact','tables.address','Địa địa chỉ','2023-06-02 01:09:30','2023-06-02 01:09:30'),(2553,1,'vi','plugins/contact/contact','tables.subject','Tiêu đề','2023-06-02 01:09:30','2023-06-02 01:09:30'),(2554,1,'vi','plugins/contact/contact','tables.content','Nội dung','2023-06-02 01:09:30','2023-06-02 01:09:30'),(2555,1,'vi','plugins/contact/contact','contact_information','Thông tin liên hệ','2023-06-02 01:09:30','2023-06-02 01:09:30'),(2556,1,'vi','plugins/contact/contact','email.title','Thông tin liên hệ mới','2023-06-02 01:09:30','2023-06-02 01:09:30'),(2557,1,'vi','plugins/contact/contact','email.header','Email','2023-06-02 01:09:30','2023-06-02 01:09:30'),(2558,1,'vi','plugins/contact/contact','form.name.required','Tên là bắt buộc','2023-06-02 01:09:30','2023-06-02 01:09:30'),(2559,1,'vi','plugins/contact/contact','form.email.required','Email là bắt buộc','2023-06-02 01:09:30','2023-06-02 01:09:30'),(2560,1,'vi','plugins/contact/contact','form.email.email','Địa chỉ email không hợp lệ','2023-06-02 01:09:30','2023-06-02 01:09:30'),(2561,1,'vi','plugins/contact/contact','form.content.required','Nội dung là bắt buộc','2023-06-02 01:09:30','2023-06-02 01:09:30'),(2562,1,'vi','plugins/contact/contact','contact_sent_from','Liên hệ này được gửi từ','2023-06-02 01:09:30','2023-06-02 01:09:30'),(2563,1,'vi','plugins/contact/contact','form_address','Địa chỉ','2023-06-02 01:09:30','2023-06-02 01:09:30'),(2564,1,'vi','plugins/contact/contact','form_email','Thư điện tử','2023-06-02 01:09:30','2023-06-02 01:09:30'),(2565,1,'vi','plugins/contact/contact','form_message','Thông điệp','2023-06-02 01:09:30','2023-06-02 01:09:30'),(2566,1,'vi','plugins/contact/contact','form_name','Họ tên','2023-06-02 01:09:30','2023-06-02 01:09:30'),(2567,1,'vi','plugins/contact/contact','form_phone','Số điện thoại','2023-06-02 01:09:30','2023-06-02 01:09:30'),(2568,1,'vi','plugins/contact/contact','message_content','Nội dung thông điệp','2023-06-02 01:09:30','2023-06-02 01:09:30'),(2569,1,'vi','plugins/contact/contact','required_field','Những trường có dấu (<span style=\"color: red\">*</span>) là bắt buộc.','2023-06-02 01:09:30','2023-06-02 01:09:30'),(2570,1,'vi','plugins/contact/contact','send_btn','Gửi tin nhắn','2023-06-02 01:09:30','2023-06-02 01:09:30'),(2571,1,'vi','plugins/contact/contact','sender','Người gửi','2023-06-02 01:09:30','2023-06-02 01:09:30'),(2572,1,'vi','plugins/contact/contact','sender_address','Địa chỉ','2023-06-02 01:09:30','2023-06-02 01:09:30'),(2573,1,'vi','plugins/contact/contact','sender_email','Thư điện tử','2023-06-02 01:09:30','2023-06-02 01:09:30'),(2574,1,'vi','plugins/contact/contact','sender_phone','Số điện thoại','2023-06-02 01:09:30','2023-06-02 01:09:30'),(2575,1,'vi','plugins/contact/contact','sent_from','Thư được gửi từ','2023-06-02 01:09:30','2023-06-02 01:09:30'),(2576,1,'vi','plugins/contact/contact','address','Địa chỉ','2023-06-02 01:09:30','2023-06-02 01:09:30'),(2577,1,'vi','plugins/contact/contact','message','Liên hệ','2023-06-02 01:09:30','2023-06-02 01:09:30'),(2578,1,'vi','plugins/contact/contact','new_msg_notice','Bạn có <span class=\"bold\">:count</span> tin nhắn mới','2023-06-02 01:09:30','2023-06-02 01:09:30'),(2579,1,'vi','plugins/contact/contact','phone','Điện thoại','2023-06-02 01:09:30','2023-06-02 01:09:30'),(2580,1,'vi','plugins/contact/contact','statuses.read','Đã đọc','2023-06-02 01:09:30','2023-06-02 01:09:30'),(2581,1,'vi','plugins/contact/contact','statuses.unread','Chưa đọc','2023-06-02 01:09:30','2023-06-02 01:09:30'),(2582,1,'vi','plugins/contact/contact','view_all','Xem tất cả','2023-06-02 01:09:30','2023-06-02 01:09:30'),(2583,1,'vi','plugins/contact/contact','settings.email.title','Liên hệ','2023-06-02 01:09:30','2023-06-02 01:09:30'),(2584,1,'vi','plugins/contact/contact','settings.email.description','Cấu hình thông tin cho mục liên hệ','2023-06-02 01:09:30','2023-06-02 01:09:30'),(2585,1,'vi','plugins/contact/contact','settings.email.templates.notice_title','Thông báo tới admin','2023-06-02 01:09:30','2023-06-02 01:09:30'),(2586,1,'vi','plugins/contact/contact','settings.email.templates.notice_description','Mẫu nội dung email gửi tới admin khi có liên hệ mới','2023-06-02 01:09:30','2023-06-02 01:09:30'),(2587,1,'vi','plugins/contact/contact','replies','Trả lời','2023-06-02 01:09:30','2023-06-02 01:09:30'),(2588,1,'vi','plugins/contact/contact','form_subject','Tiêu đề','2023-06-02 01:09:30','2023-06-02 01:09:30'),(2589,1,'en','plugins/cookie-consent/cookie-consent','theme_options.name','Cookie Consent','2023-06-02 01:09:30','2023-06-02 01:09:30'),(2590,1,'en','plugins/cookie-consent/cookie-consent','theme_options.description','Cookie consent settings','2023-06-02 01:09:30','2023-06-02 01:09:30'),(2591,1,'en','plugins/cookie-consent/cookie-consent','theme_options.enable','Enable cookie consent?','2023-06-02 01:09:30','2023-06-02 01:09:30'),(2592,1,'en','plugins/cookie-consent/cookie-consent','theme_options.message','Message','2023-06-02 01:09:30','2023-06-02 01:09:30'),(2593,1,'en','plugins/cookie-consent/cookie-consent','theme_options.button_text','Button text','2023-06-02 01:09:30','2023-06-02 01:09:30'),(2594,1,'en','plugins/cookie-consent/cookie-consent','theme_options.max_width','Max width (px)','2023-06-02 01:09:30','2023-06-02 01:09:30'),(2595,1,'en','plugins/cookie-consent/cookie-consent','theme_options.background_color','Background color','2023-06-02 01:09:30','2023-06-02 01:09:30'),(2596,1,'en','plugins/cookie-consent/cookie-consent','theme_options.text_color','Text color','2023-06-02 01:09:30','2023-06-02 01:09:30'),(2597,1,'en','plugins/cookie-consent/cookie-consent','theme_options.learn_more_url','Learn more URL','2023-06-02 01:09:30','2023-06-02 01:09:30'),(2598,1,'en','plugins/cookie-consent/cookie-consent','theme_options.learn_more_text','Learn more text','2023-06-02 01:09:30','2023-06-02 01:09:30'),(2599,1,'en','plugins/cookie-consent/cookie-consent','theme_options.style','Style','2023-06-02 01:09:30','2023-06-02 01:09:30'),(2600,1,'en','plugins/cookie-consent/cookie-consent','theme_options.full_width','Full width','2023-06-02 01:09:30','2023-06-02 01:09:30'),(2601,1,'en','plugins/cookie-consent/cookie-consent','theme_options.minimal','Minimal','2023-06-02 01:09:30','2023-06-02 01:09:30'),(2602,1,'en','plugins/cookie-consent/cookie-consent','message','Your experience on this site will be improved by allowing cookies.','2023-06-02 01:09:30','2023-06-02 01:09:30'),(2603,1,'en','plugins/cookie-consent/cookie-consent','button_text','Allow cookies','2023-06-02 01:09:30','2023-06-02 01:09:30'),(2604,1,'en','plugins/gallery/gallery','create','Create new gallery','2023-06-02 01:09:30','2023-06-02 01:09:30'),(2605,1,'en','plugins/gallery/gallery','galleries','Galleries','2023-06-02 01:09:31','2023-06-02 01:09:31'),(2606,1,'en','plugins/gallery/gallery','item','Gallery item','2023-06-02 01:09:31','2023-06-02 01:09:31'),(2607,1,'en','plugins/gallery/gallery','select_image','Select images','2023-06-02 01:09:31','2023-06-02 01:09:31'),(2608,1,'en','plugins/gallery/gallery','reset','Reset gallery','2023-06-02 01:09:31','2023-06-02 01:09:31'),(2609,1,'en','plugins/gallery/gallery','update_photo_description','Update photo\'s description','2023-06-02 01:09:31','2023-06-02 01:09:31'),(2610,1,'en','plugins/gallery/gallery','update_photo_description_placeholder','Photo\'s description...','2023-06-02 01:09:31','2023-06-02 01:09:31'),(2611,1,'en','plugins/gallery/gallery','delete_photo','Delete this photo','2023-06-02 01:09:31','2023-06-02 01:09:31'),(2612,1,'en','plugins/gallery/gallery','gallery_box','Gallery images','2023-06-02 01:09:31','2023-06-02 01:09:31'),(2613,1,'en','plugins/gallery/gallery','by','By','2023-06-02 01:09:31','2023-06-02 01:09:31'),(2614,1,'en','plugins/gallery/gallery','menu_name','Galleries','2023-06-02 01:09:31','2023-06-02 01:09:31'),(2615,1,'en','plugins/gallery/gallery','gallery_images','Gallery images','2023-06-02 01:09:31','2023-06-02 01:09:31'),(2616,1,'en','plugins/gallery/gallery','add_gallery_short_code','Add a gallery','2023-06-02 01:09:31','2023-06-02 01:09:31'),(2617,1,'en','plugins/gallery/gallery','shortcode_name','Gallery images','2023-06-02 01:09:31','2023-06-02 01:09:31'),(2618,1,'en','plugins/gallery/gallery','limit_display','Limit number display','2023-06-02 01:09:31','2023-06-02 01:09:31'),(2619,1,'en','plugins/gallery/gallery','edit_this_gallery','Edit this gallery','2023-06-02 01:09:31','2023-06-02 01:09:31'),(2620,1,'en','plugins/gallery/gallery','galleries_page','Galleries page','2023-06-02 01:09:31','2023-06-02 01:09:31'),(2621,1,'vi','plugins/gallery/gallery','create','Tạo mới thư viện ảnh','2023-06-02 01:09:31','2023-06-02 01:09:31'),(2622,1,'vi','plugins/gallery/gallery','edit','Sửa thư viện ảnh','2023-06-02 01:09:31','2023-06-02 01:09:31'),(2623,1,'vi','plugins/gallery/gallery','delete_photo','Xóa ảnh này','2023-06-02 01:09:31','2023-06-02 01:09:31'),(2624,1,'vi','plugins/gallery/gallery','galleries','Thư viện ảnh','2023-06-02 01:09:31','2023-06-02 01:09:31'),(2625,1,'vi','plugins/gallery/gallery','item','Ảnh','2023-06-02 01:09:31','2023-06-02 01:09:31'),(2626,1,'vi','plugins/gallery/gallery','reset','Làm mới thư viện','2023-06-02 01:09:31','2023-06-02 01:09:31'),(2627,1,'vi','plugins/gallery/gallery','select_image','Lựa chọn hình ảnh','2023-06-02 01:09:31','2023-06-02 01:09:31'),(2628,1,'vi','plugins/gallery/gallery','update_photo_description','Cập nhật mô tả cho hình ảnh','2023-06-02 01:09:31','2023-06-02 01:09:31'),(2629,1,'vi','plugins/gallery/gallery','update_photo_description_placeholder','Mô tả của hình ảnh','2023-06-02 01:09:31','2023-06-02 01:09:31'),(2630,1,'vi','plugins/gallery/gallery','by','Bởi','2023-06-02 01:09:31','2023-06-02 01:09:31'),(2631,1,'vi','plugins/gallery/gallery','gallery_box','Thư viện ảnh','2023-06-02 01:09:31','2023-06-02 01:09:31'),(2632,1,'vi','plugins/gallery/gallery','menu_name','Thư viện ảnh','2023-06-02 01:09:31','2023-06-02 01:09:31'),(2633,1,'vi','plugins/gallery/gallery','add_gallery_short_code','Thêm thư viện ảnh','2023-06-02 01:09:31','2023-06-02 01:09:31'),(2634,1,'vi','plugins/gallery/gallery','gallery_images','Thư viện ảnh','2023-06-02 01:09:31','2023-06-02 01:09:31'),(2635,1,'en','plugins/hotel/amenity','name','Amenities','2023-06-02 01:09:31','2023-06-02 01:09:31'),(2636,1,'en','plugins/hotel/amenity','create','New amenity','2023-06-02 01:09:31','2023-06-02 01:09:31'),(2637,1,'en','plugins/hotel/amenity','edit','Edit amenity','2023-06-02 01:09:31','2023-06-02 01:09:31'),(2638,1,'en','plugins/hotel/amenity','icon','Icon','2023-06-02 01:09:31','2023-06-02 01:09:31'),(2639,1,'en','plugins/hotel/booking-address','name','Booking addresses','2023-06-02 01:09:31','2023-06-02 01:09:31'),(2640,1,'en','plugins/hotel/booking-address','create','New booking address','2023-06-02 01:09:31','2023-06-02 01:09:31'),(2641,1,'en','plugins/hotel/booking-address','edit','Edit booking address','2023-06-02 01:09:31','2023-06-02 01:09:31'),(2642,1,'en','plugins/hotel/booking-room','name','Booking rooms','2023-06-02 01:09:31','2023-06-02 01:09:31'),(2643,1,'en','plugins/hotel/booking-room','create','New booking room','2023-06-02 01:09:31','2023-06-02 01:09:31'),(2644,1,'en','plugins/hotel/booking-room','edit','Edit booking room','2023-06-02 01:09:31','2023-06-02 01:09:31'),(2645,1,'en','plugins/hotel/booking','name','Bookings','2023-06-02 01:09:31','2023-06-02 01:09:31'),(2646,1,'en','plugins/hotel/booking','create','New booking','2023-06-02 01:09:31','2023-06-02 01:09:31'),(2647,1,'en','plugins/hotel/booking','edit','Edit booking','2023-06-02 01:09:31','2023-06-02 01:09:31'),(2648,1,'en','plugins/hotel/booking','statuses.pending','Pending','2023-06-02 01:09:31','2023-06-02 01:09:31'),(2649,1,'en','plugins/hotel/booking','statuses.processing','Processing','2023-06-02 01:09:31','2023-06-02 01:09:31'),(2650,1,'en','plugins/hotel/booking','statuses.completed','Completed','2023-06-02 01:09:31','2023-06-02 01:09:31'),(2651,1,'en','plugins/hotel/booking','statuses.cancelled','Cancelled','2023-06-02 01:09:31','2023-06-02 01:09:31'),(2652,1,'en','plugins/hotel/booking','amount','Amount','2023-06-02 01:09:31','2023-06-02 01:09:31'),(2653,1,'en','plugins/hotel/booking','customer','Customer','2023-06-02 01:09:31','2023-06-02 01:09:31'),(2654,1,'en','plugins/hotel/booking','room','Room','2023-06-02 01:09:31','2023-06-02 01:09:31'),(2655,1,'en','plugins/hotel/booking','booking_information','Booking Information','2023-06-02 01:09:31','2023-06-02 01:09:31'),(2656,1,'en','plugins/hotel/booking','time','Time','2023-06-02 01:09:31','2023-06-02 01:09:31'),(2657,1,'en','plugins/hotel/booking','full_name','Full Name','2023-06-02 01:09:31','2023-06-02 01:09:31'),(2658,1,'en','plugins/hotel/booking','email','Email','2023-06-02 01:09:31','2023-06-02 01:09:31'),(2659,1,'en','plugins/hotel/booking','phone','Phone','2023-06-02 01:09:31','2023-06-02 01:09:31'),(2660,1,'en','plugins/hotel/booking','address','Address','2023-06-02 01:09:31','2023-06-02 01:09:31'),(2661,1,'en','plugins/hotel/booking','arrival_time','Arrival Time','2023-06-02 01:09:31','2023-06-02 01:09:31'),(2662,1,'en','plugins/hotel/booking','start_date','Start Date','2023-06-02 01:09:31','2023-06-02 01:09:31'),(2663,1,'en','plugins/hotel/booking','end_date','End Date','2023-06-02 01:09:31','2023-06-02 01:09:31'),(2664,1,'en','plugins/hotel/booking','settings.email.title','Booking','2023-06-02 01:09:31','2023-06-02 01:09:31'),(2665,1,'en','plugins/hotel/booking','settings.email.description','Booking email configuration','2023-06-02 01:09:31','2023-06-02 01:09:31'),(2666,1,'en','plugins/hotel/booking','settings.email.templates.notice_title','Send notice to administrator','2023-06-02 01:09:31','2023-06-02 01:09:31'),(2667,1,'en','plugins/hotel/booking','settings.email.templates.notice_description','Email template to send notice to administrator when system get new booking','2023-06-02 01:09:31','2023-06-02 01:09:31'),(2668,1,'en','plugins/hotel/booking','settings.email.templates.booking_success_title','Send email to guest','2023-06-02 01:09:31','2023-06-02 01:09:31'),(2669,1,'en','plugins/hotel/booking','settings.email.templates.booking_success_description','Email template to send email to guest to confirm booking','2023-06-02 01:09:31','2023-06-02 01:09:31'),(2670,1,'en','plugins/hotel/booking','new_booking_notice','You have <span class=\"bold\">:count</span> new booking(s)','2023-06-02 01:09:31','2023-06-02 01:09:31'),(2671,1,'en','plugins/hotel/booking','view_all','View all','2023-06-02 01:09:31','2023-06-02 01:09:31'),(2672,1,'en','plugins/hotel/booking','payment_method','Payment method','2023-06-02 01:09:31','2023-06-02 01:09:31'),(2673,1,'en','plugins/hotel/booking','payment_status_label','Payment status','2023-06-02 01:09:31','2023-06-02 01:09:31'),(2674,1,'en','plugins/hotel/booking','booking_period','Booking period','2023-06-02 01:09:31','2023-06-02 01:09:31'),(2675,1,'en','plugins/hotel/currency','currencies','Currencies','2023-06-02 01:09:31','2023-06-02 01:09:31'),(2676,1,'en','plugins/hotel/currency','setting_description','List of currencies using on website','2023-06-02 01:09:31','2023-06-02 01:09:31'),(2677,1,'en','plugins/hotel/currency','name','Name','2023-06-02 01:09:31','2023-06-02 01:09:31'),(2678,1,'en','plugins/hotel/currency','symbol','Symbol','2023-06-02 01:09:31','2023-06-02 01:09:31'),(2679,1,'en','plugins/hotel/currency','number_of_decimals','Number of decimals','2023-06-02 01:09:31','2023-06-02 01:09:31'),(2680,1,'en','plugins/hotel/currency','exchange_rate','Exchange rate','2023-06-02 01:09:31','2023-06-02 01:09:31'),(2681,1,'en','plugins/hotel/currency','is_prefix_symbol','Position of symbol','2023-06-02 01:09:31','2023-06-02 01:09:31'),(2682,1,'en','plugins/hotel/currency','is_default','Is default?','2023-06-02 01:09:31','2023-06-02 01:09:31'),(2683,1,'en','plugins/hotel/currency','remove','Remove','2023-06-02 01:09:31','2023-06-02 01:09:31'),(2684,1,'en','plugins/hotel/currency','new_currency','Add a new currency','2023-06-02 01:09:31','2023-06-02 01:09:31'),(2685,1,'en','plugins/hotel/currency','save_settings','Save settings','2023-06-02 01:09:31','2023-06-02 01:09:31'),(2686,1,'en','plugins/hotel/currency','before_number','Before number','2023-06-02 01:09:31','2023-06-02 01:09:31'),(2687,1,'en','plugins/hotel/currency','after_number','After number','2023-06-02 01:09:31','2023-06-02 01:09:31'),(2688,1,'en','plugins/hotel/currency','require_at_least_one_currency','The system requires at least one currency!','2023-06-02 01:09:31','2023-06-02 01:09:31'),(2689,1,'en','plugins/hotel/currency','thousands_separator','Thousands separator','2023-06-02 01:09:31','2023-06-02 01:09:31'),(2690,1,'en','plugins/hotel/currency','decimal_separator','Decimal separator','2023-06-02 01:09:31','2023-06-02 01:09:31'),(2691,1,'en','plugins/hotel/currency','separator_period','Period (.)','2023-06-02 01:09:31','2023-06-02 01:09:31'),(2692,1,'en','plugins/hotel/currency','separator_comma','Comma (,)','2023-06-02 01:09:31','2023-06-02 01:09:31'),(2693,1,'en','plugins/hotel/currency','separator_space','Space ( )','2023-06-02 01:09:31','2023-06-02 01:09:31'),(2694,1,'en','plugins/hotel/currency','enable_auto_detect_visitor_currency','Enable auto-detect visitor currency?','2023-06-02 01:09:31','2023-06-02 01:09:31'),(2695,1,'en','plugins/hotel/currency','add_space_between_price_and_currency','Add a space between price and currency?','2023-06-02 01:09:31','2023-06-02 01:09:31'),(2696,1,'en','plugins/hotel/currency','instruction','Please check list currency code here: https://en.wikipedia.org/wiki/ISO_4217','2023-06-02 01:09:31','2023-06-02 01:09:31'),(2697,1,'en','plugins/hotel/customer','name','Customers','2023-06-02 01:09:31','2023-06-02 01:09:31'),(2698,1,'en','plugins/hotel/customer','create','New customer','2023-06-02 01:09:31','2023-06-02 01:09:31'),(2699,1,'en','plugins/hotel/customer','edit','Edit customer','2023-06-02 01:09:31','2023-06-02 01:09:31'),(2700,1,'en','plugins/hotel/customer','form.first_name','First Name','2023-06-02 01:09:31','2023-06-02 01:09:31'),(2701,1,'en','plugins/hotel/customer','form.first_name_placeholder','First Name','2023-06-02 01:09:31','2023-06-02 01:09:31'),(2702,1,'en','plugins/hotel/customer','form.last_name','Last Name','2023-06-02 01:09:31','2023-06-02 01:09:31'),(2703,1,'en','plugins/hotel/customer','form.last_name_placeholder','Last Name','2023-06-02 01:09:31','2023-06-02 01:09:31'),(2704,1,'en','plugins/hotel/customer','form.email','Email','2023-06-02 01:09:31','2023-06-02 01:09:31'),(2705,1,'en','plugins/hotel/customer','form.email_placeholder','Ex: example@gmail.com','2023-06-02 01:09:31','2023-06-02 01:09:31'),(2706,1,'en','plugins/hotel/customer','form.phone','Phone','2023-06-02 01:09:31','2023-06-02 01:09:31'),(2707,1,'en','plugins/hotel/feature','menu','Hotel features','2023-06-02 01:09:31','2023-06-02 01:09:31'),(2708,1,'en','plugins/hotel/feature','name','Features','2023-06-02 01:09:31','2023-06-02 01:09:31'),(2709,1,'en','plugins/hotel/feature','create','New feature','2023-06-02 01:09:31','2023-06-02 01:09:31'),(2710,1,'en','plugins/hotel/feature','edit','Edit feature','2023-06-02 01:09:31','2023-06-02 01:09:31'),(2711,1,'en','plugins/hotel/feature','form.icon','Icon','2023-06-02 01:09:31','2023-06-02 01:09:31'),(2712,1,'en','plugins/hotel/food-type','name','Food types','2023-06-02 01:09:31','2023-06-02 01:09:31'),(2713,1,'en','plugins/hotel/food-type','create','New food type','2023-06-02 01:09:31','2023-06-02 01:09:31'),(2714,1,'en','plugins/hotel/food-type','edit','Edit food type','2023-06-02 01:09:31','2023-06-02 01:09:31'),(2715,1,'en','plugins/hotel/food-type','form.icon','Icon','2023-06-02 01:09:31','2023-06-02 01:09:31'),(2716,1,'en','plugins/hotel/food','name','Foods','2023-06-02 01:09:31','2023-06-02 01:09:31'),(2717,1,'en','plugins/hotel/food','create','New food','2023-06-02 01:09:31','2023-06-02 01:09:31'),(2718,1,'en','plugins/hotel/food','edit','Edit food','2023-06-02 01:09:31','2023-06-02 01:09:31'),(2719,1,'en','plugins/hotel/food','form.food_type','Food Type','2023-06-02 01:09:31','2023-06-02 01:09:31'),(2720,1,'en','plugins/hotel/food','form.price','Price','2023-06-02 01:09:31','2023-06-02 01:09:31'),(2721,1,'en','plugins/hotel/food','form.currency','Currency','2023-06-02 01:09:31','2023-06-02 01:09:31'),(2722,1,'en','plugins/hotel/food','form.images','Images','2023-06-02 01:09:31','2023-06-02 01:09:31'),(2723,1,'en','plugins/hotel/hotel','name','Hotel','2023-06-02 01:09:31','2023-06-02 01:09:31'),(2724,1,'en','plugins/hotel/hotel','settings','Settings','2023-06-02 01:09:31','2023-06-02 01:09:31'),(2725,1,'en','plugins/hotel/hotel','booking_name','Booking name','2023-06-02 01:09:31','2023-06-02 01:09:31'),(2726,1,'en','plugins/hotel/hotel','booking_email','Booking email','2023-06-02 01:09:31','2023-06-02 01:09:31'),(2727,1,'en','plugins/hotel/hotel','booking_phone','Booking phone','2023-06-02 01:09:31','2023-06-02 01:09:31'),(2728,1,'en','plugins/hotel/hotel','booking_address','Booking address','2023-06-02 01:09:31','2023-06-02 01:09:31'),(2729,1,'en','plugins/hotel/hotel','booking_link','Booking link','2023-06-02 01:09:31','2023-06-02 01:09:31'),(2730,1,'en','plugins/hotel/place','name','Places','2023-06-02 01:09:31','2023-06-02 01:09:31'),(2731,1,'en','plugins/hotel/place','create','New place','2023-06-02 01:09:31','2023-06-02 01:09:31'),(2732,1,'en','plugins/hotel/place','edit','Edit place','2023-06-02 01:09:31','2023-06-02 01:09:31'),(2733,1,'en','plugins/hotel/place','form.distance','Distance','2023-06-02 01:09:31','2023-06-02 01:09:31'),(2734,1,'en','plugins/hotel/place','form.distance_placeholder','Ex: 1,500m | 21 min. Walk','2023-06-02 01:09:31','2023-06-02 01:09:31'),(2735,1,'en','plugins/hotel/room-category','name','Room categories','2023-06-02 01:09:31','2023-06-02 01:09:31'),(2736,1,'en','plugins/hotel/room-category','create','New room category','2023-06-02 01:09:31','2023-06-02 01:09:31'),(2737,1,'en','plugins/hotel/room-category','edit','Edit room category','2023-06-02 01:09:31','2023-06-02 01:09:31'),(2738,1,'en','plugins/hotel/room','name','Rooms','2023-06-02 01:09:31','2023-06-02 01:09:31'),(2739,1,'en','plugins/hotel/room','create','New room','2023-06-02 01:09:31','2023-06-02 01:09:31'),(2740,1,'en','plugins/hotel/room','edit','Edit room','2023-06-02 01:09:31','2023-06-02 01:09:31'),(2741,1,'en','plugins/hotel/room','images','Images','2023-06-02 01:09:31','2023-06-02 01:09:31'),(2742,1,'en','plugins/hotel/room','amenities','Amenities','2023-06-02 01:09:31','2023-06-02 01:09:31'),(2743,1,'en','plugins/hotel/room','form.price','Price','2023-06-02 01:09:31','2023-06-02 01:09:31'),(2744,1,'en','plugins/hotel/room','form.currency','Currency','2023-06-02 01:09:31','2023-06-02 01:09:31'),(2745,1,'en','plugins/hotel/room','form.max_children','Max children','2023-06-02 01:09:31','2023-06-02 01:09:31'),(2746,1,'en','plugins/hotel/room','form.max_adults','Max adults','2023-06-02 01:09:31','2023-06-02 01:09:31'),(2747,1,'en','plugins/hotel/room','form.category','Category','2023-06-02 01:09:31','2023-06-02 01:09:31'),(2748,1,'en','plugins/hotel/room','form.size','Size (m2)','2023-06-02 01:09:31','2023-06-02 01:09:31'),(2749,1,'en','plugins/hotel/room','form.number_of_rooms','Number of rooms (quantity)','2023-06-02 01:09:31','2023-06-02 01:09:31'),(2750,1,'en','plugins/hotel/room','form.number_of_beds','Number of beds','2023-06-02 01:09:31','2023-06-02 01:09:31'),(2751,1,'en','plugins/hotel/room','form.room_availability','Room Availability','2023-06-02 01:09:31','2023-06-02 01:09:31'),(2752,1,'en','plugins/hotel/room','form.close','Close','2023-06-02 01:09:31','2023-06-02 01:09:31'),(2753,1,'en','plugins/hotel/room','form.save_changes','Save changes','2023-06-02 01:09:31','2023-06-02 01:09:31'),(2754,1,'en','plugins/hotel/room','form.is_available','Available for booking?','2023-06-02 01:09:31','2023-06-02 01:09:31'),(2755,1,'en','plugins/hotel/room','form.status','Status','2023-06-02 01:09:31','2023-06-02 01:09:31'),(2756,1,'en','plugins/hotel/room','blocked','Blocked','2023-06-02 01:09:31','2023-06-02 01:09:31'),(2757,1,'en','plugins/hotel/room','full_book','Full Book','2023-06-02 01:09:31','2023-06-02 01:09:31'),(2758,1,'en','plugins/hotel/service','name','Services','2023-06-02 01:09:31','2023-06-02 01:09:31'),(2759,1,'en','plugins/hotel/service','create','New service','2023-06-02 01:09:31','2023-06-02 01:09:31'),(2760,1,'en','plugins/hotel/service','edit','Edit service','2023-06-02 01:09:31','2023-06-02 01:09:31'),(2761,1,'en','plugins/hotel/service','form.price','Price','2023-06-02 01:09:31','2023-06-02 01:09:31'),(2762,1,'en','plugins/hotel/service','form.currency','Currency','2023-06-02 01:09:31','2023-06-02 01:09:31'),(2763,1,'en','plugins/hotel/tax','name','Taxes','2023-06-02 01:09:31','2023-06-02 01:09:31'),(2764,1,'en','plugins/hotel/tax','create','Create a tax','2023-06-02 01:09:31','2023-06-02 01:09:31'),(2765,1,'en','plugins/hotel/tax','edit','Edit tax :title','2023-06-02 01:09:31','2023-06-02 01:09:31'),(2766,1,'en','plugins/hotel/tax','title','Title','2023-06-02 01:09:31','2023-06-02 01:09:31'),(2767,1,'en','plugins/hotel/tax','percentage','Percentage %','2023-06-02 01:09:31','2023-06-02 01:09:31'),(2768,1,'en','plugins/hotel/tax','priority','Priority','2023-06-02 01:09:31','2023-06-02 01:09:31'),(2769,1,'en','plugins/hotel/tax','select_tax','-- select --','2023-06-02 01:09:31','2023-06-02 01:09:31'),(2770,1,'en','plugins/language/language','name','Languages','2023-06-02 01:09:31','2023-06-02 01:09:31'),(2771,1,'en','plugins/language/language','choose_language','Choose a language','2023-06-02 01:09:32','2023-06-02 01:09:32'),(2772,1,'en','plugins/language/language','select_language','Select language','2023-06-02 01:09:32','2023-06-02 01:09:32'),(2773,1,'en','plugins/language/language','choose_language_helper','You can choose a language in the list or directly edit it below.','2023-06-02 01:09:32','2023-06-02 01:09:32'),(2774,1,'en','plugins/language/language','language_name','Language name','2023-06-02 01:09:32','2023-06-02 01:09:32'),(2775,1,'en','plugins/language/language','language_name_helper','The name is how it is displayed on your site (for example: English).','2023-06-02 01:09:32','2023-06-02 01:09:32'),(2776,1,'en','plugins/language/language','locale','Locale','2023-06-02 01:09:32','2023-06-02 01:09:32'),(2777,1,'en','plugins/language/language','locale_helper','Laravel Locale for the language (for example: <code>en</code>).','2023-06-02 01:09:32','2023-06-02 01:09:32'),(2778,1,'en','plugins/language/language','language_code','Language code','2023-06-02 01:09:32','2023-06-02 01:09:32'),(2779,1,'en','plugins/language/language','language_code_helper','Language code - preferably 2-letters ISO 639-1 (for example: en)','2023-06-02 01:09:32','2023-06-02 01:09:32'),(2780,1,'en','plugins/language/language','text_direction','Text direction','2023-06-02 01:09:32','2023-06-02 01:09:32'),(2781,1,'en','plugins/language/language','text_direction_helper','Choose the text direction for the language','2023-06-02 01:09:32','2023-06-02 01:09:32'),(2782,1,'en','plugins/language/language','left_to_right','Left to right','2023-06-02 01:09:32','2023-06-02 01:09:32'),(2783,1,'en','plugins/language/language','right_to_left','Right to left','2023-06-02 01:09:32','2023-06-02 01:09:32'),(2784,1,'en','plugins/language/language','flag','Flag','2023-06-02 01:09:32','2023-06-02 01:09:32'),(2785,1,'en','plugins/language/language','flag_helper','Choose a flag for the language.','2023-06-02 01:09:32','2023-06-02 01:09:32'),(2786,1,'en','plugins/language/language','order','Order','2023-06-02 01:09:32','2023-06-02 01:09:32'),(2787,1,'en','plugins/language/language','order_helper','Position of the language in the language switcher','2023-06-02 01:09:32','2023-06-02 01:09:32'),(2788,1,'en','plugins/language/language','add_new_language','Add new language','2023-06-02 01:09:32','2023-06-02 01:09:32'),(2789,1,'en','plugins/language/language','code','Code','2023-06-02 01:09:32','2023-06-02 01:09:32'),(2790,1,'en','plugins/language/language','default_language','Is default?','2023-06-02 01:09:32','2023-06-02 01:09:32'),(2791,1,'en','plugins/language/language','actions','Actions','2023-06-02 01:09:32','2023-06-02 01:09:32'),(2792,1,'en','plugins/language/language','translations','Translations','2023-06-02 01:09:32','2023-06-02 01:09:32'),(2793,1,'en','plugins/language/language','edit','Edit','2023-06-02 01:09:32','2023-06-02 01:09:32'),(2794,1,'en','plugins/language/language','edit_tooltip','Edit this language','2023-06-02 01:09:32','2023-06-02 01:09:32'),(2795,1,'en','plugins/language/language','delete','Delete','2023-06-02 01:09:32','2023-06-02 01:09:32'),(2796,1,'en','plugins/language/language','delete_tooltip','Delete this language and all its associated data','2023-06-02 01:09:32','2023-06-02 01:09:32'),(2797,1,'en','plugins/language/language','choose_default_language','Choose :language as default language','2023-06-02 01:09:32','2023-06-02 01:09:32'),(2798,1,'en','plugins/language/language','current_language','Current record\'s language','2023-06-02 01:09:32','2023-06-02 01:09:32'),(2799,1,'en','plugins/language/language','edit_related','Edit related language for this record','2023-06-02 01:09:32','2023-06-02 01:09:32'),(2800,1,'en','plugins/language/language','add_language_for_item','Add other language version for this record','2023-06-02 01:09:32','2023-06-02 01:09:32'),(2801,1,'en','plugins/language/language','settings','Settings','2023-06-02 01:09:32','2023-06-02 01:09:32'),(2802,1,'en','plugins/language/language','language_hide_default','Hide default language from URL?','2023-06-02 01:09:32','2023-06-02 01:09:32'),(2803,1,'en','plugins/language/language','language_display_flag_only','Flag only','2023-06-02 01:09:32','2023-06-02 01:09:32'),(2804,1,'en','plugins/language/language','language_display_name_only','Name only','2023-06-02 01:09:32','2023-06-02 01:09:32'),(2805,1,'en','plugins/language/language','language_display_all','Display all flag and name','2023-06-02 01:09:32','2023-06-02 01:09:32'),(2806,1,'en','plugins/language/language','language_display','Language display','2023-06-02 01:09:32','2023-06-02 01:09:32'),(2807,1,'en','plugins/language/language','switcher_display','Switcher language display','2023-06-02 01:09:32','2023-06-02 01:09:32'),(2808,1,'en','plugins/language/language','language_switcher_display_dropdown','Dropdown','2023-06-02 01:09:32','2023-06-02 01:09:32'),(2809,1,'en','plugins/language/language','language_switcher_display_list','List','2023-06-02 01:09:32','2023-06-02 01:09:32'),(2810,1,'en','plugins/language/language','current_language_edit_notification','You are editing \"<strong class=\"current_language_text\">:language</strong>\" version','2023-06-02 01:09:32','2023-06-02 01:09:32'),(2811,1,'en','plugins/language/language','confirm-change-language','Confirm change language','2023-06-02 01:09:32','2023-06-02 01:09:32'),(2812,1,'en','plugins/language/language','confirm-change-language-message','Do you really want to change language to \"<strong class=\"change_to_language_text\"></strong>\" ? This action will be override \"<strong class=\"change_to_language_text\"></strong>\" version if it\'s existed!','2023-06-02 01:09:32','2023-06-02 01:09:32'),(2813,1,'en','plugins/language/language','confirm-change-language-btn','Confirm change','2023-06-02 01:09:32','2023-06-02 01:09:32'),(2814,1,'en','plugins/language/language','hide_languages','Hide languages','2023-06-02 01:09:32','2023-06-02 01:09:32'),(2815,1,'en','plugins/language/language','hide_languages_description','You can completely hide content in specific languages from visitors and search engines, but still view it yourself. This allows reviewing translations that are in progress.','2023-06-02 01:09:32','2023-06-02 01:09:32'),(2816,1,'en','plugins/language/language','hide_languages_helper_display_hidden','{0} All languages are currently displayed.|{1} :language is currently hidden to visitors.|[2, Inf] :language are currently hidden to visitors.','2023-06-02 01:09:32','2023-06-02 01:09:32'),(2817,1,'en','plugins/language/language','show_all','Show all','2023-06-02 01:09:32','2023-06-02 01:09:32'),(2818,1,'en','plugins/language/language','change_language','Language','2023-06-02 01:09:32','2023-06-02 01:09:32'),(2819,1,'en','plugins/language/language','language_show_default_item_if_current_version_not_existed','Show item in default language if it is not existed in current language','2023-06-02 01:09:32','2023-06-02 01:09:32'),(2820,1,'en','plugins/language/language','select_flag','Select a flag...','2023-06-02 01:09:32','2023-06-02 01:09:32'),(2821,1,'en','plugins/language/language','delete_confirmation_message','Do you really want to delete this language? It also deletes all items in this language and cannot rollback!','2023-06-02 01:09:32','2023-06-02 01:09:32'),(2822,1,'en','plugins/language/language','added_already','This language was added already!','2023-06-02 01:09:32','2023-06-02 01:09:32'),(2823,1,'en','plugins/language/language','language_auto_detect_user_language','Auto detect user language?','2023-06-02 01:09:32','2023-06-02 01:09:32'),(2824,1,'vi','plugins/language/language','name','Ngôn ngữ','2023-06-02 01:09:32','2023-06-02 01:09:32'),(2825,1,'vi','plugins/language/language','choose_language','Chọn một ngôn ngữ','2023-06-02 01:09:32','2023-06-02 01:09:32'),(2826,1,'vi','plugins/language/language','select_language','Chọn ngôn ngữ','2023-06-02 01:09:32','2023-06-02 01:09:32'),(2827,1,'vi','plugins/language/language','choose_language_helper','Bạn có thể chọn 1 ngôn ngữ trong danh sách hoặc nhập trực tiếp nội dung xuống các mục dưới','2023-06-02 01:09:32','2023-06-02 01:09:32'),(2828,1,'vi','plugins/language/language','language_name','Tên đầy đủ','2023-06-02 01:09:32','2023-06-02 01:09:32'),(2829,1,'vi','plugins/language/language','language_name_helper','Tên ngôn ngữ sẽ được hiển thị trên website (ví dụ: Tiếng Anh).','2023-06-02 01:09:32','2023-06-02 01:09:32'),(2830,1,'vi','plugins/language/language','locale','Locale','2023-06-02 01:09:32','2023-06-02 01:09:32'),(2831,1,'vi','plugins/language/language','locale_helper','Laravel Locale cho ngôn ngữ này (ví dụ: <code>en</code>).','2023-06-02 01:09:32','2023-06-02 01:09:32'),(2832,1,'vi','plugins/language/language','language_code','Mã ngôn ngữ','2023-06-02 01:09:32','2023-06-02 01:09:32'),(2833,1,'vi','plugins/language/language','language_code_helper','Mã ngôn ngữ - ưu tiên dạng 2-kí tự theo chuẩn ISO 639-1 (ví dụ: en)','2023-06-02 01:09:32','2023-06-02 01:09:32'),(2834,1,'vi','plugins/language/language','text_direction','Hướng viết chữ','2023-06-02 01:09:32','2023-06-02 01:09:32'),(2835,1,'vi','plugins/language/language','text_direction_helper','Chọn hướng viết chữ cho ngôn ngữ này','2023-06-02 01:09:32','2023-06-02 01:09:32'),(2836,1,'vi','plugins/language/language','left_to_right','Trái qua phải','2023-06-02 01:09:32','2023-06-02 01:09:32'),(2837,1,'vi','plugins/language/language','right_to_left','Phải qua trái','2023-06-02 01:09:32','2023-06-02 01:09:32'),(2838,1,'vi','plugins/language/language','flag','Cờ','2023-06-02 01:09:32','2023-06-02 01:09:32'),(2839,1,'vi','plugins/language/language','flag_helper','Chọn 1 cờ cho ngôn ngữ này','2023-06-02 01:09:32','2023-06-02 01:09:32'),(2840,1,'vi','plugins/language/language','order','Sắp xếp','2023-06-02 01:09:32','2023-06-02 01:09:32'),(2841,1,'vi','plugins/language/language','order_helper','Vị trí của ngôn ngữ hiển thị trong mục chuyển đổi ngôn ngữ','2023-06-02 01:09:32','2023-06-02 01:09:32'),(2842,1,'vi','plugins/language/language','add_new_language','Thêm ngôn ngữ mới','2023-06-02 01:09:32','2023-06-02 01:09:32'),(2843,1,'vi','plugins/language/language','code','Mã','2023-06-02 01:09:32','2023-06-02 01:09:32'),(2844,1,'vi','plugins/language/language','default_language','Ngôn ngữ mặc định','2023-06-02 01:09:32','2023-06-02 01:09:32'),(2845,1,'vi','plugins/language/language','actions','Hành động','2023-06-02 01:09:32','2023-06-02 01:09:32'),(2846,1,'vi','plugins/language/language','translations','Dịch','2023-06-02 01:09:32','2023-06-02 01:09:32'),(2847,1,'vi','plugins/language/language','edit','Sửa','2023-06-02 01:09:32','2023-06-02 01:09:32'),(2848,1,'vi','plugins/language/language','edit_tooltip','Sửa ngôn ngữ này','2023-06-02 01:09:32','2023-06-02 01:09:32'),(2849,1,'vi','plugins/language/language','delete','Xóa','2023-06-02 01:09:32','2023-06-02 01:09:32'),(2850,1,'vi','plugins/language/language','delete_tooltip','Xóa ngôn ngữ này và các dữ liệu liên quan','2023-06-02 01:09:32','2023-06-02 01:09:32'),(2851,1,'vi','plugins/language/language','choose_default_language','Chọn :language làm ngôn ngữ mặc định','2023-06-02 01:09:32','2023-06-02 01:09:32'),(2852,1,'vi','plugins/language/language','add_language_for_item','Thêm ngôn ngữ khác cho bản ghi này','2023-06-02 01:09:32','2023-06-02 01:09:32'),(2853,1,'vi','plugins/language/language','current_language','Ngôn ngữ hiện tại của bản ghi','2023-06-02 01:09:32','2023-06-02 01:09:32'),(2854,1,'vi','plugins/language/language','edit_related','Sửa bản ngôn ngữ khác của bản ghi này','2023-06-02 01:09:32','2023-06-02 01:09:32'),(2855,1,'vi','plugins/language/language','confirm-change-language','Xác nhận thay đổi ngôn ngữ','2023-06-02 01:09:32','2023-06-02 01:09:32'),(2856,1,'vi','plugins/language/language','confirm-change-language-btn','Xác nhận thay đổi','2023-06-02 01:09:32','2023-06-02 01:09:32'),(2857,1,'vi','plugins/language/language','confirm-change-language-message','Bạn có chắc chắn muốn thay đổi ngôn ngữ sang tiếng \"<strong class=\"change_to_language_text\"></strong>\" ? Điều này sẽ ghi đè bản ghi tiếng \"<strong class=\"change_to_language_text\"></strong>\" nếu nó đã tồn tại!','2023-06-02 01:09:32','2023-06-02 01:09:32'),(2858,1,'vi','plugins/language/language','current_language_edit_notification','Bạn đang chỉnh sửa phiên bản tiếng \"<strong class=\"current_language_text\">:language</strong>\"','2023-06-02 01:09:32','2023-06-02 01:09:32'),(2859,1,'vi','plugins/language/language','hide_languages','Ẩn ngôn ngữ','2023-06-02 01:09:32','2023-06-02 01:09:32'),(2860,1,'vi','plugins/language/language','hide_languages_description','Bạn có thể hoàn toàn ẩn ngôn ngữ cụ thể đối với người truy cập và công cụ tìm kiếm, nhưng sẽ vẫn hiển thị trong trang quản trị. Điều này cho phép bạn biết những ngôn ngữ nào đang được xử lý.','2023-06-02 01:09:32','2023-06-02 01:09:32'),(2861,1,'vi','plugins/language/language','hide_languages_helper_display_hidden','{0} Tất cả ngôn ngữ đang được hiển thị.|{1} :language đang bị ẩn đối với người truy cập.|[2, Inf]  :language đang bị ẩn đối với người truy cập.','2023-06-02 01:09:32','2023-06-02 01:09:32'),(2862,1,'vi','plugins/language/language','language_display','Hiển thị ngôn ngữ','2023-06-02 01:09:32','2023-06-02 01:09:32'),(2863,1,'vi','plugins/language/language','language_display_all','Hiển thị cả cờ và tên ngôn ngữ','2023-06-02 01:09:32','2023-06-02 01:09:32'),(2864,1,'vi','plugins/language/language','language_display_flag_only','Chỉ hiển thị cờ','2023-06-02 01:09:32','2023-06-02 01:09:32'),(2865,1,'vi','plugins/language/language','language_display_name_only','Chỉ hiển thị tên','2023-06-02 01:09:32','2023-06-02 01:09:32'),(2866,1,'vi','plugins/language/language','language_hide_default','Ẩn ngôn ngữ mặc định trên URL','2023-06-02 01:09:32','2023-06-02 01:09:32'),(2867,1,'vi','plugins/language/language','language_switcher_display_dropdown','Dropdown','2023-06-02 01:09:32','2023-06-02 01:09:32'),(2868,1,'vi','plugins/language/language','language_switcher_display_list','Danh sách','2023-06-02 01:09:32','2023-06-02 01:09:32'),(2869,1,'vi','plugins/language/language','settings','Cài đặt','2023-06-02 01:09:32','2023-06-02 01:09:32'),(2870,1,'vi','plugins/language/language','switcher_display','Hiển thị bộ chuyển đổi ngôn ngữ','2023-06-02 01:09:32','2023-06-02 01:09:32'),(2871,1,'vi','plugins/language/language','change_language','Ngôn ngữ','2023-06-02 01:09:32','2023-06-02 01:09:32'),(2872,1,'vi','plugins/language/language','show_all','Hiển thị tất cả','2023-06-02 01:09:32','2023-06-02 01:09:32'),(2873,1,'vi','plugins/language/language','language_show_default_item_if_current_version_not_existed','Hiển thị bản ghi ở ngôn ngữ mặc định nếu phiên bản cho ngôn ngữ hiện tại chưa có','2023-06-02 01:09:32','2023-06-02 01:09:32'),(2874,1,'en','plugins/payment/payment','payments','Payments','2023-06-02 01:09:32','2023-06-02 01:09:32'),(2875,1,'en','plugins/payment/payment','checkout_success','Checkout successfully!','2023-06-02 01:09:32','2023-06-02 01:09:32'),(2876,1,'en','plugins/payment/payment','view_payment','View payment #','2023-06-02 01:09:32','2023-06-02 01:09:32'),(2877,1,'en','plugins/payment/payment','charge_id','Charge ID','2023-06-02 01:09:32','2023-06-02 01:09:32'),(2878,1,'en','plugins/payment/payment','amount','Amount','2023-06-02 01:09:32','2023-06-02 01:09:32'),(2879,1,'en','plugins/payment/payment','currency','Currency','2023-06-02 01:09:32','2023-06-02 01:09:32'),(2880,1,'en','plugins/payment/payment','user','User','2023-06-02 01:09:32','2023-06-02 01:09:32'),(2881,1,'en','plugins/payment/payment','stripe','Stripe','2023-06-02 01:09:32','2023-06-02 01:09:32'),(2882,1,'en','plugins/payment/payment','paypal','PayPal','2023-06-02 01:09:32','2023-06-02 01:09:32'),(2883,1,'en','plugins/payment/payment','action','Action','2023-06-02 01:09:32','2023-06-02 01:09:32'),(2884,1,'en','plugins/payment/payment','payment_via_card','Payment via card','2023-06-02 01:09:32','2023-06-02 01:09:32'),(2885,1,'en','plugins/payment/payment','card_number','Card number','2023-06-02 01:09:32','2023-06-02 01:09:32'),(2886,1,'en','plugins/payment/payment','full_name','Full name','2023-06-02 01:09:32','2023-06-02 01:09:32'),(2887,1,'en','plugins/payment/payment','payment_via_paypal','Fast and safe online payment via PayPal.','2023-06-02 01:09:32','2023-06-02 01:09:32'),(2888,1,'en','plugins/payment/payment','mm_yy','MM/YY','2023-06-02 01:09:32','2023-06-02 01:09:32'),(2889,1,'en','plugins/payment/payment','cvc','CVC','2023-06-02 01:09:32','2023-06-02 01:09:32'),(2890,1,'en','plugins/payment/payment','details','Details','2023-06-02 01:09:32','2023-06-02 01:09:32'),(2891,1,'en','plugins/payment/payment','payer_name','Payer Name','2023-06-02 01:09:32','2023-06-02 01:09:32'),(2892,1,'en','plugins/payment/payment','email','Email','2023-06-02 01:09:32','2023-06-02 01:09:32'),(2893,1,'en','plugins/payment/payment','phone','Phone','2023-06-02 01:09:32','2023-06-02 01:09:32'),(2894,1,'en','plugins/payment/payment','country','Country','2023-06-02 01:09:32','2023-06-02 01:09:32'),(2895,1,'en','plugins/payment/payment','shipping_address','Shipping Address','2023-06-02 01:09:32','2023-06-02 01:09:32'),(2896,1,'en','plugins/payment/payment','payment_details','Payment Details','2023-06-02 01:09:32','2023-06-02 01:09:32'),(2897,1,'en','plugins/payment/payment','card','Card','2023-06-02 01:09:32','2023-06-02 01:09:32'),(2898,1,'en','plugins/payment/payment','address','Address','2023-06-02 01:09:32','2023-06-02 01:09:32'),(2899,1,'en','plugins/payment/payment','could_not_get_stripe_token','Could not get Stripe token to make a charge.','2023-06-02 01:09:32','2023-06-02 01:09:32'),(2900,1,'en','plugins/payment/payment','payment_id','Payment ID','2023-06-02 01:09:32','2023-06-02 01:09:32'),(2901,1,'en','plugins/payment/payment','payment_methods','Payment methods','2023-06-02 01:09:32','2023-06-02 01:09:32'),(2902,1,'en','plugins/payment/payment','transactions','Transactions','2023-06-02 01:09:32','2023-06-02 01:09:32'),(2903,1,'en','plugins/payment/payment','payment_methods_description','Setup payment methods for website','2023-06-02 01:09:32','2023-06-02 01:09:32'),(2904,1,'en','plugins/payment/payment','paypal_description','Customer can buy product and pay directly via PayPal','2023-06-02 01:09:32','2023-06-02 01:09:32'),(2905,1,'en','plugins/payment/payment','use','Use','2023-06-02 01:09:32','2023-06-02 01:09:32'),(2906,1,'en','plugins/payment/payment','stripe_description','Customer can buy product and pay directly using Visa, Credit card via Stripe','2023-06-02 01:09:32','2023-06-02 01:09:32'),(2907,1,'en','plugins/payment/payment','edit','Edit','2023-06-02 01:09:32','2023-06-02 01:09:32'),(2908,1,'en','plugins/payment/payment','settings','Settings','2023-06-02 01:09:32','2023-06-02 01:09:32'),(2909,1,'en','plugins/payment/payment','activate','Activate','2023-06-02 01:09:32','2023-06-02 01:09:32'),(2910,1,'en','plugins/payment/payment','deactivate','Deactivate','2023-06-02 01:09:32','2023-06-02 01:09:32'),(2911,1,'en','plugins/payment/payment','update','Update','2023-06-02 01:09:32','2023-06-02 01:09:32'),(2912,1,'en','plugins/payment/payment','configuration_instruction','Configuration instruction for :name','2023-06-02 01:09:32','2023-06-02 01:09:32'),(2913,1,'en','plugins/payment/payment','configuration_requirement','To use :name, you need','2023-06-02 01:09:32','2023-06-02 01:09:32'),(2914,1,'en','plugins/payment/payment','service_registration','Register with :name','2023-06-02 01:09:32','2023-06-02 01:09:32'),(2915,1,'en','plugins/payment/payment','after_service_registration_msg','After registration at :name, you will have Client ID, Client Secret','2023-06-02 01:09:32','2023-06-02 01:09:32'),(2916,1,'en','plugins/payment/payment','enter_client_id_and_secret','Enter Client ID, Secret into the box in right hand','2023-06-02 01:09:32','2023-06-02 01:09:32'),(2917,1,'en','plugins/payment/payment','method_name','Method name','2023-06-02 01:09:32','2023-06-02 01:09:32'),(2918,1,'en','plugins/payment/payment','please_provide_information','Please provide information','2023-06-02 01:09:32','2023-06-02 01:09:32'),(2919,1,'en','plugins/payment/payment','client_id','Client ID','2023-06-02 01:09:32','2023-06-02 01:09:32'),(2920,1,'en','plugins/payment/payment','client_secret','Client Secret','2023-06-02 01:09:32','2023-06-02 01:09:32'),(2921,1,'en','plugins/payment/payment','secret','Secret','2023-06-02 01:09:32','2023-06-02 01:09:32'),(2922,1,'en','plugins/payment/payment','stripe_key','Stripe Public Key','2023-06-02 01:09:32','2023-06-02 01:09:32'),(2923,1,'en','plugins/payment/payment','stripe_secret','Stripe Private Key','2023-06-02 01:09:32','2023-06-02 01:09:32'),(2924,1,'en','plugins/payment/payment','stripe_after_service_registration_msg','After registration at :name, you will have Public, Secret keys','2023-06-02 01:09:32','2023-06-02 01:09:32'),(2925,1,'en','plugins/payment/payment','stripe_enter_client_id_and_secret','Enter Public, Secret keys into the box in right hand','2023-06-02 01:09:32','2023-06-02 01:09:32'),(2926,1,'en','plugins/payment/payment','pay_online_via','Pay online via :name','2023-06-02 01:09:32','2023-06-02 01:09:32'),(2927,1,'en','plugins/payment/payment','sandbox_mode','Sandbox mode','2023-06-02 01:09:32','2023-06-02 01:09:32'),(2928,1,'en','plugins/payment/payment','deactivate_payment_method','Deactivate payment method','2023-06-02 01:09:32','2023-06-02 01:09:32'),(2929,1,'en','plugins/payment/payment','deactivate_payment_method_description','Do you really want to deactivate this payment method?','2023-06-02 01:09:32','2023-06-02 01:09:32'),(2930,1,'en','plugins/payment/payment','agree','Agree','2023-06-02 01:09:32','2023-06-02 01:09:32'),(2931,1,'en','plugins/payment/payment','name','Payments','2023-06-02 01:09:32','2023-06-02 01:09:32'),(2932,1,'en','plugins/payment/payment','create','New payment','2023-06-02 01:09:32','2023-06-02 01:09:32'),(2933,1,'en','plugins/payment/payment','go_back','Go back','2023-06-02 01:09:32','2023-06-02 01:09:32'),(2934,1,'en','plugins/payment/payment','information','Information','2023-06-02 01:09:32','2023-06-02 01:09:32'),(2935,1,'en','plugins/payment/payment','methods.paypal','PayPal','2023-06-02 01:09:32','2023-06-02 01:09:32'),(2936,1,'en','plugins/payment/payment','methods.cod','Cash on delivery (COD)','2023-06-02 01:09:32','2023-06-02 01:09:32'),(2937,1,'en','plugins/payment/payment','methods.bank_transfer','Bank transfer','2023-06-02 01:09:32','2023-06-02 01:09:32'),(2938,1,'en','plugins/payment/payment','statuses.pending','Pending','2023-06-02 01:09:32','2023-06-02 01:09:32'),(2939,1,'en','plugins/payment/payment','statuses.completed','Completed','2023-06-02 01:09:32','2023-06-02 01:09:32'),(2940,1,'en','plugins/payment/payment','statuses.refunding','Refunding','2023-06-02 01:09:32','2023-06-02 01:09:32'),(2941,1,'en','plugins/payment/payment','statuses.refunded','Refunded','2023-06-02 01:09:32','2023-06-02 01:09:32'),(2942,1,'en','plugins/payment/payment','statuses.fraud','Fraud','2023-06-02 01:09:32','2023-06-02 01:09:32'),(2943,1,'en','plugins/payment/payment','statuses.failed','Failed','2023-06-02 01:09:32','2023-06-02 01:09:32'),(2944,1,'en','plugins/payment/payment','payment_methods_instruction','Guide customers to pay directly. You can choose to pay by delivery or bank transfer','2023-06-02 01:09:32','2023-06-02 01:09:32'),(2945,1,'en','plugins/payment/payment','payment_method_description','Payment guide - (Displayed on the notice of successful purchase and payment page)','2023-06-02 01:09:32','2023-06-02 01:09:32'),(2946,1,'en','plugins/payment/payment','payment_via_cod','Cash on delivery (COD)','2023-06-02 01:09:32','2023-06-02 01:09:32'),(2947,1,'en','plugins/payment/payment','payment_via_bank_transfer','Bank transfer','2023-06-02 01:09:32','2023-06-02 01:09:32'),(2948,1,'en','plugins/payment/payment','payment_pending','Checkout successfully. Your payment is pending and will be checked by our staff.','2023-06-02 01:09:32','2023-06-02 01:09:32'),(2949,1,'en','plugins/payment/payment','created_at','Created At','2023-06-02 01:09:32','2023-06-02 01:09:32'),(2950,1,'en','plugins/payment/payment','payment_channel','Payment Channel','2023-06-02 01:09:32','2023-06-02 01:09:32'),(2951,1,'en','plugins/payment/payment','total','Total','2023-06-02 01:09:32','2023-06-02 01:09:32'),(2952,1,'en','plugins/payment/payment','status','Status','2023-06-02 01:09:32','2023-06-02 01:09:32'),(2953,1,'en','plugins/payment/payment','default_payment_method','Default payment method','2023-06-02 01:09:32','2023-06-02 01:09:32'),(2954,1,'en','plugins/payment/payment','turn_off_success','Turn off payment method successfully!','2023-06-02 01:09:32','2023-06-02 01:09:32'),(2955,1,'en','plugins/payment/payment','saved_payment_method_success','Saved payment method successfully!','2023-06-02 01:09:33','2023-06-02 01:09:33'),(2956,1,'en','plugins/payment/payment','saved_payment_settings_success','Saved payment settings successfully!','2023-06-02 01:09:33','2023-06-02 01:09:33'),(2957,1,'en','plugins/payment/payment','payment_name','Name','2023-06-02 01:09:33','2023-06-02 01:09:33'),(2958,1,'en','plugins/payment/payment','payment_not_found','Payment not found!','2023-06-02 01:09:33','2023-06-02 01:09:33'),(2959,1,'en','plugins/payment/payment','refunds.title','Refunds','2023-06-02 01:09:33','2023-06-02 01:09:33'),(2960,1,'en','plugins/payment/payment','refunds.id','ID','2023-06-02 01:09:33','2023-06-02 01:09:33'),(2961,1,'en','plugins/payment/payment','refunds.breakdowns','Breakdowns','2023-06-02 01:09:33','2023-06-02 01:09:33'),(2962,1,'en','plugins/payment/payment','refunds.gross_amount','Gross amount','2023-06-02 01:09:33','2023-06-02 01:09:33'),(2963,1,'en','plugins/payment/payment','refunds.paypal_fee','PayPal fee','2023-06-02 01:09:33','2023-06-02 01:09:33'),(2964,1,'en','plugins/payment/payment','refunds.net_amount','Net amount','2023-06-02 01:09:33','2023-06-02 01:09:33'),(2965,1,'en','plugins/payment/payment','refunds.total_refunded_amount','Total refunded amount','2023-06-02 01:09:33','2023-06-02 01:09:33'),(2966,1,'en','plugins/payment/payment','refunds.create_time','Create time','2023-06-02 01:09:33','2023-06-02 01:09:33'),(2967,1,'en','plugins/payment/payment','refunds.update_time','Update time','2023-06-02 01:09:33','2023-06-02 01:09:33'),(2968,1,'en','plugins/payment/payment','refunds.status','Status','2023-06-02 01:09:33','2023-06-02 01:09:33'),(2969,1,'en','plugins/payment/payment','refunds.description','Description','2023-06-02 01:09:33','2023-06-02 01:09:33'),(2970,1,'en','plugins/payment/payment','refunds.refunded_at','Refunded at','2023-06-02 01:09:33','2023-06-02 01:09:33'),(2971,1,'en','plugins/payment/payment','refunds.error_message','Error message','2023-06-02 01:09:33','2023-06-02 01:09:33'),(2972,1,'en','plugins/payment/payment','view_response_source','View response source','2023-06-02 01:09:33','2023-06-02 01:09:33'),(2973,1,'en','plugins/payment/payment','status_is_not_completed','Status is not COMPLETED','2023-06-02 01:09:33','2023-06-02 01:09:33'),(2974,1,'en','plugins/payment/payment','cannot_found_capture_id','Can not found capture id with payment detail','2023-06-02 01:09:33','2023-06-02 01:09:33'),(2975,1,'en','plugins/payment/payment','amount_refunded','Amount refunded','2023-06-02 01:09:33','2023-06-02 01:09:33'),(2976,1,'en','plugins/payment/payment','amount_remaining','Amount remaining','2023-06-02 01:09:33','2023-06-02 01:09:33'),(2977,1,'en','plugins/payment/payment','paid_at','Paid At','2023-06-02 01:09:33','2023-06-02 01:09:33'),(2978,1,'en','plugins/payment/payment','invalid_settings','Settings for :name are invalid!','2023-06-02 01:09:33','2023-06-02 01:09:33'),(2979,1,'en','plugins/payment/payment','view_transaction','Transaction \":charge_id\"','2023-06-02 01:09:33','2023-06-02 01:09:33'),(2980,1,'en','plugins/payment/payment','payment_description','Pay for your order #:order_id at :site_url','2023-06-02 01:09:33','2023-06-02 01:09:33'),(2981,1,'vi','plugins/payment/payment','payments','Thanh toán','2023-06-02 01:09:33','2023-06-02 01:09:33'),(2982,1,'vi','plugins/payment/payment','checkout_success','Thanh toán thành công!','2023-06-02 01:09:33','2023-06-02 01:09:33'),(2983,1,'vi','plugins/payment/payment','view_payment','Xem thanh toán #','2023-06-02 01:09:33','2023-06-02 01:09:33'),(2984,1,'vi','plugins/payment/payment','charge_id','Mã thanh toán','2023-06-02 01:09:33','2023-06-02 01:09:33'),(2985,1,'vi','plugins/payment/payment','amount','Số tiền','2023-06-02 01:09:33','2023-06-02 01:09:33'),(2986,1,'vi','plugins/payment/payment','currency','Loại tiền tệ','2023-06-02 01:09:33','2023-06-02 01:09:33'),(2987,1,'vi','plugins/payment/payment','user','Người dùng','2023-06-02 01:09:33','2023-06-02 01:09:33'),(2988,1,'vi','plugins/payment/payment','stripe','Stripe','2023-06-02 01:09:33','2023-06-02 01:09:33'),(2989,1,'vi','plugins/payment/payment','paypal','PayPal','2023-06-02 01:09:33','2023-06-02 01:09:33'),(2990,1,'vi','plugins/payment/payment','action','Hành động','2023-06-02 01:09:33','2023-06-02 01:09:33'),(2991,1,'vi','plugins/payment/payment','payment_via_card','Thanh toán qua thẻ','2023-06-02 01:09:33','2023-06-02 01:09:33'),(2992,1,'vi','plugins/payment/payment','card_number','Số thẻ','2023-06-02 01:09:33','2023-06-02 01:09:33'),(2993,1,'vi','plugins/payment/payment','full_name','Họ tên','2023-06-02 01:09:33','2023-06-02 01:09:33'),(2994,1,'vi','plugins/payment/payment','payment_via_paypal','Thanh toán qua PayPal','2023-06-02 01:09:33','2023-06-02 01:09:33'),(2995,1,'vi','plugins/payment/payment','mm_yy','MM/YY','2023-06-02 01:09:33','2023-06-02 01:09:33'),(2996,1,'vi','plugins/payment/payment','cvc','CVC','2023-06-02 01:09:33','2023-06-02 01:09:33'),(2997,1,'vi','plugins/payment/payment','details','Chi tiết','2023-06-02 01:09:33','2023-06-02 01:09:33'),(2998,1,'vi','plugins/payment/payment','payer_name','Tên người mua','2023-06-02 01:09:33','2023-06-02 01:09:33'),(2999,1,'vi','plugins/payment/payment','email','Email','2023-06-02 01:09:33','2023-06-02 01:09:33'),(3000,1,'vi','plugins/payment/payment','phone','Điện thoại','2023-06-02 01:09:33','2023-06-02 01:09:33'),(3001,1,'vi','plugins/payment/payment','country','Quốc gia','2023-06-02 01:09:33','2023-06-02 01:09:33'),(3002,1,'vi','plugins/payment/payment','shipping_address','Địa chỉ giao hàng','2023-06-02 01:09:33','2023-06-02 01:09:33'),(3003,1,'vi','plugins/payment/payment','payment_details','Chi tiết thanh toán','2023-06-02 01:09:33','2023-06-02 01:09:33'),(3004,1,'vi','plugins/payment/payment','card','Thẻ','2023-06-02 01:09:33','2023-06-02 01:09:33'),(3005,1,'vi','plugins/payment/payment','address','Địa chỉ','2023-06-02 01:09:33','2023-06-02 01:09:33'),(3006,1,'vi','plugins/payment/payment','could_not_get_stripe_token','Không thể lấy mã Stripe để thanh toán.','2023-06-02 01:09:33','2023-06-02 01:09:33'),(3007,1,'vi','plugins/payment/payment','payment_id','Mã thanh toán','2023-06-02 01:09:33','2023-06-02 01:09:33'),(3008,1,'vi','plugins/payment/payment','payment_methods','Phương thức thanh toán','2023-06-02 01:09:33','2023-06-02 01:09:33'),(3009,1,'vi','plugins/payment/payment','transactions','Lịch sử giao dịch','2023-06-02 01:09:33','2023-06-02 01:09:33'),(3010,1,'vi','plugins/payment/payment','payment_methods_description','Cài đặt các phương thức thanh toán cho website','2023-06-02 01:09:33','2023-06-02 01:09:33'),(3011,1,'vi','plugins/payment/payment','paypal_description','Khách hàng có thể mua hàng và thanh toán trực tiếp thông qua cổng thanh toán PayPal','2023-06-02 01:09:33','2023-06-02 01:09:33'),(3012,1,'vi','plugins/payment/payment','use','Dùng','2023-06-02 01:09:33','2023-06-02 01:09:33'),(3013,1,'vi','plugins/payment/payment','stripe_description','Khách hàng có thể mua hàng và thanh toán bằng Visa, Credit card thông qua cổng thanh toán Stripe','2023-06-02 01:09:33','2023-06-02 01:09:33'),(3014,1,'vi','plugins/payment/payment','edit','Chỉnh sửa','2023-06-02 01:09:33','2023-06-02 01:09:33'),(3015,1,'vi','plugins/payment/payment','settings','Cài đặt','2023-06-02 01:09:33','2023-06-02 01:09:33'),(3016,1,'vi','plugins/payment/payment','activate','Kích hoạt','2023-06-02 01:09:33','2023-06-02 01:09:33'),(3017,1,'vi','plugins/payment/payment','deactivate','Huỷ kích hoạt','2023-06-02 01:09:33','2023-06-02 01:09:33'),(3018,1,'vi','plugins/payment/payment','update','Cập nhật','2023-06-02 01:09:33','2023-06-02 01:09:33'),(3019,1,'vi','plugins/payment/payment','configuration_instruction','Hướng dẫn cấu hình :name','2023-06-02 01:09:33','2023-06-02 01:09:33'),(3020,1,'vi','plugins/payment/payment','configuration_requirement','Để sử dụng :name bạn cần','2023-06-02 01:09:33','2023-06-02 01:09:33'),(3021,1,'vi','plugins/payment/payment','service_registration','Đăng ký dịch vụ với :name','2023-06-02 01:09:33','2023-06-02 01:09:33'),(3022,1,'vi','plugins/payment/payment','after_service_registration_msg','Sau khi hoàn tất các bước đăng ký tại :name, bạn sẽ có các thông số Client ID, Client Secret','2023-06-02 01:09:33','2023-06-02 01:09:33'),(3023,1,'vi','plugins/payment/payment','enter_client_id_and_secret','Nhập các thông số Client ID, Secret vào ô bên phải','2023-06-02 01:09:33','2023-06-02 01:09:33'),(3024,1,'vi','plugins/payment/payment','method_name','Tên phương thức','2023-06-02 01:09:33','2023-06-02 01:09:33'),(3025,1,'vi','plugins/payment/payment','please_provide_information','Xin vui lòng cung cấp thông tin','2023-06-02 01:09:33','2023-06-02 01:09:33'),(3026,1,'vi','plugins/payment/payment','client_id','Client ID','2023-06-02 01:09:33','2023-06-02 01:09:33'),(3027,1,'vi','plugins/payment/payment','client_secret','Client Secret','2023-06-02 01:09:33','2023-06-02 01:09:33'),(3028,1,'vi','plugins/payment/payment','stripe_key','Stripe Key','2023-06-02 01:09:33','2023-06-02 01:09:33'),(3029,1,'vi','plugins/payment/payment','stripe_secret','Stripe Secret','2023-06-02 01:09:33','2023-06-02 01:09:33'),(3030,1,'vi','plugins/payment/payment','stripe_after_service_registration_msg','After registration at :name, you will have Public, Secret keys','2023-06-02 01:09:33','2023-06-02 01:09:33'),(3031,1,'vi','plugins/payment/payment','stripe_enter_client_id_and_secret','Enter Public, Secret keys into the box in right hand','2023-06-02 01:09:33','2023-06-02 01:09:33'),(3032,1,'vi','plugins/payment/payment','secret','Secret','2023-06-02 01:09:33','2023-06-02 01:09:33'),(3033,1,'vi','plugins/payment/payment','pay_online_via','Thanh toán online qua :name','2023-06-02 01:09:33','2023-06-02 01:09:33'),(3034,1,'vi','plugins/payment/payment','sandbox_mode','Chế độ thử nghiệm','2023-06-02 01:09:33','2023-06-02 01:09:33'),(3035,1,'vi','plugins/payment/payment','deactivate_payment_method','Huỷ kích hoạt phương thức','2023-06-02 01:09:33','2023-06-02 01:09:33'),(3036,1,'vi','plugins/payment/payment','deactivate_payment_method_description','Bạn có chắc chắn muốn huỷ phương thức thành toán này?','2023-06-02 01:09:33','2023-06-02 01:09:33'),(3037,1,'vi','plugins/payment/payment','agree','Đồng ý','2023-06-02 01:09:33','2023-06-02 01:09:33'),(3038,1,'vi','plugins/payment/payment','name','Thanh toán','2023-06-02 01:09:33','2023-06-02 01:09:33'),(3039,1,'vi','plugins/payment/payment','create','Thêm thanh toán mới','2023-06-02 01:09:33','2023-06-02 01:09:33'),(3040,1,'vi','plugins/payment/payment','go_back','Trở lại','2023-06-02 01:09:33','2023-06-02 01:09:33'),(3041,1,'vi','plugins/payment/payment','information','Thông tin','2023-06-02 01:09:33','2023-06-02 01:09:33'),(3042,1,'vi','plugins/payment/payment','methods.paypal','PayPal','2023-06-02 01:09:33','2023-06-02 01:09:33'),(3043,1,'vi','plugins/payment/payment','methods.cod','Thanh toán khi giao hàng (COD)','2023-06-02 01:09:33','2023-06-02 01:09:33'),(3044,1,'vi','plugins/payment/payment','methods.bank_transfer','Chuyển khoản qua ngân hàng','2023-06-02 01:09:33','2023-06-02 01:09:33'),(3045,1,'vi','plugins/payment/payment','statuses.pending','Chưa hoàn tất','2023-06-02 01:09:33','2023-06-02 01:09:33'),(3046,1,'vi','plugins/payment/payment','statuses.completed','Đã hoàn thành','2023-06-02 01:09:33','2023-06-02 01:09:33'),(3047,1,'vi','plugins/payment/payment','statuses.refunding','Đang hoàn tiền','2023-06-02 01:09:33','2023-06-02 01:09:33'),(3048,1,'vi','plugins/payment/payment','statuses.refunded','Đã hoàn tiền','2023-06-02 01:09:33','2023-06-02 01:09:33'),(3049,1,'vi','plugins/payment/payment','statuses.fraud','Gian lận','2023-06-02 01:09:33','2023-06-02 01:09:33'),(3050,1,'vi','plugins/payment/payment','statuses.failed','Thất bại','2023-06-02 01:09:33','2023-06-02 01:09:33'),(3051,1,'vi','plugins/payment/payment','payment_methods_instruction','Hướng dẫn khách hàng thanh toán trực tiếp. Có thể chọn thanh toán khi giao hàng hoặc chuyển khoản','2023-06-02 01:09:33','2023-06-02 01:09:33'),(3052,1,'vi','plugins/payment/payment','payment_method_description','Hướng dẫn thanh toán – (Hiển thị ở trang thông báo mua hàng thành công và trang thanh toán)','2023-06-02 01:09:33','2023-06-02 01:09:33'),(3053,1,'vi','plugins/payment/payment','payment_via_cod','Thanh toán khi nhận hàng (COD)','2023-06-02 01:09:33','2023-06-02 01:09:33'),(3054,1,'vi','plugins/payment/payment','payment_via_bank_transfer','Chuyển khoản qua ngân hàng','2023-06-02 01:09:33','2023-06-02 01:09:33'),(3055,1,'vi','plugins/payment/payment','payment_pending','Thực hiện thành công. Thanh toán của bạn đang được xử lý và sẽ được xác nhận bởi nhân viên.','2023-06-02 01:09:33','2023-06-02 01:09:33'),(3056,1,'vi','plugins/payment/payment','created_at','Ngày tạo','2023-06-02 01:09:33','2023-06-02 01:09:33'),(3057,1,'vi','plugins/payment/payment','payment_channel','Phương thức thanh toán','2023-06-02 01:09:33','2023-06-02 01:09:33'),(3058,1,'vi','plugins/payment/payment','total','Tổng cộng','2023-06-02 01:09:33','2023-06-02 01:09:33'),(3059,1,'vi','plugins/payment/payment','status','Trạng thái','2023-06-02 01:09:33','2023-06-02 01:09:33'),(3060,1,'vi','plugins/payment/payment','default_payment_method','Phương thức thanh toán mặc định','2023-06-02 01:09:33','2023-06-02 01:09:33'),(3061,1,'en','plugins/testimonial/testimonial','name','Testimonials','2023-06-02 01:09:33','2023-06-02 01:09:33'),(3062,1,'en','plugins/testimonial/testimonial','create','New testimonial','2023-06-02 01:09:33','2023-06-02 01:09:33'),(3063,1,'en','plugins/testimonial/testimonial','company','Position/Company','2023-06-02 01:09:33','2023-06-02 01:09:33'),(3064,1,'vi','plugins/testimonial/testimonial','name','Nhận xét của khách hàng','2023-06-02 01:09:33','2023-06-02 01:09:33'),(3065,1,'vi','plugins/testimonial/testimonial','create','Thêm nhận xét mới','2023-06-02 01:09:33','2023-06-02 01:09:33'),(3066,1,'vi','plugins/testimonial/testimonial','edit','Sửa nhận xét','2023-06-02 01:09:33','2023-06-02 01:09:33'),(3067,1,'vi','plugins/testimonial/testimonial','company','Chức vụ/Công ty','2023-06-02 01:09:33','2023-06-02 01:09:33'),(3068,1,'en','plugins/translation/translation','translations','Translations','2023-06-02 01:09:33','2023-06-02 01:09:33'),(3069,1,'en','plugins/translation/translation','translations_description','Translate all words in system.','2023-06-02 01:09:33','2023-06-02 01:09:33'),(3070,1,'en','plugins/translation/translation','export_warning','Warning, translations are not visible until they are exported back to lang folder. Please use \"Publish translations\" button to apply changes.','2023-06-02 01:09:33','2023-06-02 01:09:33'),(3071,1,'en','plugins/translation/translation','import_done','Done importing, processed :counter items! Reload this page to refresh the groups!','2023-06-02 01:09:33','2023-06-02 01:09:33'),(3072,1,'en','plugins/translation/translation','translation_manager','Translations Manager','2023-06-02 01:09:33','2023-06-02 01:09:33'),(3073,1,'en','plugins/translation/translation','done_publishing','Done publishing the translations for group','2023-06-02 01:09:33','2023-06-02 01:09:33'),(3074,1,'en','plugins/translation/translation','append_translation','Append new translations','2023-06-02 01:09:33','2023-06-02 01:09:33'),(3075,1,'en','plugins/translation/translation','replace_translation','Replace existing translations','2023-06-02 01:09:33','2023-06-02 01:09:33'),(3076,1,'en','plugins/translation/translation','import_group','Import group','2023-06-02 01:09:33','2023-06-02 01:09:33'),(3077,1,'en','plugins/translation/translation','confirm_publish_group','Are you sure you want to publish the translations group \":group\"? This will overwrite existing language files.','2023-06-02 01:09:33','2023-06-02 01:09:33'),(3078,1,'en','plugins/translation/translation','publish_translations','Publish translations','2023-06-02 01:09:33','2023-06-02 01:09:33'),(3079,1,'en','plugins/translation/translation','back','Back','2023-06-02 01:09:33','2023-06-02 01:09:33'),(3080,1,'en','plugins/translation/translation','edit_title','Enter translation','2023-06-02 01:09:33','2023-06-02 01:09:33'),(3081,1,'en','plugins/translation/translation','choose_group_msg','Choose a group to display the group translations. If no groups are visible, make sure you have imported the translations.','2023-06-02 01:09:33','2023-06-02 01:09:33'),(3082,1,'en','plugins/translation/translation','choose_a_group','Choose a group','2023-06-02 01:09:33','2023-06-02 01:09:33'),(3083,1,'en','plugins/translation/translation','locales','Locales','2023-06-02 01:09:33','2023-06-02 01:09:33'),(3084,1,'en','plugins/translation/translation','theme-translations','Theme translations','2023-06-02 01:09:33','2023-06-02 01:09:33'),(3085,1,'en','plugins/translation/translation','admin-translations','Other translations','2023-06-02 01:09:33','2023-06-02 01:09:33'),(3086,1,'en','plugins/translation/translation','translate_from','Translate from','2023-06-02 01:09:33','2023-06-02 01:09:33'),(3087,1,'en','plugins/translation/translation','to','to','2023-06-02 01:09:33','2023-06-02 01:09:33'),(3088,1,'en','plugins/translation/translation','no_other_languages','No other language to translate!','2023-06-02 01:09:33','2023-06-02 01:09:33'),(3089,1,'en','plugins/translation/translation','edit','Edit','2023-06-02 01:09:33','2023-06-02 01:09:33'),(3090,1,'en','plugins/translation/translation','locale','Locale','2023-06-02 01:09:33','2023-06-02 01:09:33'),(3091,1,'en','plugins/translation/translation','locale_placeholder','Ex: en','2023-06-02 01:09:33','2023-06-02 01:09:33'),(3092,1,'en','plugins/translation/translation','name','Name','2023-06-02 01:09:33','2023-06-02 01:09:33'),(3093,1,'en','plugins/translation/translation','default_locale','Default locale?','2023-06-02 01:09:33','2023-06-02 01:09:33'),(3094,1,'en','plugins/translation/translation','actions','Actions','2023-06-02 01:09:33','2023-06-02 01:09:33'),(3095,1,'en','plugins/translation/translation','choose_language','Choose language','2023-06-02 01:09:33','2023-06-02 01:09:33'),(3096,1,'en','plugins/translation/translation','add_new_language','Add new language','2023-06-02 01:09:33','2023-06-02 01:09:33'),(3097,1,'en','plugins/translation/translation','select_language','Select language','2023-06-02 01:09:33','2023-06-02 01:09:33'),(3098,1,'en','plugins/translation/translation','flag','Flag','2023-06-02 01:09:33','2023-06-02 01:09:33'),(3099,1,'en','plugins/translation/translation','folder_is_not_writeable','Cannot write files! Folder :lang_path is not writable. Please chmod to make it writable!','2023-06-02 01:09:33','2023-06-02 01:09:33'),(3100,1,'en','plugins/translation/translation','delete','Delete','2023-06-02 01:09:33','2023-06-02 01:09:33'),(3101,1,'en','plugins/translation/translation','confirm_delete_message','Do you really want to delete this locale? It will delete all files/folders for this local in :lang_path!','2023-06-02 01:09:33','2023-06-02 01:09:33'),(3102,1,'en','plugins/translation/translation','download','Download','2023-06-02 01:09:33','2023-06-02 01:09:33'),(3103,1,'en','plugins/translation/translation','select_locale','Select locale','2023-06-02 01:09:33','2023-06-02 01:09:33'),(3104,1,'en','plugins/translation/translation','theme_translations_instruction','Click on text to translate. Do NOT translate variables, Eg. :username, :query, :link...','2023-06-02 01:09:33','2023-06-02 01:09:33'),(3105,1,'en','plugins/translation/translation','import_available_locale','Or import available locale from our GitHub repository','2023-06-02 01:09:33','2023-06-02 01:09:33'),(3106,1,'en','plugins/translation/translation','add_new_locale','Add new locale','2023-06-02 01:09:33','2023-06-02 01:09:33'),(3107,1,'en','plugins/translation/translation','download_locale','Download locale','2023-06-02 01:09:33','2023-06-02 01:09:33'),(3108,1,'en','plugins/translation/translation','import_available_locale_confirmation','Download locale from GitHub','2023-06-02 01:09:33','2023-06-02 01:09:33'),(3109,1,'en','plugins/translation/translation','import_available_locale_confirmation_content','Are you sure you want to download this locale? It will be downloaded into :lang_path, you can delete it later if you want.','2023-06-02 01:09:33','2023-06-02 01:09:33'),(3110,1,'en','plugins/translation/translation','is_default','Is default?','2023-06-02 01:09:33','2023-06-02 01:09:33'),(3111,1,'vi','plugins/translation/translation','append_translation','Tiếp nối bản dịch','2023-06-02 01:09:33','2023-06-02 01:09:33'),(3112,1,'vi','plugins/translation/translation','back','Quay lại','2023-06-02 01:09:33','2023-06-02 01:09:33'),(3113,1,'vi','plugins/translation/translation','choose_a_group','Chọn một nhóm','2023-06-02 01:09:33','2023-06-02 01:09:33'),(3114,1,'vi','plugins/translation/translation','choose_group_msg','Chọn một nhóm để hiển thị nhóm dịch thuật. Nếu nhóm không có sẵn, hãy chắc chắn là bạn đã chạy migrations và nhập dữ liệu dịch thuật.','2023-06-02 01:09:33','2023-06-02 01:09:33'),(3115,1,'vi','plugins/translation/translation','confirm_publish_group','Bạn có chắc muốn xuất bản nhóm \":group\"? Điều này sẽ ghi đè tập tin ngôn ngữ hiện tại.','2023-06-02 01:09:33','2023-06-02 01:09:33'),(3116,1,'vi','plugins/translation/translation','done_publishing','Xuất bản nhóm dịch thuật thành công','2023-06-02 01:09:33','2023-06-02 01:09:33'),(3117,1,'vi','plugins/translation/translation','edit_title','Nhập nội dung dịch','2023-06-02 01:09:33','2023-06-02 01:09:33'),(3118,1,'vi','plugins/translation/translation','export_warning','Cảnh báo, bản dịch sẽ không có sẵn cho đến khi chúng được xuất bản lại vào thư mục :lang_path, sử dụng lệnh \'php artisan cms:translations:export\' hoặc sử dụng nút xuất bản','2023-06-02 01:09:33','2023-06-02 01:09:33'),(3119,1,'vi','plugins/translation/translation','import_done','Nhập hoàn thành, đã xử lý :counter bản ghi!  ','2023-06-02 01:09:33','2023-06-02 01:09:33'),(3120,1,'vi','plugins/translation/translation','import_group','Nhập nhóm','2023-06-02 01:09:33','2023-06-02 01:09:33'),(3121,1,'vi','plugins/translation/translation','publish_translations','Xuất bản dịch thuật','2023-06-02 01:09:33','2023-06-02 01:09:33'),(3122,1,'vi','plugins/translation/translation','replace_translation','Thay thế bản dịch hiện tại','2023-06-02 01:09:33','2023-06-02 01:09:33'),(3123,1,'vi','plugins/translation/translation','translation_manager','Quản lý dịch thuật','2023-06-02 01:09:33','2023-06-02 01:09:33'),(3124,1,'vi','plugins/translation/translation','translations','Dịch thuật','2023-06-02 01:09:33','2023-06-02 01:09:33'),(3125,1,'vi','plugins/translation/translation','translations_description','Dịch tất cả các từ trong hệ thống','2023-06-02 01:09:33','2023-06-02 01:09:33'),(3126,1,'vi','plugins/translation/translation','actions','Hành động','2023-06-02 01:09:33','2023-06-02 01:09:33'),(3127,1,'vi','plugins/translation/translation','add_new_language','Thêm ngôn ngữ mới','2023-06-02 01:09:33','2023-06-02 01:09:33'),(3128,1,'vi','plugins/translation/translation','admin-translations','Dịch các mục khác','2023-06-02 01:09:33','2023-06-02 01:09:33'),(3129,1,'vi','plugins/translation/translation','choose_language','Chọn ngôn ngữ','2023-06-02 01:09:33','2023-06-02 01:09:33'),(3130,1,'vi','plugins/translation/translation','default_locale','Ngôn ngữ mặc định','2023-06-02 01:09:33','2023-06-02 01:09:33'),(3131,1,'vi','plugins/translation/translation','delete','Xóa','2023-06-02 01:09:33','2023-06-02 01:09:33'),(3132,1,'vi','plugins/translation/translation','edit','Sửa','2023-06-02 01:09:34','2023-06-02 01:09:34'),(3133,1,'vi','plugins/translation/translation','flag','Cờ','2023-06-02 01:09:34','2023-06-02 01:09:34'),(3134,1,'vi','plugins/translation/translation','locale','Ngôn ngữ','2023-06-02 01:09:34','2023-06-02 01:09:34'),(3135,1,'vi','plugins/translation/translation','locales','Ngôn ngữ','2023-06-02 01:09:34','2023-06-02 01:09:34'),(3136,1,'vi','plugins/translation/translation','name','Tên','2023-06-02 01:09:34','2023-06-02 01:09:34'),(3137,1,'vi','plugins/translation/translation','no_other_languages','Không còn ngôn ngữ nào khác để dịch!','2023-06-02 01:09:34','2023-06-02 01:09:34'),(3138,1,'vi','plugins/translation/translation','select_language','Lựa chọn ngôn ngữ','2023-06-02 01:09:34','2023-06-02 01:09:34'),(3139,1,'vi','plugins/translation/translation','theme-translations','Dịch giao diện','2023-06-02 01:09:34','2023-06-02 01:09:34'),(3140,1,'vi','plugins/translation/translation','to','sang','2023-06-02 01:09:34','2023-06-02 01:09:34'),(3141,1,'vi','plugins/translation/translation','translate_from','Dịch từ','2023-06-02 01:09:34','2023-06-02 01:09:34'),(3142,1,'vi','auth','failed','Thông tin tài khoản không tìm thấy trong hệ thống.','2023-06-02 01:09:34','2023-06-02 01:09:34'),(3143,1,'vi','auth','password','Mật khẩu không đúng.','2023-06-02 01:09:34','2023-06-02 01:09:34'),(3144,1,'vi','auth','throttle','Vượt quá số lần đăng nhập cho phép. Vui lòng thử lại sau :seconds giây.','2023-06-02 01:09:34','2023-06-02 01:09:34'),(3145,1,'vi','pagination','next','Trang trước &raquo;','2023-06-02 01:09:34','2023-06-02 01:09:34'),(3146,1,'vi','pagination','previous','&laquo; Trang sau','2023-06-02 01:09:34','2023-06-02 01:09:34'),(3147,1,'vi','passwords','reset','Mật khẩu mới đã được cập nhật!','2023-06-02 01:09:34','2023-06-02 01:09:34'),(3148,1,'vi','passwords','sent','Hướng dẫn cấp lại mật khẩu đã được gửi!','2023-06-02 01:09:34','2023-06-02 01:09:34'),(3149,1,'vi','passwords','throttled','Vui lòng đợi trước khi thử lại.','2023-06-02 01:09:34','2023-06-02 01:09:34'),(3150,1,'vi','passwords','token','Mã khôi phục mật khẩu không hợp lệ.','2023-06-02 01:09:34','2023-06-02 01:09:34'),(3151,1,'vi','passwords','user','Không tìm thấy người dùng với địa chỉ email này.','2023-06-02 01:09:34','2023-06-02 01:09:34'),(3152,1,'vi','validation','accepted','Trường :attribute phải được chấp nhận.','2023-06-02 01:09:34','2023-06-02 01:09:34'),(3153,1,'vi','validation','accepted_if','Trường :attribute phải được chấp nhận khi :other là :value.','2023-06-02 01:09:34','2023-06-02 01:09:34'),(3154,1,'vi','validation','active_url','Trường :attribute không phải là một URL hợp lệ.','2023-06-02 01:09:34','2023-06-02 01:09:34'),(3155,1,'vi','validation','after','Trường :attribute phải là một ngày sau ngày :date.','2023-06-02 01:09:34','2023-06-02 01:09:34'),(3156,1,'vi','validation','after_or_equal','Trường :attribute phải là thời gian bắt đầu sau hoặc đúng bằng :date.','2023-06-02 01:09:34','2023-06-02 01:09:34'),(3157,1,'vi','validation','alpha','Trường :attribute chỉ có thể chứa các chữ cái.','2023-06-02 01:09:34','2023-06-02 01:09:34'),(3158,1,'vi','validation','alpha_dash','Trường :attribute chỉ có thể chứa chữ cái, số và dấu gạch ngang.','2023-06-02 01:09:34','2023-06-02 01:09:34'),(3159,1,'vi','validation','alpha_num','Trường :attribute chỉ có thể chứa chữ cái và số.','2023-06-02 01:09:34','2023-06-02 01:09:34'),(3160,1,'vi','validation','array','Trường :attribute phải là dạng mảng.','2023-06-02 01:09:34','2023-06-02 01:09:34'),(3161,1,'vi','validation','before','Trường :attribute phải là một ngày trước ngày :date.','2023-06-02 01:09:34','2023-06-02 01:09:34'),(3162,1,'vi','validation','before_or_equal','Trường :attribute phải là thời gian bắt đầu trước hoặc đúng bằng :date.','2023-06-02 01:09:34','2023-06-02 01:09:34'),(3163,1,'vi','validation','between.array','Trường :attribute phải có từ :min - :max phần tử.','2023-06-02 01:09:34','2023-06-02 01:09:34'),(3164,1,'vi','validation','between.file','Dung lượng tập tin trong trường :attribute phải từ :min - :max kB.','2023-06-02 01:09:34','2023-06-02 01:09:34'),(3165,1,'vi','validation','between.numeric','Trường :attribute phải nằm trong khoảng :min - :max.','2023-06-02 01:09:34','2023-06-02 01:09:34'),(3166,1,'vi','validation','between.string','Trường :attribute phải từ :min - :max kí tự.','2023-06-02 01:09:34','2023-06-02 01:09:34'),(3167,1,'vi','validation','boolean','Trường :attribute phải là true hoặc false.','2023-06-02 01:09:34','2023-06-02 01:09:34'),(3168,1,'vi','validation','confirmed','Giá trị xác nhận trong trường :attribute không khớp.','2023-06-02 01:09:34','2023-06-02 01:09:34'),(3169,1,'vi','validation','current_password','Mật khẩu không đúng.','2023-06-02 01:09:34','2023-06-02 01:09:34'),(3170,1,'vi','validation','date','Trường :attribute không phải là định dạng của ngày-tháng.','2023-06-02 01:09:34','2023-06-02 01:09:34'),(3171,1,'vi','validation','date_equals','Trường :attribute phải là một ngày bằng với :date.','2023-06-02 01:09:34','2023-06-02 01:09:34'),(3172,1,'vi','validation','date_format','Trường :attribute không giống với định dạng :format.','2023-06-02 01:09:34','2023-06-02 01:09:34'),(3173,1,'vi','validation','declined','Trường :attribute phải bị từ chối.','2023-06-02 01:09:34','2023-06-02 01:09:34'),(3174,1,'vi','validation','declined_if','Trường :attribute phải bị từ chối khi :other là :value.','2023-06-02 01:09:34','2023-06-02 01:09:34'),(3175,1,'vi','validation','different','Trường :attribute và :other phải khác nhau.','2023-06-02 01:09:34','2023-06-02 01:09:34'),(3176,1,'vi','validation','digits','Độ dài của trường :attribute phải gồm :digits chữ số.','2023-06-02 01:09:34','2023-06-02 01:09:34'),(3177,1,'vi','validation','digits_between','Độ dài của trường :attribute phải nằm trong khoảng :min and :max chữ số.','2023-06-02 01:09:34','2023-06-02 01:09:34'),(3178,1,'vi','validation','dimensions','Trường :attribute có kích thước không hợp lệ.','2023-06-02 01:09:34','2023-06-02 01:09:34'),(3179,1,'vi','validation','distinct','Trường :attribute có giá trị trùng lặp.','2023-06-02 01:09:34','2023-06-02 01:09:34'),(3180,1,'vi','validation','email','Trường :attribute phải là một địa chỉ email hợp lệ.','2023-06-02 01:09:34','2023-06-02 01:09:34'),(3181,1,'vi','validation','ends_with','Trường :attribute phải kết thúc bằng một trong những giá trị sau: :values','2023-06-02 01:09:34','2023-06-02 01:09:34'),(3182,1,'vi','validation','enum','Giá trị đã chọn trong trường :attribute không hợp lệ.','2023-06-02 01:09:34','2023-06-02 01:09:34'),(3183,1,'vi','validation','exists','Giá trị đã chọn trong trường :attribute không hợp lệ.','2023-06-02 01:09:34','2023-06-02 01:09:34'),(3184,1,'vi','validation','file','Trường :attribute phải là một tệp tin.','2023-06-02 01:09:34','2023-06-02 01:09:34'),(3185,1,'vi','validation','filled','Trường :attribute không được bỏ trống.','2023-06-02 01:09:34','2023-06-02 01:09:34'),(3186,1,'vi','validation','gt.array','Mảng :attribute phải có nhiều hơn :value phần tử.','2023-06-02 01:09:34','2023-06-02 01:09:34'),(3187,1,'vi','validation','gt.file','Dung lượng trường :attribute phải lớn hơn :value kilobytes.','2023-06-02 01:09:34','2023-06-02 01:09:34'),(3188,1,'vi','validation','gt.numeric','Giá trị trường :attribute phải lớn hơn :value.','2023-06-02 01:09:34','2023-06-02 01:09:34'),(3189,1,'vi','validation','gt.string','Độ dài trường :attribute phải nhiều hơn :value kí tự.','2023-06-02 01:09:34','2023-06-02 01:09:34'),(3190,1,'vi','validation','gte.array','Mảng :attribute phải có ít nhất :value phần tử.','2023-06-02 01:09:34','2023-06-02 01:09:34'),(3191,1,'vi','validation','gte.file','Dung lượng trường :attribute phải lớn hơn hoặc bằng :value kilobytes.','2023-06-02 01:09:34','2023-06-02 01:09:34'),(3192,1,'vi','validation','gte.numeric','Giá trị trường :attribute phải lớn hơn hoặc bằng :value.','2023-06-02 01:09:34','2023-06-02 01:09:34'),(3193,1,'vi','validation','gte.string','Độ dài trường :attribute phải lớn hơn hoặc bằng :value kí tự.','2023-06-02 01:09:34','2023-06-02 01:09:34'),(3194,1,'vi','validation','image','Trường :attribute phải là định dạng hình ảnh.','2023-06-02 01:09:34','2023-06-02 01:09:34'),(3195,1,'vi','validation','in','Giá trị đã chọn trong trường :attribute không hợp lệ.','2023-06-02 01:09:34','2023-06-02 01:09:34'),(3196,1,'vi','validation','in_array','Trường :attribute phải thuộc tập cho phép: :other.','2023-06-02 01:09:34','2023-06-02 01:09:34'),(3197,1,'vi','validation','integer','Trường :attribute phải là một số nguyên.','2023-06-02 01:09:34','2023-06-02 01:09:34'),(3198,1,'vi','validation','ip','Trường :attribute phải là một địa chỉ IP.','2023-06-02 01:09:34','2023-06-02 01:09:34'),(3199,1,'vi','validation','ipv4','Trường :attribute phải là một địa chỉ IPv4.','2023-06-02 01:09:34','2023-06-02 01:09:34'),(3200,1,'vi','validation','ipv6','Trường :attribute phải là một địa chỉ IPv6.','2023-06-02 01:09:34','2023-06-02 01:09:34'),(3201,1,'vi','validation','json','Trường :attribute phải là một chuỗi JSON.','2023-06-02 01:09:34','2023-06-02 01:09:34'),(3202,1,'vi','validation','lt.array','Mảng :attribute phải có ít hơn :value phần tử.','2023-06-02 01:09:34','2023-06-02 01:09:34'),(3203,1,'vi','validation','lt.file','Dung lượng trường :attribute phải nhỏ hơn :value kilobytes.','2023-06-02 01:09:34','2023-06-02 01:09:34'),(3204,1,'vi','validation','lt.numeric','Giá trị trường :attribute phải nhỏ hơn :value.','2023-06-02 01:09:34','2023-06-02 01:09:34'),(3205,1,'vi','validation','lt.string','Độ dài trường :attribute phải nhỏ hơn :value kí tự.','2023-06-02 01:09:34','2023-06-02 01:09:34'),(3206,1,'vi','validation','lte.array','Mảng :attribute không được có nhiều hơn :value phần tử.','2023-06-02 01:09:34','2023-06-02 01:09:34'),(3207,1,'vi','validation','lte.file','Dung lượng trường :attribute phải nhỏ hơn hoặc bằng :value kilobytes.','2023-06-02 01:09:34','2023-06-02 01:09:34'),(3208,1,'vi','validation','lte.numeric','Giá trị trường :attribute phải nhỏ hơn hoặc bằng :value.','2023-06-02 01:09:34','2023-06-02 01:09:34'),(3209,1,'vi','validation','lte.string','Độ dài trường :attribute phải nhỏ hơn hoặc bằng :value kí tự.','2023-06-02 01:09:34','2023-06-02 01:09:34'),(3210,1,'vi','validation','mac_address','Trường :attribute phải là một địa chỉ MAC hợp lệ.','2023-06-02 01:09:34','2023-06-02 01:09:34'),(3211,1,'vi','validation','max.array','Trường :attribute không được lớn hơn :max phần tử.','2023-06-02 01:09:34','2023-06-02 01:09:34'),(3212,1,'vi','validation','max.file','Dung lượng tập tin trong trường :attribute không được lớn hơn :max kB.','2023-06-02 01:09:34','2023-06-02 01:09:34'),(3213,1,'vi','validation','max.numeric','Trường :attribute không được lớn hơn :max.','2023-06-02 01:09:34','2023-06-02 01:09:34'),(3214,1,'vi','validation','max.string','Trường :attribute không được lớn hơn :max kí tự.','2023-06-02 01:09:34','2023-06-02 01:09:34'),(3215,1,'vi','validation','mimes','Trường :attribute phải là một tập tin có định dạng: :values.','2023-06-02 01:09:34','2023-06-02 01:09:34'),(3216,1,'vi','validation','mimetypes','Trường :attribute phải là một tập tin có định dạng: :values.','2023-06-02 01:09:34','2023-06-02 01:09:34'),(3217,1,'vi','validation','min.array','Trường :attribute phải có tối thiểu :min phần tử.','2023-06-02 01:09:34','2023-06-02 01:09:34'),(3218,1,'vi','validation','min.file','Dung lượng tập tin trong trường :attribute phải tối thiểu :min kB.','2023-06-02 01:09:34','2023-06-02 01:09:34'),(3219,1,'vi','validation','min.numeric','Trường :attribute phải tối thiểu là :min.','2023-06-02 01:09:34','2023-06-02 01:09:34'),(3220,1,'vi','validation','min.string','Trường :attribute phải có tối thiểu :min kí tự.','2023-06-02 01:09:34','2023-06-02 01:09:34'),(3221,1,'vi','validation','multiple_of','Trường :attribute phải là bội số của :value','2023-06-02 01:09:34','2023-06-02 01:09:34'),(3222,1,'vi','validation','not_in','Giá trị đã chọn trong trường :attribute không hợp lệ.','2023-06-02 01:09:34','2023-06-02 01:09:34'),(3223,1,'vi','validation','not_regex','Trường :attribute có định dạng không hợp lệ.','2023-06-02 01:09:34','2023-06-02 01:09:34'),(3224,1,'vi','validation','numeric','Trường :attribute phải là một số.','2023-06-02 01:09:34','2023-06-02 01:09:34'),(3225,1,'vi','validation','password','Mật khẩu không đúng.','2023-06-02 01:09:34','2023-06-02 01:09:34'),(3226,1,'vi','validation','present','Trường :attribute phải được cung cấp.','2023-06-02 01:09:34','2023-06-02 01:09:34'),(3227,1,'vi','validation','prohibited','Trường :attribute bị cấm.','2023-06-02 01:09:34','2023-06-02 01:09:34'),(3228,1,'vi','validation','prohibited_if','Trường :attribute bị cấm khi :other là :value.','2023-06-02 01:09:34','2023-06-02 01:09:34'),(3229,1,'vi','validation','prohibited_unless','Trường :attribute bị cấm trừ khi :other là một trong :values.','2023-06-02 01:09:34','2023-06-02 01:09:34'),(3230,1,'vi','validation','prohibits','Trường :attribute cấm :other từ thời điểm hiện tại.','2023-06-02 01:09:34','2023-06-02 01:09:34'),(3231,1,'vi','validation','regex','Trường :attribute có định dạng không hợp lệ.','2023-06-02 01:09:34','2023-06-02 01:09:34'),(3232,1,'vi','validation','required','Trường :attribute không được bỏ trống.','2023-06-02 01:09:34','2023-06-02 01:09:34'),(3233,1,'vi','validation','required_array_keys','Trường :attribute phải bao gồm các mục nhập cho: :values.','2023-06-02 01:09:34','2023-06-02 01:09:34'),(3234,1,'vi','validation','required_if','Trường :attribute không được bỏ trống khi trường :other là :value.','2023-06-02 01:09:34','2023-06-02 01:09:34'),(3235,1,'vi','validation','required_unless','Trường :attribute không được bỏ trống trừ khi :other là :values.','2023-06-02 01:09:34','2023-06-02 01:09:34'),(3236,1,'vi','validation','required_with','Trường :attribute không được bỏ trống khi một trong :values có giá trị.','2023-06-02 01:09:34','2023-06-02 01:09:34'),(3237,1,'vi','validation','required_with_all','Trường :attribute không được bỏ trống khi tất cả :values có giá trị.','2023-06-02 01:09:34','2023-06-02 01:09:34'),(3238,1,'vi','validation','required_without','Trường :attribute không được bỏ trống khi một trong :values không có giá trị.','2023-06-02 01:09:34','2023-06-02 01:09:34'),(3239,1,'vi','validation','required_without_all','Trường :attribute không được bỏ trống khi tất cả :values không có giá trị.','2023-06-02 01:09:34','2023-06-02 01:09:34'),(3240,1,'vi','validation','same','Trường :attribute và :other phải giống nhau.','2023-06-02 01:09:34','2023-06-02 01:09:34'),(3241,1,'vi','validation','size.array','Trường :attribute phải chứa :size phần tử.','2023-06-02 01:09:34','2023-06-02 01:09:34'),(3242,1,'vi','validation','size.file','Dung lượng tập tin trong trường :attribute phải bằng :size kB.','2023-06-02 01:09:34','2023-06-02 01:09:34'),(3243,1,'vi','validation','size.numeric','Trường :attribute phải bằng :size.','2023-06-02 01:09:34','2023-06-02 01:09:34'),(3244,1,'vi','validation','size.string','Trường :attribute phải chứa :size kí tự.','2023-06-02 01:09:34','2023-06-02 01:09:34'),(3245,1,'vi','validation','starts_with','Trường :attribute phải được bắt đầu bằng một trong những giá trị sau: :values','2023-06-02 01:09:34','2023-06-02 01:09:34'),(3246,1,'vi','validation','string','Trường :attribute phải là một chuỗi kí tự.','2023-06-02 01:09:34','2023-06-02 01:09:34'),(3247,1,'vi','validation','timezone','Trường :attribute phải là một múi giờ hợp lệ.','2023-06-02 01:09:34','2023-06-02 01:09:34'),(3248,1,'vi','validation','unique','Trường :attribute đã có trong cơ sở dữ liệu.','2023-06-02 01:09:34','2023-06-02 01:09:34'),(3249,1,'vi','validation','uploaded','Trường :attribute tải lên thất bại.','2023-06-02 01:09:34','2023-06-02 01:09:34'),(3250,1,'vi','validation','url','Trường :attribute không giống với định dạng một URL.','2023-06-02 01:09:34','2023-06-02 01:09:34'),(3251,1,'vi','validation','uuid','Trường :attribute phải là một chuỗi UUID hợp lệ.','2023-06-02 01:09:34','2023-06-02 01:09:34'),(3252,1,'vi','validation','custom.attribute-name.rule-name','custom-message','2023-06-02 01:09:34','2023-06-02 01:09:34');
/*!40000 ALTER TABLE `translations` ENABLE KEYS */;
UNLOCK TABLES;

--
-- Table structure for table `user_meta`
--

DROP TABLE IF EXISTS `user_meta`;
/*!40101 SET @saved_cs_client     = @@character_set_client */;
/*!50503 SET character_set_client = utf8mb4 */;
CREATE TABLE `user_meta` (
  `id` bigint unsigned NOT NULL AUTO_INCREMENT,
  `key` varchar(191) COLLATE utf8mb4_unicode_ci DEFAULT NULL,
  `value` varchar(191) COLLATE utf8mb4_unicode_ci DEFAULT NULL,
  `user_id` bigint unsigned NOT NULL,
  `created_at` timestamp NULL DEFAULT NULL,
  `updated_at` timestamp NULL DEFAULT NULL,
  PRIMARY KEY (`id`),
  KEY `user_meta_user_id_index` (`user_id`)
) ENGINE=InnoDB DEFAULT CHARSET=utf8mb4 COLLATE=utf8mb4_unicode_ci;
/*!40101 SET character_set_client = @saved_cs_client */;

--
-- Dumping data for table `user_meta`
--

LOCK TABLES `user_meta` WRITE;
/*!40000 ALTER TABLE `user_meta` DISABLE KEYS */;
/*!40000 ALTER TABLE `user_meta` ENABLE KEYS */;
UNLOCK TABLES;

--
-- Table structure for table `users`
--

DROP TABLE IF EXISTS `users`;
/*!40101 SET @saved_cs_client     = @@character_set_client */;
/*!50503 SET character_set_client = utf8mb4 */;
CREATE TABLE `users` (
  `id` bigint unsigned NOT NULL AUTO_INCREMENT,
  `email` varchar(191) COLLATE utf8mb4_unicode_ci NOT NULL,
  `email_verified_at` timestamp NULL DEFAULT NULL,
  `password` varchar(191) CHARACTER SET utf8mb4 COLLATE utf8mb4_unicode_ci DEFAULT NULL,
  `remember_token` varchar(100) COLLATE utf8mb4_unicode_ci DEFAULT NULL,
  `created_at` timestamp NULL DEFAULT NULL,
  `updated_at` timestamp NULL DEFAULT NULL,
  `first_name` varchar(191) COLLATE utf8mb4_unicode_ci DEFAULT NULL,
  `last_name` varchar(191) COLLATE utf8mb4_unicode_ci DEFAULT NULL,
  `username` varchar(60) COLLATE utf8mb4_unicode_ci DEFAULT NULL,
  `avatar_id` bigint unsigned DEFAULT NULL,
  `super_user` tinyint(1) NOT NULL DEFAULT '0',
  `manage_supers` tinyint(1) NOT NULL DEFAULT '0',
  `permissions` text COLLATE utf8mb4_unicode_ci,
  `last_login` timestamp NULL DEFAULT NULL,
  PRIMARY KEY (`id`),
  UNIQUE KEY `users_email_unique` (`email`),
  UNIQUE KEY `users_username_unique` (`username`)
) ENGINE=InnoDB AUTO_INCREMENT=3 DEFAULT CHARSET=utf8mb4 COLLATE=utf8mb4_unicode_ci;
/*!40101 SET character_set_client = @saved_cs_client */;

--
-- Dumping data for table `users`
--

LOCK TABLES `users` WRITE;
/*!40000 ALTER TABLE `users` DISABLE KEYS */;
INSERT INTO `users` VALUES (1,'admin@botble.com',NULL,'$2y$10$xC2939Jn4wo3NxIpjpeD6OQbgOWPw9l7OJLn/wLTP6cr2BHt1OK.e',NULL,'2023-06-02 01:09:14','2023-06-02 01:09:14','Super','Admin','botble',NULL,1,1,NULL,NULL),(2,'user@botble.com',NULL,'$2y$10$HFnK.QCH6P5Q60gMO/cUUOeB8rZP.ooF.nTYnYSuZe8qu7cVaUYiu',NULL,'2023-06-02 01:09:14','2023-06-02 01:09:14','Normal','Admin','admin',NULL,0,0,'{\"users.index\":true,\"users.create\":true,\"users.edit\":true,\"users.destroy\":true,\"roles.index\":true,\"roles.create\":true,\"roles.edit\":true,\"roles.destroy\":true,\"core.system\":true,\"core.manage.license\":true,\"media.index\":true,\"files.index\":true,\"files.create\":true,\"files.edit\":true,\"files.trash\":true,\"files.destroy\":true,\"folders.index\":true,\"folders.create\":true,\"folders.edit\":true,\"folders.trash\":true,\"folders.destroy\":true,\"settings.options\":true,\"settings.email\":true,\"settings.media\":true,\"api.settings\":true,\"menus.index\":true,\"menus.create\":true,\"menus.edit\":true,\"menus.destroy\":true,\"pages.index\":true,\"pages.create\":true,\"pages.edit\":true,\"pages.destroy\":true,\"plugins.index\":true,\"plugins.edit\":true,\"plugins.remove\":true,\"plugins.marketplace\":true,\"core.appearance\":true,\"theme.index\":true,\"theme.activate\":true,\"theme.remove\":true,\"theme.options\":true,\"theme.custom-css\":true,\"theme.custom-js\":true,\"theme.custom-html\":true,\"widgets.index\":true,\"analytics.general\":true,\"analytics.page\":true,\"analytics.browser\":true,\"analytics.referrer\":true,\"audit-log.index\":true,\"audit-log.destroy\":true,\"backups.index\":true,\"backups.create\":true,\"backups.restore\":true,\"backups.destroy\":true,\"plugins.blog\":true,\"posts.index\":true,\"posts.create\":true,\"posts.edit\":true,\"posts.destroy\":true,\"categories.index\":true,\"categories.create\":true,\"categories.edit\":true,\"categories.destroy\":true,\"tags.index\":true,\"tags.create\":true,\"tags.edit\":true,\"tags.destroy\":true,\"contacts.index\":true,\"contacts.edit\":true,\"contacts.destroy\":true,\"galleries.index\":true,\"galleries.create\":true,\"galleries.edit\":true,\"galleries.destroy\":true,\"room.index\":true,\"room.create\":true,\"room.edit\":true,\"room.destroy\":true,\"amenity.index\":true,\"amenity.create\":true,\"amenity.edit\":true,\"amenity.destroy\":true,\"food.index\":true,\"food.create\":true,\"food.edit\":true,\"food.destroy\":true,\"food-type.index\":true,\"food-type.create\":true,\"food-type.edit\":true,\"food-type.destroy\":true,\"booking.index\":true,\"booking.edit\":true,\"booking.destroy\":true,\"booking-address.index\":true,\"booking-address.create\":true,\"booking-address.edit\":true,\"booking-address.destroy\":true,\"booking-room.index\":true,\"booking-room.create\":true,\"booking-room.edit\":true,\"booking-room.destroy\":true,\"room-category.index\":true,\"room-category.create\":true,\"room-category.edit\":true,\"room-category.destroy\":true,\"feature.index\":true,\"feature.create\":true,\"feature.edit\":true,\"feature.destroy\":true,\"service.index\":true,\"service.create\":true,\"service.edit\":true,\"service.destroy\":true,\"place.index\":true,\"place.create\":true,\"place.edit\":true,\"place.destroy\":true,\"tax.index\":true,\"tax.create\":true,\"tax.edit\":true,\"tax.destroy\":true,\"languages.index\":true,\"languages.create\":true,\"languages.edit\":true,\"languages.destroy\":true,\"payment.index\":true,\"payments.settings\":true,\"payment.destroy\":true,\"testimonial.index\":true,\"testimonial.create\":true,\"testimonial.edit\":true,\"testimonial.destroy\":true,\"plugins.translation\":true,\"translations.locales\":true,\"translations.theme-translations\":true,\"translations.index\":true}',NULL);
/*!40000 ALTER TABLE `users` ENABLE KEYS */;
UNLOCK TABLES;

--
-- Table structure for table `widgets`
--

DROP TABLE IF EXISTS `widgets`;
/*!40101 SET @saved_cs_client     = @@character_set_client */;
/*!50503 SET character_set_client = utf8mb4 */;
CREATE TABLE `widgets` (
  `id` bigint unsigned NOT NULL AUTO_INCREMENT,
  `widget_id` varchar(120) COLLATE utf8mb4_unicode_ci NOT NULL,
  `sidebar_id` varchar(120) COLLATE utf8mb4_unicode_ci NOT NULL,
  `theme` varchar(120) COLLATE utf8mb4_unicode_ci NOT NULL,
  `position` tinyint unsigned NOT NULL DEFAULT '0',
  `data` text COLLATE utf8mb4_unicode_ci,
  `created_at` timestamp NULL DEFAULT NULL,
  `updated_at` timestamp NULL DEFAULT NULL,
  PRIMARY KEY (`id`)
) ENGINE=InnoDB AUTO_INCREMENT=9 DEFAULT CHARSET=utf8mb4 COLLATE=utf8mb4_unicode_ci;
/*!40101 SET character_set_client = @saved_cs_client */;

--
-- Dumping data for table `widgets`
--

LOCK TABLES `widgets` WRITE;
/*!40000 ALTER TABLE `widgets` DISABLE KEYS */;
INSERT INTO `widgets` VALUES (1,'CustomMenuWidget','footer_sidebar','miranda',0,'{\"id\":\"CustomMenuWidget\",\"name\":\"Services.\",\"menu_id\":\"services\"}','2023-06-02 01:09:16','2023-06-02 01:09:16'),(2,'RecentPostsWidget','primary_sidebar','miranda',0,'{\"id\":\"RecentPostsWidget\",\"name\":\"Recent posts\",\"number_display\":5}','2023-06-02 01:09:16','2023-06-02 01:09:16'),(3,'BlogCategoriesWidget','primary_sidebar','miranda',1,'{\"id\":\"BlogCategoriesWidget\",\"name\":\"Categories\",\"number_display\":5}','2023-06-02 01:09:16','2023-06-02 01:09:16'),(4,'BlogTagsWidget','primary_sidebar','miranda',2,'{\"id\":\"BlogTagsWidget\",\"name\":\"Popular Tags\",\"number_display\":5}','2023-06-02 01:09:16','2023-06-02 01:09:16'),(5,'CustomMenuWidget','footer_sidebar','miranda-vi',0,'{\"id\":\"CustomMenuWidget\",\"name\":\"D\\u1ecbch v\\u1ee5.\",\"menu_id\":\"dich-vu\"}','2023-06-02 01:09:16','2023-06-02 01:09:16'),(6,'RecentPostsWidget','primary_sidebar','miranda-vi',0,'{\"id\":\"RecentPostsWidget\",\"name\":\"B\\u00e0i vi\\u1ebft g\\u1ea7n \\u0111\\u00e2y\",\"number_display\":5}','2023-06-02 01:09:16','2023-06-02 01:09:16'),(7,'BlogCategoriesWidget','primary_sidebar','miranda-vi',1,'{\"id\":\"BlogCategoriesWidget\",\"name\":\"Danh m\\u1ee5c\",\"number_display\":5}','2023-06-02 01:09:16','2023-06-02 01:09:16'),(8,'BlogTagsWidget','primary_sidebar','miranda-vi',2,'{\"id\":\"BlogTagsWidget\",\"name\":\"Tags ph\\u1ed5 bi\\u1ebfn\",\"number_display\":5}','2023-06-02 01:09:16','2023-06-02 01:09:16');
/*!40000 ALTER TABLE `widgets` ENABLE KEYS */;
UNLOCK TABLES;
/*!40103 SET TIME_ZONE=@OLD_TIME_ZONE */;

/*!40101 SET SQL_MODE=@OLD_SQL_MODE */;
/*!40014 SET FOREIGN_KEY_CHECKS=@OLD_FOREIGN_KEY_CHECKS */;
/*!40014 SET UNIQUE_CHECKS=@OLD_UNIQUE_CHECKS */;
/*!40101 SET CHARACTER_SET_CLIENT=@OLD_CHARACTER_SET_CLIENT */;
/*!40101 SET CHARACTER_SET_RESULTS=@OLD_CHARACTER_SET_RESULTS */;
/*!40101 SET COLLATION_CONNECTION=@OLD_COLLATION_CONNECTION */;
/*!40111 SET SQL_NOTES=@OLD_SQL_NOTES */;

-- Dump completed on 2023-06-02 15:09:35
